{
  "song_title": "Envy",
  "writer": "Frith Hilton",
  "release_date": "June 20, 2023",
  "cover": "https://frithhilton.com.ng/musicpool/covers/9/208.jpg",
  "id": "208",
  "lyrics": [
    {
      "line": "[Intro]",
      "annotations": {},
      "timestamp": "0"
    },
    {
      "line": "fuck!",
      "annotations": {},
      "timestamp": "0"
    },
    {
      "line": "Grand scene",
      "annotations": {},
      "timestamp": "0"
    },
    {
      "line": "Mark: dream",
      "annotations": {},
      "timestamp": "0"
    },
    {
      "line": "",
      "annotations": {},
      "timestamp": "0"
    },
    {
      "line": "[Verse 1]",
      "annotations": {},
      "timestamp": "0"
    },
    {
      "line": "Can’t see?",
      "annotations": {},
      "timestamp": "0"
    },
    {
      "line": "Past whim",
      "annotations": {},
      "timestamp": "0"
    },
    {
      "line": "Bootleg on that, it’s brim",
      "annotations": {},
      "timestamp": "0"
    },
    {
      "line": "Had to chew it",
      "annotations": {},
      "timestamp": "0"
    },
    {
      "line": "Deduce with perfect briefs",
      "annotations": {},
      "timestamp": "0"
    },
    {
      "line": "I harvest grieves",
      "annotations": {},
      "timestamp": "0"
    },
    {
      "line": "What’s this? the sheet?",
      "annotations": {},
      "timestamp": "0"
    },
    {
      "line": "Mine’s all too fit",
      "annotations": {},
      "timestamp": "0"
    },
    {
      "line": "I, caramel off your skin",
      "annotations": {},
      "timestamp": "0"
    },
    {
      "line": "Now you offer me a leach",
      "annotations": {},
      "timestamp": "0"
    },
    {
      "line": "Not you off my leach",
      "annotations": {},
      "timestamp": "0"
    },
    {
      "line": "(she gets it)",
      "annotations": {},
      "timestamp": "0"
    },
    {
      "line": "On stead and steady",
      "annotations": {},
      "timestamp": "0"
    },
    {
      "line": "Records with their postings",
      "annotations": {},
      "timestamp": "0"
    },
    {
      "line": "Corners, nooks and bruvs",
      "annotations": {},
      "timestamp": "0"
    },
    {
      "line": "What is your implore",
      "annotations": {},
      "timestamp": "0"
    },
    {
      "line": "What’s this boy?",
      "annotations": {},
      "timestamp": "0"
    },
    {
      "line": "That man could be something more",
      "annotations": {},
      "timestamp": "0"
    },
    {
      "line": "But I'm bored",
      "annotations": {},
      "timestamp": "0"
    },
    {
      "line": "Oh I took this doll, played that ball",
      "annotations": {},
      "timestamp": "0"
    },
    {
      "line": "We all saw . . .more scenes",
      "annotations": {},
      "timestamp": "0"
    },
    {
      "line": "Don’t less your forte",
      "annotations": {},
      "timestamp": "0"
    },
    {
      "line": "I too sell rapture",
      "annotations": {},
      "timestamp": "0"
    },
    {
      "line": "Was here before",
      "annotations": {},
      "timestamp": "0"
    },
    {
      "line": "Was hot for temperature",
      "annotations": {},
      "timestamp": "0"
    },
    {
      "line": "Let it go like the back of the never ending",
      "annotations": {},
      "timestamp": "0"
    },
    {
      "line": "I’m stuck in the barf of sucker ore in vain",
      "annotations": {},
      "timestamp": "0"
    },
    {
      "line": "I’m stuck in the back of something you envy",
      "annotations": {},
      "timestamp": "0"
    },
    {
      "line": "Legos in their braids and their glues in the gules",
      "annotations": {},
      "timestamp": "0"
    },
    {
      "line": "Chanting in pant, I weigh in the bills",
      "annotations": {},
      "timestamp": "0"
    },
    {
      "line": "Jack a pack, like abs in retrospect",
      "annotations": {},
      "timestamp": "0"
    },
    {
      "line": "All too pet, she’s all too wrenched",
      "annotations": {},
      "timestamp": "0"
    },
    {
      "line": "I dream, what’s flea? that’s cheek",
      "annotations": {},
      "timestamp": "0"
    },
    {
      "line": "Everyday is another better",
      "annotations": {},
      "timestamp": "0"
    },
    {
      "line": "Cos that girl’s wettin’ up the fetter",
      "annotations": {},
      "timestamp": "0"
    },
    {
      "line": "Fraca, back at her, come be that blat",
      "annotations": {},
      "timestamp": "0"
    },
    {
      "line": "What is more, you sure couldn’t be that",
      "annotations": {},
      "timestamp": "0"
    }
  ]
}