{
  "song_title": "Show me a girl",
  "writer": "Frith Hilton",
  "release_date": "June 24, 2023",
  "cover": "https://frithhilton.com.ng/musicpool/covers/9/210.jpg",
  "id": "210",
  "lyrics": [
    {
      "line": "[Intro]",
      "annotations": {},
      "timestamp": "0"
    },
    {
      "line": "Show me a girl",
      "annotations": {},
      "timestamp": "0"
    },
    {
      "line": "Tell me her name is nothing to tell",
      "annotations": {},
      "timestamp": "0"
    },
    {
      "line": "Show me a girl",
      "annotations": {},
      "timestamp": "0"
    },
    {
      "line": "Tell me her name is nothing to tell",
      "annotations": {},
      "timestamp": "0"
    },
    {
      "line": "",
      "annotations": {},
      "timestamp": "0"
    },
    {
      "line": "[Verse 1]",
      "annotations": {},
      "timestamp": "0"
    },
    {
      "line": "That could be kendall",
      "annotations": {},
      "timestamp": "0"
    },
    {
      "line": "Someday I will take paracetamol",
      "annotations": {},
      "timestamp": "0"
    },
    {
      "line": "Arm myself, that’s a never tool",
      "annotations": {},
      "timestamp": "0"
    },
    {
      "line": "I’m not looking for no one",
      "annotations": {},
      "timestamp": "0"
    },
    {
      "line": "That’s another bell",
      "annotations": {},
      "timestamp": "0"
    },
    {
      "line": "I just need that girl",
      "annotations": {},
      "timestamp": "0"
    },
    {
      "line": "She knows she makes me overtime",
      "annotations": {},
      "timestamp": "0"
    },
    {
      "line": "She will roll up",
      "annotations": {},
      "timestamp": "0"
    },
    {
      "line": "Share her roll up",
      "annotations": {},
      "timestamp": "0"
    },
    {
      "line": "And I'm real enough about a smoke up",
      "annotations": {},
      "timestamp": "0"
    },
    {
      "line": "It don’t mean that I'm a rebel to tail her",
      "annotations": {},
      "timestamp": "0"
    },
    {
      "line": "But annal looking at myself",
      "annotations": {},
      "timestamp": "0"
    },
    {
      "line": "I ‘on’t ever go up",
      "annotations": {},
      "timestamp": "0"
    },
    {
      "line": "I ‘on’t ever take time to freestyle",
      "annotations": {},
      "timestamp": "0"
    },
    {
      "line": "Be myself, like I'm tryna get this girl",
      "annotations": {},
      "timestamp": "0"
    },
    {
      "line": "Her name could be kendall jenner",
      "annotations": {},
      "timestamp": "0"
    },
    {
      "line": "I don’t know if she will pretend",
      "annotations": {},
      "timestamp": "0"
    },
    {
      "line": "That I'm unto her, wanna do her, I ran to her",
      "annotations": {},
      "timestamp": "0"
    },
    {
      "line": "And know who is coming for this",
      "annotations": {},
      "timestamp": "0"
    },
    {
      "line": "Oh he’s coming forward on this",
      "annotations": {},
      "timestamp": "0"
    },
    {
      "line": "That I'm unto her, I'm unto her, I'm unto her",
      "annotations": {},
      "timestamp": "0"
    },
    {
      "line": "In autumn",
      "annotations": {},
      "timestamp": "0"
    },
    {
      "line": "Fine, he’s over on this",
      "annotations": {},
      "timestamp": "0"
    },
    {
      "line": "She’s down to rim",
      "annotations": {},
      "timestamp": "0"
    },
    {
      "line": "",
      "annotations": {},
      "timestamp": "0"
    },
    {
      "line": "[Verse 2]",
      "annotations": {},
      "timestamp": "0"
    },
    {
      "line": "Well she’s probably a race",
      "annotations": {},
      "timestamp": "0"
    },
    {
      "line": "And I'm delirious",
      "annotations": {},
      "timestamp": "0"
    },
    {
      "line": "With my thoughts and my imagination",
      "annotations": {},
      "timestamp": "0"
    },
    {
      "line": "Somebody get a ring",
      "annotations": {},
      "timestamp": "0"
    },
    {
      "line": "I’ma about put a ring on her finger",
      "annotations": {},
      "timestamp": "0"
    },
    {
      "line": "I think I'm kinda lost on my screen",
      "annotations": {},
      "timestamp": "0"
    },
    {
      "line": "But I don’t spend enough time",
      "annotations": {},
      "timestamp": "0"
    },
    {
      "line": "I’m not really sure",
      "annotations": {},
      "timestamp": "0"
    },
    {
      "line": "I don’t get enough time out of this zone",
      "annotations": {},
      "timestamp": "0"
    },
    {
      "line": "I’m not myself that should be in the bone",
      "annotations": {},
      "timestamp": "0"
    },
    {
      "line": "That should be in the bone",
      "annotations": {},
      "timestamp": "0"
    },
    {
      "line": "I ‘on’t really go off",
      "annotations": {},
      "timestamp": "0"
    },
    {
      "line": "But I know that she makes my bum bum bum go",
      "annotations": {},
      "timestamp": "0"
    },
    {
      "line": "Like rap papa",
      "annotations": {},
      "timestamp": "0"
    },
    {
      "line": "I’m not sure what put me on these days",
      "annotations": {},
      "timestamp": "0"
    },
    {
      "line": "It’s probably that or that or that, or her smile",
      "annotations": {},
      "timestamp": "0"
    },
    {
      "line": "Probably could be the only reason",
      "annotations": {},
      "timestamp": "0"
    },
    {
      "line": "I’m always thinking of her buying",
      "annotations": {},
      "timestamp": "0"
    },
    {
      "line": "And if you get one",
      "annotations": {},
      "timestamp": "0"
    },
    {
      "line": "Better be someone",
      "annotations": {},
      "timestamp": "0"
    },
    {
      "line": "Who is gonna bring me like",
      "annotations": {},
      "timestamp": "0"
    },
    {
      "line": "Kendall is everywhere arresting me",
      "annotations": {},
      "timestamp": "0"
    },
    {
      "line": "Making me feel like I'm in a realer dream",
      "annotations": {},
      "timestamp": "0"
    },
    {
      "line": "I ‘on’t really know if it is, or he’d rather grin",
      "annotations": {},
      "timestamp": "0"
    },
    {
      "line": "But I know all I ever do is make hit",
      "annotations": {},
      "timestamp": "0"
    },
    {
      "line": "",
      "annotations": {},
      "timestamp": "0"
    },
    {
      "line": "[Outro]",
      "annotations": {},
      "timestamp": "0"
    },
    {
      "line": "Hum damn chain",
      "annotations": {},
      "timestamp": "0"
    },
    {
      "line": "Thinking on the shen",
      "annotations": {},
      "timestamp": "0"
    },
    {
      "line": "Thinking of her dream",
      "annotations": {},
      "timestamp": "0"
    },
    {
      "line": "Thinking of a time",
      "annotations": {},
      "timestamp": "0"
    },
    {
      "line": "When that dream will all be",
      "annotations": {},
      "timestamp": "0"
    },
    {
      "line": ". . . in the bill you know",
      "annotations": {},
      "timestamp": "0"
    },
    {
      "line": "Mehn",
      "annotations": {},
      "timestamp": "0"
    }
  ]
}