{
  "song_title": "On one",
  "writer": "Frith Hilton",
  "release_date": "July 12, 2023",
  "cover": "https://frithhilton.com.ng/musicpool/covers/9/212.jpg",
  "id": "212",
  "lyrics": [
    {
      "line": "[Chorus]",
      "annotations": {},
      "timestamp": "0"
    },
    {
      "line": "My mind’s on one",
      "annotations": {},
      "timestamp": "0"
    },
    {
      "line": "My time is undone",
      "annotations": {},
      "timestamp": "0"
    },
    {
      "line": "When I'm with another",
      "annotations": {},
      "timestamp": "0"
    },
    {
      "line": "My mind’s on one",
      "annotations": {},
      "timestamp": "0"
    },
    {
      "line": "My time is undone",
      "annotations": {},
      "timestamp": "0"
    },
    {
      "line": "When I'm with another",
      "annotations": {},
      "timestamp": "0"
    },
    {
      "line": "When I'm not with you",
      "annotations": {},
      "timestamp": "0"
    },
    {
      "line": "",
      "annotations": {},
      "timestamp": "0"
    },
    {
      "line": "[Verse 1]",
      "annotations": {},
      "timestamp": "0"
    },
    {
      "line": "You make me cry",
      "annotations": {},
      "timestamp": "0"
    },
    {
      "line": "You make it rain from the sky",
      "annotations": {},
      "timestamp": "0"
    },
    {
      "line": "Oh why you lead with a sign in weep",
      "annotations": {},
      "timestamp": "0"
    },
    {
      "line": "You, don’t you see that",
      "annotations": {},
      "timestamp": "0"
    },
    {
      "line": "You’re the girl that makes me flu",
      "annotations": {},
      "timestamp": "0"
    },
    {
      "line": "Feels many weeks before went that I was ensue",
      "annotations": {},
      "timestamp": "0"
    },
    {
      "line": "For how you make me feel",
      "annotations": {},
      "timestamp": "0"
    },
    {
      "line": "I’m saying bae",
      "annotations": {},
      "timestamp": "0"
    },
    {
      "line": "You’re a woman I would love",
      "annotations": {},
      "timestamp": "0"
    },
    {
      "line": "I love you, I love you",
      "annotations": {},
      "timestamp": "0"
    },
    {
      "line": "Even so well",
      "annotations": {},
      "timestamp": "0"
    },
    {
      "line": "Feels; I ever made it",
      "annotations": {},
      "timestamp": "0"
    },
    {
      "line": "So cold, I was too far away",
      "annotations": {},
      "timestamp": "0"
    },
    {
      "line": "May ignore the weather",
      "annotations": {},
      "timestamp": "0"
    },
    {
      "line": "It gets to us",
      "annotations": {},
      "timestamp": "0"
    },
    {
      "line": "And now I'm better",
      "annotations": {},
      "timestamp": "0"
    },
    {
      "line": "If I was the better",
      "annotations": {},
      "timestamp": "0"
    },
    {
      "line": "Could you edge me through it",
      "annotations": {},
      "timestamp": "0"
    },
    {
      "line": "Just be in the starting",
      "annotations": {},
      "timestamp": "0"
    },
    {
      "line": "Could you edge me through it",
      "annotations": {},
      "timestamp": "0"
    },
    {
      "line": "How I fell down on my own",
      "annotations": {},
      "timestamp": "0"
    },
    {
      "line": "Favourite use, how we fell",
      "annotations": {},
      "timestamp": "0"
    },
    {
      "line": "Help me see you through it all",
      "annotations": {},
      "timestamp": "0"
    },
    {
      "line": "When I'm down with my vole in will",
      "annotations": {},
      "timestamp": "0"
    },
    {
      "line": "Down with my whole will",
      "annotations": {},
      "timestamp": "0"
    },
    {
      "line": "Each bound",
      "annotations": {},
      "timestamp": "0"
    },
    {
      "line": "Cattle, open to work",
      "annotations": {},
      "timestamp": "0"
    },
    {
      "line": "All the way down",
      "annotations": {},
      "timestamp": "0"
    },
    {
      "line": "I’m in your haste",
      "annotations": {},
      "timestamp": "0"
    },
    {
      "line": "My whole rhyme is to solve her case",
      "annotations": {},
      "timestamp": "0"
    },
    {
      "line": "My moral height is to offer this",
      "annotations": {},
      "timestamp": "0"
    },
    {
      "line": "In mind, you’re the one",
      "annotations": {},
      "timestamp": "0"
    },
    {
      "line": "I’m yours before our peak converse",
      "annotations": {},
      "timestamp": "0"
    },
    {
      "line": "Hands down we have",
      "annotations": {},
      "timestamp": "0"
    },
    {
      "line": "Saying, we will never come back",
      "annotations": {},
      "timestamp": "0"
    },
    {
      "line": "I will never come back",
      "annotations": {},
      "timestamp": "0"
    },
    {
      "line": "Oh it is just this time",
      "annotations": {},
      "timestamp": "0"
    },
    {
      "line": "It is just this one time",
      "annotations": {},
      "timestamp": "0"
    },
    {
      "line": "Real time, all, all over",
      "annotations": {},
      "timestamp": "0"
    },
    {
      "line": "It is real time, it’s burning, burning",
      "annotations": {},
      "timestamp": "0"
    },
    {
      "line": "And the rain is falling",
      "annotations": {},
      "timestamp": "0"
    },
    {
      "line": "While my tears is falling",
      "annotations": {},
      "timestamp": "0"
    },
    {
      "line": "I can’t love this burning",
      "annotations": {},
      "timestamp": "0"
    },
    {
      "line": "Like my field isn’t grilling",
      "annotations": {},
      "timestamp": "0"
    }
  ]
}