{
  "song_title": "Boink",
  "writer": "Frith Hilton",
  "release_date": "July 13, 2023",
  "cover": "https://frithhilton.com.ng/musicpool/covers/9/213.jpg",
  "id": "213",
  "lyrics": [
    {
      "line": "[Verse 1]",
      "annotations": {},
      "timestamp": "0"
    },
    {
      "line": "Forward, not mine",
      "annotations": {},
      "timestamp": "0"
    },
    {
      "line": "For a worth, poignant",
      "annotations": {},
      "timestamp": "0"
    },
    {
      "line": "I think her mind the pun",
      "annotations": {},
      "timestamp": "0"
    },
    {
      "line": "Chimp, your wing pull",
      "annotations": {},
      "timestamp": "0"
    },
    {
      "line": "Chimp, you’re a wimp; pall",
      "annotations": {},
      "timestamp": "0"
    },
    {
      "line": "All year boink",
      "annotations": {},
      "timestamp": "0"
    },
    {
      "line": "I think I'ma stop",
      "annotations": {},
      "timestamp": "0"
    },
    {
      "line": "Tripin’ wearing pall",
      "annotations": {},
      "timestamp": "0"
    },
    {
      "line": "Chimp, you’re wearing pall",
      "annotations": {},
      "timestamp": "0"
    },
    {
      "line": "My he, y’all",
      "annotations": {},
      "timestamp": "0"
    },
    {
      "line": "Alright we’ll do it",
      "annotations": {},
      "timestamp": "0"
    },
    {
      "line": "How are you y’all",
      "annotations": {},
      "timestamp": "0"
    },
    {
      "line": "I love what you’re doing",
      "annotations": {},
      "timestamp": "0"
    },
    {
      "line": "Marry y’all",
      "annotations": {},
      "timestamp": "0"
    },
    {
      "line": "Oh what we doing?",
      "annotations": {},
      "timestamp": "0"
    },
    {
      "line": "I’m married, y’all are off",
      "annotations": {},
      "timestamp": "0"
    },
    {
      "line": "All day, do it",
      "annotations": {},
      "timestamp": "0"
    },
    {
      "line": "I just had a party to save",
      "annotations": {},
      "timestamp": "0"
    },
    {
      "line": "I ‘on’t get this discreet",
      "annotations": {},
      "timestamp": "0"
    },
    {
      "line": "My love is not bursting at the seams",
      "annotations": {},
      "timestamp": "0"
    },
    {
      "line": "So it is stuck and it’s sieve reen on a gun",
      "annotations": {},
      "timestamp": "0"
    },
    {
      "line": "damn it, we should give in",
      "annotations": {},
      "timestamp": "0"
    },
    {
      "line": "My love, I want you here for a rating",
      "annotations": {},
      "timestamp": "0"
    },
    {
      "line": "All over here, he is on the floor",
      "annotations": {},
      "timestamp": "0"
    }
  ]
}