{
  "song_title": "Oliver Sacks",
  "writer": "Frith Hilton",
  "release_date": "July 29, 2024",
  "cover": "https://frithhilton.com.ng/musicpool/covers/14/298.jpg",
  "mp3_url": "https://frithhilton.com.ng/mp3/14/1.)Oliver Sacks.mp3",
  "duration": 160.56,
  "id": "298",
  "lyrics": [
    {
      "line": "[Intro]",
      "annotations": {},
      "timestamp": "0"
    },
    {
      "line": "I’m on the come up",
      "annotations": {},
      "timestamp": "0"
    },
    {
      "line": "Voices in my head",
      "annotations": {},
      "timestamp": "0"
    },
    {
      "line": "Fresh boy chilling",
      "annotations": {},
      "timestamp": "0"
    },
    {
      "line": "They don’t let me be",
      "annotations": {},
      "timestamp": "0"
    },
    {
      "line": "I don’t even feel real",
      "annotations": {},
      "timestamp": "0"
    },
    {
      "line": "",
      "annotations": {},
      "timestamp": "0"
    },
    {
      "line": "[Verse 1]",
      "annotations": {},
      "timestamp": "0"
    },
    {
      "line": "I don’t feel real",
      "annotations": {},
      "timestamp": "0"
    },
    {
      "line": "Not on this one",
      "annotations": {},
      "timestamp": "0"
    },
    {
      "line": "I don’t feel real",
      "annotations": {},
      "timestamp": "0"
    },
    {
      "line": "Not a worry running in my mind",
      "annotations": {},
      "timestamp": "0"
    },
    {
      "line": "Sometimes I sound too young",
      "annotations": {},
      "timestamp": "0"
    },
    {
      "line": "Sometimes I feel",
      "annotations": {},
      "timestamp": "0"
    },
    {
      "line": "damn, I'm way too young",
      "annotations": {},
      "timestamp": "0"
    },
    {
      "line": "But this is not a time for growing up",
      "annotations": {},
      "timestamp": "0"
    },
    {
      "line": "This is time for putting bag of b lls",
      "annotations": {},
      "timestamp": "0"
    },
    {
      "line": "When I put my socks on",
      "annotations": {},
      "timestamp": "0"
    },
    {
      "line": "And I know I got that",
      "annotations": {},
      "timestamp": "0"
    },
    {
      "line": "Oh leave them",
      "annotations": {},
      "timestamp": "0"
    },
    {
      "line": "Dad stored the diaper",
      "annotations": {},
      "timestamp": "0"
    },
    {
      "line": "That’s the kind of thing that made me figure",
      "annotations": {},
      "timestamp": "0"
    },
    {
      "line": "Wait, I gotta act",
      "annotations": {},
      "timestamp": "0"
    },
    {
      "line": "And I'm not with this pad",
      "annotations": {},
      "timestamp": "0"
    },
    {
      "line": "Don’t @ me boy",
      "annotations": {},
      "timestamp": "0"
    },
    {
      "line": "And I'm tryna get this shit",
      "annotations": {},
      "timestamp": "0"
    },
    {
      "line": "Like it’s grammy girls",
      "annotations": {},
      "timestamp": "0"
    },
    {
      "line": "And they say they heard it",
      "annotations": {},
      "timestamp": "0"
    },
    {
      "line": "I’m about it",
      "annotations": {},
      "timestamp": "0"
    },
    {
      "line": "True l!cker, shove with that",
      "annotations": {},
      "timestamp": "0"
    },
    {
      "line": "Kid won, like he bridged your heart",
      "annotations": {},
      "timestamp": "0"
    },
    {
      "line": "I’m not down for your vibe",
      "annotations": {},
      "timestamp": "0"
    },
    {
      "line": "I’m not down like it’s a crime",
      "annotations": {},
      "timestamp": "0"
    },
    {
      "line": "I’m not down you can whine",
      "annotations": {},
      "timestamp": "0"
    },
    {
      "line": "I’m about that realer fly",
      "annotations": {},
      "timestamp": "0"
    },
    {
      "line": "",
      "annotations": {},
      "timestamp": "0"
    },
    {
      "line": "[Verse 2]",
      "annotations": {},
      "timestamp": "0"
    },
    {
      "line": "Who has my tracks? that’s a regular",
      "annotations": {},
      "timestamp": "0"
    },
    {
      "line": "That girl told me",
      "annotations": {},
      "timestamp": "0"
    },
    {
      "line": "She could be while she whiling",
      "annotations": {},
      "timestamp": "0"
    },
    {
      "line": "I’m looking for another time",
      "annotations": {},
      "timestamp": "0"
    },
    {
      "line": "Dad’s passing",
      "annotations": {},
      "timestamp": "0"
    },
    {
      "line": "That’s not me, no mummy",
      "annotations": {},
      "timestamp": "0"
    },
    {
      "line": "I’m not the parson",
      "annotations": {},
      "timestamp": "0"
    },
    {
      "line": "That’s not the pyramid",
      "annotations": {},
      "timestamp": "0"
    },
    {
      "line": "I swear, it’s not adding",
      "annotations": {},
      "timestamp": "0"
    },
    {
      "line": "I’m just tryna get it out of me",
      "annotations": {},
      "timestamp": "0"
    },
    {
      "line": "Need the half writ",
      "annotations": {},
      "timestamp": "0"
    },
    {
      "line": "Like oh gawd",
      "annotations": {},
      "timestamp": "0"
    },
    {
      "line": "I’m tryna get this coded out",
      "annotations": {},
      "timestamp": "0"
    },
    {
      "line": "I’m gonna get these fillers out",
      "annotations": {},
      "timestamp": "0"
    },
    {
      "line": "Like it’s now or rid",
      "annotations": {},
      "timestamp": "0"
    },
    {
      "line": "",
      "annotations": {},
      "timestamp": "0"
    },
    {
      "line": "[Verse 3]",
      "annotations": {},
      "timestamp": "0"
    },
    {
      "line": "While I'm on my own",
      "annotations": {},
      "timestamp": "0"
    },
    {
      "line": "I need to trail a rabbit",
      "annotations": {},
      "timestamp": "0"
    },
    {
      "line": "Like try and get it like",
      "annotations": {},
      "timestamp": "0"
    },
    {
      "line": "I’m hot, cooking rabid",
      "annotations": {},
      "timestamp": "0"
    },
    {
      "line": "But no time for diss",
      "annotations": {},
      "timestamp": "0"
    },
    {
      "line": "I have to go with this",
      "annotations": {},
      "timestamp": "0"
    },
    {
      "line": "Put it out, like I'm tryna corrupt this",
      "annotations": {},
      "timestamp": "0"
    },
    {
      "line": "Leak it out, freak it out",
      "annotations": {},
      "timestamp": "0"
    },
    {
      "line": "No I mean, I'm reading out",
      "annotations": {},
      "timestamp": "0"
    },
    {
      "line": "I’m chilling, domino",
      "annotations": {},
      "timestamp": "0"
    },
    {
      "line": "Now it’s the seeking out",
      "annotations": {},
      "timestamp": "0"
    },
    {
      "line": "I’m tryna fake it out",
      "annotations": {},
      "timestamp": "0"
    },
    {
      "line": "I’m tryna seek it out",
      "annotations": {},
      "timestamp": "0"
    },
    {
      "line": "This was their mission to me",
      "annotations": {},
      "timestamp": "0"
    },
    {
      "line": "damn I think I get it off",
      "annotations": {},
      "timestamp": "0"
    },
    {
      "line": "On the wrong share",
      "annotations": {},
      "timestamp": "0"
    },
    {
      "line": "I don’t ever hear no one",
      "annotations": {},
      "timestamp": "0"
    },
    {
      "line": "Who speaks like me around",
      "annotations": {},
      "timestamp": "0"
    },
    {
      "line": "And that’s not making me proud",
      "annotations": {},
      "timestamp": "0"
    },
    {
      "line": "Or helping me, or tryna make me",
      "annotations": {},
      "timestamp": "0"
    },
    {
      "line": "I can go in one round",
      "annotations": {},
      "timestamp": "0"
    },
    {
      "line": "Men, I'mma fucking rob us",
      "annotations": {},
      "timestamp": "0"
    },
    {
      "line": "Like he his dub ish",
      "annotations": {},
      "timestamp": "0"
    },
    {
      "line": "Link in, like I try to get it",
      "annotations": {},
      "timestamp": "0"
    },
    {
      "line": "From the outer ovary ish",
      "annotations": {},
      "timestamp": "0"
    },
    {
      "line": "Hush? shit",
      "annotations": {},
      "timestamp": "0"
    },
    {
      "line": "They say I amount to oilish",
      "annotations": {},
      "timestamp": "0"
    },
    {
      "line": "I’m tryna get the goal",
      "annotations": {},
      "timestamp": "0"
    },
    {
      "line": "He’s not with your habit",
      "annotations": {},
      "timestamp": "0"
    }
  ]
}