{
  "song_title": "Oliver Sacks II",
  "writer": "Frith Hilton",
  "release_date": "July 29, 2024",
  "cover": "https://frithhilton.com.ng/musicpool/covers/14/299.jpg",
  "mp3_url": "https://frithhilton.com.ng/mp3/14/2.)Oliver Sacks II.mp3",
  "duration": 159.48,
  "id": "299",
  "lyrics": [
    {
      "line": "[Intro]",
      "annotations": {},
      "timestamp": "0"
    },
    {
      "line": "It’s a bang",
      "annotations": {},
      "timestamp": "0"
    },
    {
      "line": "And no one is",
      "annotations": {},
      "timestamp": "0"
    },
    {
      "line": "No one is in here",
      "annotations": {},
      "timestamp": "0"
    },
    {
      "line": "I’ve been a bad story teller",
      "annotations": {},
      "timestamp": "0"
    },
    {
      "line": "Fresh boy chilling",
      "annotations": {},
      "timestamp": "0"
    },
    {
      "line": "Time to get it back",
      "annotations": {},
      "timestamp": "0"
    },
    {
      "line": "",
      "annotations": {},
      "timestamp": "0"
    },
    {
      "line": "[Verse 1]",
      "annotations": {},
      "timestamp": "0"
    },
    {
      "line": "Looking at it from the right side",
      "annotations": {},
      "timestamp": "0"
    },
    {
      "line": "I had to tell him boy this is not a pile",
      "annotations": {},
      "timestamp": "0"
    },
    {
      "line": "I had to tell him look again",
      "annotations": {},
      "timestamp": "0"
    },
    {
      "line": "This is not a pie",
      "annotations": {},
      "timestamp": "0"
    },
    {
      "line": "I had to tell him again",
      "annotations": {},
      "timestamp": "0"
    },
    {
      "line": "This is not the right side",
      "annotations": {},
      "timestamp": "0"
    },
    {
      "line": "So I told him",
      "annotations": {},
      "timestamp": "0"
    },
    {
      "line": "You can go out there",
      "annotations": {},
      "timestamp": "0"
    },
    {
      "line": "You can be whatever you wanna be",
      "annotations": {},
      "timestamp": "0"
    },
    {
      "line": "But just don’t leak it out",
      "annotations": {},
      "timestamp": "0"
    },
    {
      "line": "That it’s from me",
      "annotations": {},
      "timestamp": "0"
    },
    {
      "line": "Cos I’ve been in this place",
      "annotations": {},
      "timestamp": "0"
    },
    {
      "line": "And my roof has been leaking",
      "annotations": {},
      "timestamp": "0"
    },
    {
      "line": "That means I have not got everything figured out",
      "annotations": {},
      "timestamp": "0"
    },
    {
      "line": "Like alibi, you can tell me",
      "annotations": {},
      "timestamp": "0"
    },
    {
      "line": "I’m still older",
      "annotations": {},
      "timestamp": "0"
    },
    {
      "line": "I can do whatever I want",
      "annotations": {},
      "timestamp": "0"
    },
    {
      "line": "A dime meet somе caller",
      "annotations": {},
      "timestamp": "0"
    },
    {
      "line": "Not with the fries",
      "annotations": {},
      "timestamp": "0"
    },
    {
      "line": "I’m in with thе pious",
      "annotations": {},
      "timestamp": "0"
    },
    {
      "line": "Stick to the same script",
      "annotations": {},
      "timestamp": "0"
    },
    {
      "line": "We’re still talking about that",
      "annotations": {},
      "timestamp": "0"
    },
    {
      "line": "",
      "annotations": {},
      "timestamp": "0"
    },
    {
      "line": "[Verse 2]",
      "annotations": {},
      "timestamp": "0"
    },
    {
      "line": "If you’re convinced that is the left",
      "annotations": {},
      "timestamp": "0"
    },
    {
      "line": "Then that could mean",
      "annotations": {},
      "timestamp": "0"
    },
    {
      "line": "That we’ve got nothing left",
      "annotations": {},
      "timestamp": "0"
    },
    {
      "line": "Cos this bar is not enough above us",
      "annotations": {},
      "timestamp": "0"
    },
    {
      "line": "So you can go out and go find your",
      "annotations": {},
      "timestamp": "0"
    },
    {
      "line": "Flax time, I mean the facts machine",
      "annotations": {},
      "timestamp": "0"
    },
    {
      "line": "Trying to get it out like",
      "annotations": {},
      "timestamp": "0"
    },
    {
      "line": "I never got the ashes",
      "annotations": {},
      "timestamp": "0"
    },
    {
      "line": "Out of the fucking place",
      "annotations": {},
      "timestamp": "0"
    },
    {
      "line": "Of their working her knees",
      "annotations": {},
      "timestamp": "0"
    },
    {
      "line": "Dude you never told me",
      "annotations": {},
      "timestamp": "0"
    },
    {
      "line": "You didn’t evolve in the world war",
      "annotations": {},
      "timestamp": "0"
    },
    {
      "line": "So waltz, get it out",
      "annotations": {},
      "timestamp": "0"
    },
    {
      "line": "Tell them you got her back",
      "annotations": {},
      "timestamp": "0"
    },
    {
      "line": "Tell them you chew it with her fat ass",
      "annotations": {},
      "timestamp": "0"
    },
    {
      "line": "And you can do it",
      "annotations": {},
      "timestamp": "0"
    },
    {
      "line": "Like it’s nothing with the facts asked",
      "annotations": {},
      "timestamp": "0"
    },
    {
      "line": "But never let them know",
      "annotations": {},
      "timestamp": "0"
    },
    {
      "line": "You ain’t got no heart hacks",
      "annotations": {},
      "timestamp": "0"
    },
    {
      "line": "So let me, I can give you free keys",
      "annotations": {},
      "timestamp": "0"
    },
    {
      "line": "Hike in lekki",
      "annotations": {},
      "timestamp": "0"
    },
    {
      "line": "Know that it’s not about the lead keys",
      "annotations": {},
      "timestamp": "0"
    },
    {
      "line": "You know we had that for over a century",
      "annotations": {},
      "timestamp": "0"
    },
    {
      "line": "And you were still born",
      "annotations": {},
      "timestamp": "0"
    },
    {
      "line": "So what’s with the fucking internet",
      "annotations": {},
      "timestamp": "0"
    },
    {
      "line": "I’m still with the fucking baton",
      "annotations": {},
      "timestamp": "0"
    },
    {
      "line": "Not over love, while you’re stuck with your card in",
      "annotations": {},
      "timestamp": "0"
    },
    {
      "line": "No, he never told me I could even do it",
      "annotations": {},
      "timestamp": "0"
    },
    {
      "line": "In front and out of the booth",
      "annotations": {},
      "timestamp": "0"
    },
    {
      "line": "So you know you got take it to the vision",
      "annotations": {},
      "timestamp": "0"
    },
    {
      "line": "Legal, it’s not me",
      "annotations": {},
      "timestamp": "0"
    },
    {
      "line": "I’m just seeking with the he shuns",
      "annotations": {},
      "timestamp": "0"
    },
    {
      "line": "",
      "annotations": {},
      "timestamp": "0"
    },
    {
      "line": "[Verse 3]",
      "annotations": {},
      "timestamp": "0"
    },
    {
      "line": "Yeah, if he ever has eyes on your ancient",
      "annotations": {},
      "timestamp": "0"
    },
    {
      "line": "Then you couldn’t take it out",
      "annotations": {},
      "timestamp": "0"
    },
    {
      "line": "Tell him all of the tees, it’s yours I paid",
      "annotations": {},
      "timestamp": "0"
    },
    {
      "line": "Dial on me there",
      "annotations": {},
      "timestamp": "0"
    },
    {
      "line": "You can go fuck yourself off in the",
      "annotations": {},
      "timestamp": "0"
    },
    {
      "line": "(laughter)",
      "annotations": {},
      "timestamp": "0"
    },
    {
      "line": "Penetrate, sure yeah",
      "annotations": {},
      "timestamp": "0"
    },
    {
      "line": "All you ever think is daddy I average in numb",
      "annotations": {},
      "timestamp": "0"
    },
    {
      "line": "I’m locking it out",
      "annotations": {},
      "timestamp": "0"
    },
    {
      "line": "I’m locking it back",
      "annotations": {},
      "timestamp": "0"
    },
    {
      "line": "Tryna get my soulmate",
      "annotations": {},
      "timestamp": "0"
    },
    {
      "line": "This is not a rehearsal",
      "annotations": {},
      "timestamp": "0"
    },
    {
      "line": "This is my piece",
      "annotations": {},
      "timestamp": "0"
    },
    {
      "line": "This is my peace",
      "annotations": {},
      "timestamp": "0"
    },
    {
      "line": "Come back here",
      "annotations": {},
      "timestamp": "0"
    },
    {
      "line": "I told you",
      "annotations": {},
      "timestamp": "0"
    },
    {
      "line": "This is my piece",
      "annotations": {},
      "timestamp": "0"
    },
    {
      "line": "I lost one time",
      "annotations": {},
      "timestamp": "0"
    },
    {
      "line": "But not this time",
      "annotations": {},
      "timestamp": "0"
    },
    {
      "line": "Weekend out",
      "annotations": {},
      "timestamp": "0"
    },
    {
      "line": "Feeling like it’s my whine",
      "annotations": {},
      "timestamp": "0"
    },
    {
      "line": "My wine cos it’s mine",
      "annotations": {},
      "timestamp": "0"
    }
  ]
}