{
  "song_title": "Palacio de la Zarzuela",
  "writer": "Frith Hilton",
  "release_date": "July 30, 2024",
  "cover": "https://frithhilton.com.ng/musicpool/covers/14/300.jpg",
  "mp3_url": "https://frithhilton.com.ng/mp3/14/3.)Palacio de la Zarzuela.mp3",
  "duration": 151.56,
  "id": "300",
  "lyrics": [
    {
      "line": "[Intro]",
      "annotations": {},
      "timestamp": "0"
    },
    {
      "line": "Fresh boy chilling",
      "annotations": {},
      "timestamp": "0"
    },
    {
      "line": "Billie jean is not my lover",
      "annotations": {},
      "timestamp": "0"
    },
    {
      "line": "Billie jean is not my lover",
      "annotations": {},
      "timestamp": "0"
    },
    {
      "line": "She’s got to go",
      "annotations": {},
      "timestamp": "0"
    },
    {
      "line": "She’s got to go",
      "annotations": {},
      "timestamp": "0"
    },
    {
      "line": "Billie jean is not my lover",
      "annotations": {},
      "timestamp": "0"
    },
    {
      "line": "",
      "annotations": {},
      "timestamp": "0"
    },
    {
      "line": "[Verse 1]",
      "annotations": {},
      "timestamp": "0"
    },
    {
      "line": "I wake up in the morning",
      "annotations": {},
      "timestamp": "0"
    },
    {
      "line": "And I take a selfie",
      "annotations": {},
      "timestamp": "0"
    },
    {
      "line": "The sun is at the back",
      "annotations": {},
      "timestamp": "0"
    },
    {
      "line": "And a bird is smiling",
      "annotations": {},
      "timestamp": "0"
    },
    {
      "line": "I don’t hear voices",
      "annotations": {},
      "timestamp": "0"
    },
    {
      "line": "I think it’s boring",
      "annotations": {},
      "timestamp": "0"
    },
    {
      "line": "It’s boring",
      "annotations": {},
      "timestamp": "0"
    },
    {
      "line": "Back in the ghetto",
      "annotations": {},
      "timestamp": "0"
    },
    {
      "line": "damn, I had so much fun",
      "annotations": {},
      "timestamp": "0"
    },
    {
      "line": "All the ladies screaming",
      "annotations": {},
      "timestamp": "0"
    },
    {
      "line": "Like where is the fun",
      "annotations": {},
      "timestamp": "0"
    },
    {
      "line": "damn, the males they be hanging",
      "annotations": {},
      "timestamp": "0"
    },
    {
      "line": "Where it’s wrong",
      "annotations": {},
      "timestamp": "0"
    },
    {
      "line": "I be acting like I don’t gift",
      "annotations": {},
      "timestamp": "0"
    },
    {
      "line": "I’m just fronting",
      "annotations": {},
      "timestamp": "0"
    },
    {
      "line": "",
      "annotations": {},
      "timestamp": "0"
    },
    {
      "line": "[Verse 2]",
      "annotations": {},
      "timestamp": "0"
    },
    {
      "line": "Money on my mind",
      "annotations": {},
      "timestamp": "0"
    },
    {
      "line": "I don’t give a fuck",
      "annotations": {},
      "timestamp": "0"
    },
    {
      "line": "It’s my life",
      "annotations": {},
      "timestamp": "0"
    },
    {
      "line": "And I write hеre",
      "annotations": {},
      "timestamp": "0"
    },
    {
      "line": "They acting like thеy know what it’s about",
      "annotations": {},
      "timestamp": "0"
    },
    {
      "line": "I say they’re just fumbling",
      "annotations": {},
      "timestamp": "0"
    },
    {
      "line": "Winnow, get it off",
      "annotations": {},
      "timestamp": "0"
    },
    {
      "line": "I say, no! it’s my turf",
      "annotations": {},
      "timestamp": "0"
    },
    {
      "line": "Walking with my legs",
      "annotations": {},
      "timestamp": "0"
    },
    {
      "line": "Like it’s for fun",
      "annotations": {},
      "timestamp": "0"
    },
    {
      "line": "Even on a holiday",
      "annotations": {},
      "timestamp": "0"
    },
    {
      "line": "I go for my walks",
      "annotations": {},
      "timestamp": "0"
    },
    {
      "line": "damn, I love it",
      "annotations": {},
      "timestamp": "0"
    },
    {
      "line": "I can’t deny it",
      "annotations": {},
      "timestamp": "0"
    },
    {
      "line": "Bet this saying falls right to lorn",
      "annotations": {},
      "timestamp": "0"
    },
    {
      "line": "Now I'm feeling like I got a million pounds",
      "annotations": {},
      "timestamp": "0"
    },
    {
      "line": "Who would fuss",
      "annotations": {},
      "timestamp": "0"
    },
    {
      "line": "Gonna get me out of this mood",
      "annotations": {},
      "timestamp": "0"
    },
    {
      "line": "Not you, not me",
      "annotations": {},
      "timestamp": "0"
    },
    {
      "line": "Not anybody who’s about my stacks",
      "annotations": {},
      "timestamp": "0"
    },
    {
      "line": "Yeah, we got it right",
      "annotations": {},
      "timestamp": "0"
    },
    {
      "line": "Not you, not me",
      "annotations": {},
      "timestamp": "0"
    },
    {
      "line": "Not anybody say who’s about their racks",
      "annotations": {},
      "timestamp": "0"
    },
    {
      "line": "Tryna get it up",
      "annotations": {},
      "timestamp": "0"
    },
    {
      "line": "",
      "annotations": {},
      "timestamp": "0"
    },
    {
      "line": "[Verse 3]",
      "annotations": {},
      "timestamp": "0"
    },
    {
      "line": "I am with the club",
      "annotations": {},
      "timestamp": "0"
    },
    {
      "line": "I am with the rub",
      "annotations": {},
      "timestamp": "0"
    },
    {
      "line": "You can rob my heart",
      "annotations": {},
      "timestamp": "0"
    },
    {
      "line": "I can never take it back",
      "annotations": {},
      "timestamp": "0"
    },
    {
      "line": "I am about the store",
      "annotations": {},
      "timestamp": "0"
    },
    {
      "line": "Yeah, I put it in my nose if it is fresh",
      "annotations": {},
      "timestamp": "0"
    },
    {
      "line": "And I take no least",
      "annotations": {},
      "timestamp": "0"
    },
    {
      "line": "I’m just hanging with the best rush",
      "annotations": {},
      "timestamp": "0"
    },
    {
      "line": "(billie jean is not my lover)",
      "annotations": {},
      "timestamp": "0"
    },
    {
      "line": "She’s holy, wants to put it in my inbox",
      "annotations": {},
      "timestamp": "0"
    },
    {
      "line": "(billie jean is not my lover)",
      "annotations": {},
      "timestamp": "0"
    },
    {
      "line": "I told her, it is no love",
      "annotations": {},
      "timestamp": "0"
    },
    {
      "line": "That’s my girl",
      "annotations": {},
      "timestamp": "0"
    },
    {
      "line": "Hana mahmood",
      "annotations": {},
      "timestamp": "0"
    }
  ]
}