{
  "song_title": "The preacher",
  "writer": "Frith Hilton",
  "release_date": "August 10, 2024",
  "cover": "https://frithhilton.com.ng/musicpool/covers/14/301.jpg",
  "mp3_url": "https://frithhilton.com.ng/mp3/14/4.)The Preacher.mp3",
  "duration": 158.328,
  "id": "301",
  "lyrics": [
    {
      "line": "[Intro]",
      "annotations": {},
      "timestamp": "0"
    },
    {
      "line": "Fresh boy chilling",
      "annotations": {},
      "timestamp": "0"
    },
    {
      "line": "Let us get out of this town",
      "annotations": {},
      "timestamp": "0"
    },
    {
      "line": "We could say we wanna travel the world",
      "annotations": {},
      "timestamp": "0"
    },
    {
      "line": "I don’t wanna be around town",
      "annotations": {},
      "timestamp": "0"
    },
    {
      "line": "",
      "annotations": {},
      "timestamp": "0"
    },
    {
      "line": "[Verse 1]",
      "annotations": {},
      "timestamp": "0"
    },
    {
      "line": "Fly away",
      "annotations": {},
      "timestamp": "0"
    },
    {
      "line": "Get the crown",
      "annotations": {},
      "timestamp": "0"
    },
    {
      "line": "I get the frown",
      "annotations": {},
      "timestamp": "0"
    },
    {
      "line": "Telling of a one",
      "annotations": {},
      "timestamp": "0"
    },
    {
      "line": "That I don’t wanna leak you out",
      "annotations": {},
      "timestamp": "0"
    },
    {
      "line": "How do I get another mound",
      "annotations": {},
      "timestamp": "0"
    },
    {
      "line": "This ain’t better girl",
      "annotations": {},
      "timestamp": "0"
    },
    {
      "line": "When I tickle by, it doesn’t feel the same",
      "annotations": {},
      "timestamp": "0"
    },
    {
      "line": "Your heart reaching to his mind",
      "annotations": {},
      "timestamp": "0"
    },
    {
      "line": "Now we’ll never say it",
      "annotations": {},
      "timestamp": "0"
    },
    {
      "line": "I can read your love",
      "annotations": {},
      "timestamp": "0"
    },
    {
      "line": "",
      "annotations": {},
      "timestamp": "0"
    },
    {
      "line": "[Chorus]",
      "annotations": {},
      "timestamp": "0"
    },
    {
      "line": "Weekends always feel the same",
      "annotations": {},
      "timestamp": "0"
    },
    {
      "line": "Sundays, it’s all the same face",
      "annotations": {},
      "timestamp": "0"
    },
    {
      "line": "I don’t ever see no one here",
      "annotations": {},
      "timestamp": "0"
    },
    {
      "line": "Service, oh it’s all the same place",
      "annotations": {},
      "timestamp": "0"
    },
    {
      "line": "Sunday it’s always the same day",
      "annotations": {},
      "timestamp": "0"
    },
    {
      "line": "How I never ever see your face around here",
      "annotations": {},
      "timestamp": "0"
    },
    {
      "line": "I could be the priest",
      "annotations": {},
      "timestamp": "0"
    },
    {
      "line": "I could be the preacher",
      "annotations": {},
      "timestamp": "0"
    },
    {
      "line": "I just don’t wanna be with you in the crowd",
      "annotations": {},
      "timestamp": "0"
    },
    {
      "line": "I could be the priest",
      "annotations": {},
      "timestamp": "0"
    },
    {
      "line": "I could be the preacher",
      "annotations": {},
      "timestamp": "0"
    },
    {
      "line": "I just gotta find you",
      "annotations": {},
      "timestamp": "0"
    },
    {
      "line": "",
      "annotations": {},
      "timestamp": "0"
    },
    {
      "line": "[Verse 2]",
      "annotations": {},
      "timestamp": "0"
    },
    {
      "line": "Loving on me",
      "annotations": {},
      "timestamp": "0"
    },
    {
      "line": "How hard it is",
      "annotations": {},
      "timestamp": "0"
    },
    {
      "line": "When you’re not fading",
      "annotations": {},
      "timestamp": "0"
    },
    {
      "line": "Wishing on a star",
      "annotations": {},
      "timestamp": "0"
    },
    {
      "line": "Wishing I keep it",
      "annotations": {},
      "timestamp": "0"
    },
    {
      "line": "Oh I'm hanging on a loose rope",
      "annotations": {},
      "timestamp": "0"
    },
    {
      "line": "Dating over the same memes",
      "annotations": {},
      "timestamp": "0"
    },
    {
      "line": "And friendships don’t last",
      "annotations": {},
      "timestamp": "0"
    },
    {
      "line": "When I need the pane",
      "annotations": {},
      "timestamp": "0"
    },
    {
      "line": "How do I ever get out the window",
      "annotations": {},
      "timestamp": "0"
    },
    {
      "line": "All I am",
      "annotations": {},
      "timestamp": "0"
    },
    {
      "line": "",
      "annotations": {},
      "timestamp": "0"
    },
    {
      "line": "[Chorus ii]",
      "annotations": {},
      "timestamp": "0"
    },
    {
      "line": "Weekends are the same",
      "annotations": {},
      "timestamp": "0"
    },
    {
      "line": "And sunday remains the same",
      "annotations": {},
      "timestamp": "0"
    },
    {
      "line": "Looking for you in a crowd",
      "annotations": {},
      "timestamp": "0"
    },
    {
      "line": "I see a better way",
      "annotations": {},
      "timestamp": "0"
    },
    {
      "line": "I could be the preacher",
      "annotations": {},
      "timestamp": "0"
    },
    {
      "line": "I could be the priest",
      "annotations": {},
      "timestamp": "0"
    },
    {
      "line": "I just need to see you",
      "annotations": {},
      "timestamp": "0"
    },
    {
      "line": "Winner face the crowd",
      "annotations": {},
      "timestamp": "0"
    },
    {
      "line": "In a crowd of faces",
      "annotations": {},
      "timestamp": "0"
    },
    {
      "line": "I just need to find you in a crowd of faces",
      "annotations": {},
      "timestamp": "0"
    },
    {
      "line": "Weekends are the same",
      "annotations": {},
      "timestamp": "0"
    },
    {
      "line": "And sunday it remains the same",
      "annotations": {},
      "timestamp": "0"
    },
    {
      "line": "I just wanna be the preacher",
      "annotations": {},
      "timestamp": "0"
    },
    {
      "line": "I just wanna be",
      "annotations": {},
      "timestamp": "0"
    },
    {
      "line": "",
      "annotations": {},
      "timestamp": "0"
    },
    {
      "line": "[Outro]",
      "annotations": {},
      "timestamp": "0"
    },
    {
      "line": "(laughter)",
      "annotations": {},
      "timestamp": "0"
    },
    {
      "line": "Man this guy is saying",
      "annotations": {},
      "timestamp": "0"
    },
    {
      "line": "And you guys aren’t vibing if it’s from theo",
      "annotations": {},
      "timestamp": "0"
    },
    {
      "line": "I ain’t deaf, I'm on some hurt there",
      "annotations": {},
      "timestamp": "0"
    },
    {
      "line": "You know, like I could…",
      "annotations": {},
      "timestamp": "0"
    },
    {
      "line": "Are you through",
      "annotations": {},
      "timestamp": "0"
    },
    {
      "line": "We’re chewing chew",
      "annotations": {},
      "timestamp": "0"
    },
    {
      "line": "Best behold",
      "annotations": {},
      "timestamp": "0"
    },
    {
      "line": "Fresh boy chilling",
      "annotations": {},
      "timestamp": "0"
    }
  ]
}