{
  "song_title": "Rick reflection",
  "writer": "Frith Hilton",
  "release_date": "August 13, 2024",
  "cover": "https://frithhilton.com.ng/musicpool/covers/14/302.jpg",
  "mp3_url": "https://frithhilton.com.ng/mp3/14/5.)Rick Reflection.mp3",
  "duration": 203.976,
  "id": "302",
  "lyrics": [
    {
      "line": "[Intro]",
      "annotations": {},
      "timestamp": "0"
    },
    {
      "line": "Fresh boy chilling",
      "annotations": {},
      "timestamp": "0"
    },
    {
      "line": "I am waking up",
      "annotations": {},
      "timestamp": "0"
    },
    {
      "line": "With a different feeling",
      "annotations": {},
      "timestamp": "0"
    },
    {
      "line": "In my heart, in my body",
      "annotations": {},
      "timestamp": "0"
    },
    {
      "line": "Yeah, it’s a different vibe",
      "annotations": {},
      "timestamp": "0"
    },
    {
      "line": "I hear swats",
      "annotations": {},
      "timestamp": "0"
    },
    {
      "line": "",
      "annotations": {},
      "timestamp": "0"
    },
    {
      "line": "[Chorus]",
      "annotations": {},
      "timestamp": "0"
    },
    {
      "line": "I’m with admission",
      "annotations": {},
      "timestamp": "0"
    },
    {
      "line": "Laughing with ambition",
      "annotations": {},
      "timestamp": "0"
    },
    {
      "line": "Oh rick reflection",
      "annotations": {},
      "timestamp": "0"
    },
    {
      "line": "Oh look at my mission",
      "annotations": {},
      "timestamp": "0"
    },
    {
      "line": "I get you all the time",
      "annotations": {},
      "timestamp": "0"
    },
    {
      "line": "All the time",
      "annotations": {},
      "timestamp": "0"
    },
    {
      "line": "",
      "annotations": {},
      "timestamp": "0"
    },
    {
      "line": "[Verse 1]",
      "annotations": {},
      "timestamp": "0"
    },
    {
      "line": "I wake up",
      "annotations": {},
      "timestamp": "0"
    },
    {
      "line": "With a different feeling",
      "annotations": {},
      "timestamp": "0"
    },
    {
      "line": "Not a sweat",
      "annotations": {},
      "timestamp": "0"
    },
    {
      "line": "That was on my insecurities",
      "annotations": {},
      "timestamp": "0"
    },
    {
      "line": "He’ll live by your son coming up",
      "annotations": {},
      "timestamp": "0"
    },
    {
      "line": "In a spellbook",
      "annotations": {},
      "timestamp": "0"
    },
    {
      "line": "The way you prep my head",
      "annotations": {},
      "timestamp": "0"
    },
    {
      "line": "And I feel that",
      "annotations": {},
      "timestamp": "0"
    },
    {
      "line": "I got a crop",
      "annotations": {},
      "timestamp": "0"
    },
    {
      "line": "With his step, puree sup",
      "annotations": {},
      "timestamp": "0"
    },
    {
      "line": "I get a feeling",
      "annotations": {},
      "timestamp": "0"
    },
    {
      "line": "I’m not amnesia aging",
      "annotations": {},
      "timestamp": "0"
    },
    {
      "line": "I ain’t got a legion",
      "annotations": {},
      "timestamp": "0"
    },
    {
      "line": "Ah oh",
      "annotations": {},
      "timestamp": "0"
    },
    {
      "line": "I get a feeling",
      "annotations": {},
      "timestamp": "0"
    },
    {
      "line": "I’m in, he’s healing",
      "annotations": {},
      "timestamp": "0"
    },
    {
      "line": "I am in remission",
      "annotations": {},
      "timestamp": "0"
    },
    {
      "line": "Ah oh",
      "annotations": {},
      "timestamp": "0"
    },
    {
      "line": "",
      "annotations": {},
      "timestamp": "0"
    },
    {
      "line": "[Verse 2]",
      "annotations": {},
      "timestamp": "0"
    },
    {
      "line": "Habit ambition",
      "annotations": {},
      "timestamp": "0"
    },
    {
      "line": "All time emission",
      "annotations": {},
      "timestamp": "0"
    },
    {
      "line": "Locked in on what you reaching for",
      "annotations": {},
      "timestamp": "0"
    },
    {
      "line": "As you fall",
      "annotations": {},
      "timestamp": "0"
    },
    {
      "line": "Lest your four walls",
      "annotations": {},
      "timestamp": "0"
    },
    {
      "line": "I get in, on advancе",
      "annotations": {},
      "timestamp": "0"
    },
    {
      "line": "I’m with ambition",
      "annotations": {},
      "timestamp": "0"
    },
    {
      "line": "Hope for recognition",
      "annotations": {},
      "timestamp": "0"
    },
    {
      "line": "Hopeful gеneration",
      "annotations": {},
      "timestamp": "0"
    },
    {
      "line": "I’m a new me",
      "annotations": {},
      "timestamp": "0"
    },
    {
      "line": "Hoping to help you in fall",
      "annotations": {},
      "timestamp": "0"
    },
    {
      "line": "Oh how you farrow",
      "annotations": {},
      "timestamp": "0"
    },
    {
      "line": "",
      "annotations": {},
      "timestamp": "0"
    },
    {
      "line": "[Verse 3]",
      "annotations": {},
      "timestamp": "0"
    },
    {
      "line": "Two picks",
      "annotations": {},
      "timestamp": "0"
    },
    {
      "line": "Looking for a next stick",
      "annotations": {},
      "timestamp": "0"
    },
    {
      "line": "I just gotta reveal",
      "annotations": {},
      "timestamp": "0"
    },
    {
      "line": "That I follow everytime",
      "annotations": {},
      "timestamp": "0"
    },
    {
      "line": "I wallow in it everytime",
      "annotations": {},
      "timestamp": "0"
    },
    {
      "line": "How do I get my heir",
      "annotations": {},
      "timestamp": "0"
    },
    {
      "line": "Her spade",
      "annotations": {},
      "timestamp": "0"
    },
    {
      "line": "I can’t have my whim",
      "annotations": {},
      "timestamp": "0"
    },
    {
      "line": "I can’t have her way",
      "annotations": {},
      "timestamp": "0"
    },
    {
      "line": "She just gotta stay",
      "annotations": {},
      "timestamp": "0"
    },
    {
      "line": "That is your bill on mine",
      "annotations": {},
      "timestamp": "0"
    },
    {
      "line": "Idol be mine",
      "annotations": {},
      "timestamp": "0"
    },
    {
      "line": "I’ve been nosy",
      "annotations": {},
      "timestamp": "0"
    },
    {
      "line": "Out of my head in a slippery rate",
      "annotations": {},
      "timestamp": "0"
    },
    {
      "line": "Your shit I'm revering",
      "annotations": {},
      "timestamp": "0"
    },
    {
      "line": "Affirming is deceiving",
      "annotations": {},
      "timestamp": "0"
    },
    {
      "line": "There is just taylor in my head",
      "annotations": {},
      "timestamp": "0"
    },
    {
      "line": "And that means",
      "annotations": {},
      "timestamp": "0"
    },
    {
      "line": "That I'm revealing it up",
      "annotations": {},
      "timestamp": "0"
    },
    {
      "line": "",
      "annotations": {},
      "timestamp": "0"
    },
    {
      "line": "[Outro]",
      "annotations": {},
      "timestamp": "0"
    },
    {
      "line": "Weighted mission",
      "annotations": {},
      "timestamp": "0"
    },
    {
      "line": "Often with ambition",
      "annotations": {},
      "timestamp": "0"
    },
    {
      "line": "Au fait that’s your reason",
      "annotations": {},
      "timestamp": "0"
    },
    {
      "line": "And she told me dear she said ed",
      "annotations": {},
      "timestamp": "0"
    },
    {
      "line": "I look better, when I'm with it",
      "annotations": {},
      "timestamp": "0"
    },
    {
      "line": "And that could mean that",
      "annotations": {},
      "timestamp": "0"
    },
    {
      "line": "Eye on her ignition",
      "annotations": {},
      "timestamp": "0"
    },
    {
      "line": "Awful when I'm bitching",
      "annotations": {},
      "timestamp": "0"
    },
    {
      "line": "Now with a patent to dreaming",
      "annotations": {},
      "timestamp": "0"
    },
    {
      "line": "And that could mean that I'm in the low hem",
      "annotations": {},
      "timestamp": "0"
    },
    {
      "line": "And I'm hoping that she with it",
      "annotations": {},
      "timestamp": "0"
    },
    {
      "line": "Oh oh",
      "annotations": {},
      "timestamp": "0"
    }
  ]
}