{
  "song_title": "Sex is everything",
  "writer": "Frith Hilton",
  "release_date": "August 15, 2024",
  "cover": "https://frithhilton.com.ng/musicpool/covers/14/304.jpg",
  "mp3_url": "https://frithhilton.com.ng/mp3/14/7.)Sex is everything.mp3",
  "duration": 218.52,
  "id": "304",
  "lyrics": [
    {
      "line": "[Intro]",
      "annotations": {},
      "timestamp": "0"
    },
    {
      "line": "Fresh boy chilling",
      "annotations": {},
      "timestamp": "0"
    },
    {
      "line": "sex could be everything",
      "annotations": {},
      "timestamp": "0"
    },
    {
      "line": "",
      "annotations": {},
      "timestamp": "0"
    },
    {
      "line": "[Verse 1]",
      "annotations": {},
      "timestamp": "0"
    },
    {
      "line": "If it is everything then I'm going up",
      "annotations": {},
      "timestamp": "0"
    },
    {
      "line": "If it is everything I'm going up",
      "annotations": {},
      "timestamp": "0"
    },
    {
      "line": "sex could be everything",
      "annotations": {},
      "timestamp": "0"
    },
    {
      "line": "sex could be everything",
      "annotations": {},
      "timestamp": "0"
    },
    {
      "line": "sex could be everything",
      "annotations": {},
      "timestamp": "0"
    },
    {
      "line": "sex could be everything",
      "annotations": {},
      "timestamp": "0"
    },
    {
      "line": "",
      "annotations": {},
      "timestamp": "0"
    },
    {
      "line": "[Verse 2]",
      "annotations": {},
      "timestamp": "0"
    },
    {
      "line": "That makes your body everything",
      "annotations": {},
      "timestamp": "0"
    },
    {
      "line": "When touching it",
      "annotations": {},
      "timestamp": "0"
    },
    {
      "line": "I’m kissing it",
      "annotations": {},
      "timestamp": "0"
    },
    {
      "line": "I’m loving it",
      "annotations": {},
      "timestamp": "0"
    },
    {
      "line": "sex could be everything",
      "annotations": {},
      "timestamp": "0"
    },
    {
      "line": "It could be everything",
      "annotations": {},
      "timestamp": "0"
    },
    {
      "line": "So convinced",
      "annotations": {},
      "timestamp": "0"
    },
    {
      "line": "sex is everything",
      "annotations": {},
      "timestamp": "0"
    },
    {
      "line": "How you make it еverything",
      "annotations": {},
      "timestamp": "0"
    },
    {
      "line": "Pulling on your hair",
      "annotations": {},
      "timestamp": "0"
    },
    {
      "line": "Holding my hand",
      "annotations": {},
      "timestamp": "0"
    },
    {
      "line": "Don’t you let go",
      "annotations": {},
      "timestamp": "0"
    },
    {
      "line": "sex could bе everything",
      "annotations": {},
      "timestamp": "0"
    },
    {
      "line": "This could be everything",
      "annotations": {},
      "timestamp": "0"
    },
    {
      "line": "sex is everything and more",
      "annotations": {},
      "timestamp": "0"
    },
    {
      "line": "",
      "annotations": {},
      "timestamp": "0"
    },
    {
      "line": "[Bridge]",
      "annotations": {},
      "timestamp": "0"
    },
    {
      "line": "What’s more",
      "annotations": {},
      "timestamp": "0"
    },
    {
      "line": "Let’s do it again",
      "annotations": {},
      "timestamp": "0"
    },
    {
      "line": "",
      "annotations": {},
      "timestamp": "0"
    },
    {
      "line": "[Verse 3]",
      "annotations": {},
      "timestamp": "0"
    },
    {
      "line": "Ticking my time",
      "annotations": {},
      "timestamp": "0"
    },
    {
      "line": "Break a foot in her door",
      "annotations": {},
      "timestamp": "0"
    },
    {
      "line": "I could tick her time",
      "annotations": {},
      "timestamp": "0"
    },
    {
      "line": "Just to take her bow",
      "annotations": {},
      "timestamp": "0"
    },
    {
      "line": "Break it down",
      "annotations": {},
      "timestamp": "0"
    },
    {
      "line": "Like I'm peddling",
      "annotations": {},
      "timestamp": "0"
    },
    {
      "line": "A guess on her ball",
      "annotations": {},
      "timestamp": "0"
    },
    {
      "line": "Her key reel",
      "annotations": {},
      "timestamp": "0"
    },
    {
      "line": "Like I'm drowning in her harp",
      "annotations": {},
      "timestamp": "0"
    },
    {
      "line": "",
      "annotations": {},
      "timestamp": "0"
    },
    {
      "line": "[Outro]",
      "annotations": {},
      "timestamp": "0"
    },
    {
      "line": "sex is everything",
      "annotations": {},
      "timestamp": "0"
    },
    {
      "line": "sex is everything",
      "annotations": {},
      "timestamp": "0"
    },
    {
      "line": "sex is everything",
      "annotations": {},
      "timestamp": "0"
    },
    {
      "line": "sex is everything",
      "annotations": {},
      "timestamp": "0"
    },
    {
      "line": "Everything, everything",
      "annotations": {},
      "timestamp": "0"
    }
  ]
}