{
  "song_title": "Crush",
  "writer": "Frith Hilton",
  "release_date": "August 28, 2024",
  "cover": "https://frithhilton.com.ng/musicpool/covers/14/307.jpg",
  "mp3_url": "https://frithhilton.com.ng/mp3/14/10.)Crush.mp3",
  "duration": 124.128,
  "id": "307",
  "lyrics": [
    {
      "line": "[Intro]",
      "annotations": {},
      "timestamp": "0"
    },
    {
      "line": "Fresh boy chilling",
      "annotations": {},
      "timestamp": "0"
    },
    {
      "line": "",
      "annotations": {},
      "timestamp": "0"
    },
    {
      "line": "[Verse 1]",
      "annotations": {},
      "timestamp": "0"
    },
    {
      "line": "Falling before we spiral",
      "annotations": {},
      "timestamp": "0"
    },
    {
      "line": "Fettered in banter",
      "annotations": {},
      "timestamp": "0"
    },
    {
      "line": "Hot in winter",
      "annotations": {},
      "timestamp": "0"
    },
    {
      "line": "Stuck in the center",
      "annotations": {},
      "timestamp": "0"
    },
    {
      "line": "",
      "annotations": {},
      "timestamp": "0"
    },
    {
      "line": "[Chorus]",
      "annotations": {},
      "timestamp": "0"
    },
    {
      "line": "Feelings of I lost her, you’re no longer in",
      "annotations": {},
      "timestamp": "0"
    },
    {
      "line": "Feelings of her luster lingering",
      "annotations": {},
      "timestamp": "0"
    },
    {
      "line": "Feelings of I lost her in lane, ringing her rein",
      "annotations": {},
      "timestamp": "0"
    },
    {
      "line": "Feelings of I lost her lingering",
      "annotations": {},
      "timestamp": "0"
    },
    {
      "line": "",
      "annotations": {},
      "timestamp": "0"
    },
    {
      "line": "[Verse 2]",
      "annotations": {},
      "timestamp": "0"
    },
    {
      "line": "Faded memories",
      "annotations": {},
      "timestamp": "0"
    },
    {
      "line": "Switching fantasies",
      "annotations": {},
      "timestamp": "0"
    },
    {
      "line": "Growing habits and dead ties",
      "annotations": {},
      "timestamp": "0"
    },
    {
      "line": "",
      "annotations": {},
      "timestamp": "0"
    },
    {
      "line": "[Chorus]",
      "annotations": {},
      "timestamp": "0"
    },
    {
      "line": "Feelings of I lost her, you’re no longer in",
      "annotations": {},
      "timestamp": "0"
    },
    {
      "line": "Feelings of her luster lingering",
      "annotations": {},
      "timestamp": "0"
    },
    {
      "line": "Feelings of I lost her in lane, ringing her rein",
      "annotations": {},
      "timestamp": "0"
    },
    {
      "line": "Feelings of I lost her lingering",
      "annotations": {},
      "timestamp": "0"
    }
  ]
}