{
  "song_title": "Jealousy",
  "writer": "Frith Hilton",
  "release_date": "September 14, 2024",
  "cover": "https://frithhilton.com.ng/musicpool/covers/14/308.jpg",
  "mp3_url": "https://frithhilton.com.ng/mp3/14/11.)Jealousy.mp3",
  "duration": 159.948,
  "id": "308",
  "lyrics": [
    {
      "line": "[Intro]",
      "annotations": {},
      "timestamp": "0"
    },
    {
      "line": "Fresh boy chilling",
      "annotations": {},
      "timestamp": "0"
    },
    {
      "line": "I just wanted you to know",
      "annotations": {},
      "timestamp": "0"
    },
    {
      "line": "Know, know, know, know",
      "annotations": {},
      "timestamp": "0"
    },
    {
      "line": "",
      "annotations": {},
      "timestamp": "0"
    },
    {
      "line": "[Verse 1]",
      "annotations": {},
      "timestamp": "0"
    },
    {
      "line": "For the time I know that",
      "annotations": {},
      "timestamp": "0"
    },
    {
      "line": "Waiting won’t solve a thing",
      "annotations": {},
      "timestamp": "0"
    },
    {
      "line": "Looking at the pace of my",
      "annotations": {},
      "timestamp": "0"
    },
    {
      "line": "Fraidy in this",
      "annotations": {},
      "timestamp": "0"
    },
    {
      "line": "Spear, you’re in on layers",
      "annotations": {},
      "timestamp": "0"
    },
    {
      "line": "I gotta let it go",
      "annotations": {},
      "timestamp": "0"
    },
    {
      "line": "Figure it out on my own",
      "annotations": {},
      "timestamp": "0"
    },
    {
      "line": "Wishing this wasn’t out of the broach",
      "annotations": {},
      "timestamp": "0"
    },
    {
      "line": "Waiting (weight in)",
      "annotations": {},
      "timestamp": "0"
    },
    {
      "line": "I’ll be waiting it is not leaving",
      "annotations": {},
      "timestamp": "0"
    },
    {
      "line": "This feeling of mine",
      "annotations": {},
      "timestamp": "0"
    },
    {
      "line": "I’ll be up playing in your face",
      "annotations": {},
      "timestamp": "0"
    },
    {
      "line": "Once again I have got to say",
      "annotations": {},
      "timestamp": "0"
    },
    {
      "line": "Do you love me?",
      "annotations": {},
      "timestamp": "0"
    },
    {
      "line": "Every time I am seeing you with another boy here",
      "annotations": {},
      "timestamp": "0"
    },
    {
      "line": "Do you love me?",
      "annotations": {},
      "timestamp": "0"
    },
    {
      "line": "For every time I am stuck on your page for",
      "annotations": {},
      "timestamp": "0"
    },
    {
      "line": "",
      "annotations": {},
      "timestamp": "0"
    },
    {
      "line": "[Verse 2]",
      "annotations": {},
      "timestamp": "0"
    },
    {
      "line": "Jealous feelings",
      "annotations": {},
      "timestamp": "0"
    },
    {
      "line": "Jealousy is taking my b tterflies higher",
      "annotations": {},
      "timestamp": "0"
    },
    {
      "line": "Seeming like everything you do to me",
      "annotations": {},
      "timestamp": "0"
    },
    {
      "line": "Has me slacklining",
      "annotations": {},
      "timestamp": "0"
    },
    {
      "line": "Falling, in my head girl I am fooling",
      "annotations": {},
      "timestamp": "0"
    },
    {
      "line": "On my screen girl it is boiling",
      "annotations": {},
      "timestamp": "0"
    },
    {
      "line": "This jealousy has me asking",
      "annotations": {},
      "timestamp": "0"
    },
    {
      "line": "",
      "annotations": {},
      "timestamp": "0"
    },
    {
      "line": "[Chorus]",
      "annotations": {},
      "timestamp": "0"
    },
    {
      "line": "Do you love me?",
      "annotations": {},
      "timestamp": "0"
    },
    {
      "line": "For the whomever, the other dudes",
      "annotations": {},
      "timestamp": "0"
    },
    {
      "line": "I’m like your rad dosh",
      "annotations": {},
      "timestamp": "0"
    },
    {
      "line": "Do you love me?",
      "annotations": {},
      "timestamp": "0"
    },
    {
      "line": "For the round, heading down order",
      "annotations": {},
      "timestamp": "0"
    },
    {
      "line": "Rescuing girl",
      "annotations": {},
      "timestamp": "0"
    },
    {
      "line": "Do you love me for the run?",
      "annotations": {},
      "timestamp": "0"
    },
    {
      "line": "Farther, order in her room",
      "annotations": {},
      "timestamp": "0"
    },
    {
      "line": "I’m going, I'm asking girl",
      "annotations": {},
      "timestamp": "0"
    },
    {
      "line": "Do you love me?",
      "annotations": {},
      "timestamp": "0"
    },
    {
      "line": "Further, harder, girl I'm going",
      "annotations": {},
      "timestamp": "0"
    },
    {
      "line": "I’m asking girl",
      "annotations": {},
      "timestamp": "0"
    },
    {
      "line": "Do you love me yeah?",
      "annotations": {},
      "timestamp": "0"
    },
    {
      "line": "",
      "annotations": {},
      "timestamp": "0"
    },
    {
      "line": "[Outro]",
      "annotations": {},
      "timestamp": "0"
    },
    {
      "line": "I wanna be the man",
      "annotations": {},
      "timestamp": "0"
    },
    {
      "line": "Fresh boy chilling",
      "annotations": {},
      "timestamp": "0"
    }
  ]
}