{
  "song_title": "Obligations",
  "writer": "Frith Hilton",
  "release_date": "September 14, 2024",
  "cover": "https://frithhilton.com.ng/musicpool/covers/14/309.jpg",
  "mp3_url": "https://frithhilton.com.ng/mp3/14/12.)Obligations.mp3",
  "duration": 173.232,
  "id": "309",
  "lyrics": [
    {
      "line": "[Intro]",
      "annotations": {},
      "timestamp": "0"
    },
    {
      "line": "Oh oh oh oh oh oh oh oh",
      "annotations": {},
      "timestamp": "0"
    },
    {
      "line": "Fresh boy chilling",
      "annotations": {},
      "timestamp": "0"
    },
    {
      "line": "",
      "annotations": {},
      "timestamp": "0"
    },
    {
      "line": "[Verse 1]",
      "annotations": {},
      "timestamp": "0"
    },
    {
      "line": "My coffee is dark",
      "annotations": {},
      "timestamp": "0"
    },
    {
      "line": "It is bitter",
      "annotations": {},
      "timestamp": "0"
    },
    {
      "line": "These obligations don’t feel they differ",
      "annotations": {},
      "timestamp": "0"
    },
    {
      "line": "Gotta get it right, got to get it right",
      "annotations": {},
      "timestamp": "0"
    },
    {
      "line": "I say a thousand times",
      "annotations": {},
      "timestamp": "0"
    },
    {
      "line": "I gotta get it right",
      "annotations": {},
      "timestamp": "0"
    },
    {
      "line": "",
      "annotations": {},
      "timestamp": "0"
    },
    {
      "line": "[Bridge]",
      "annotations": {},
      "timestamp": "0"
    },
    {
      "line": "This time, I just want to lay it out",
      "annotations": {},
      "timestamp": "0"
    },
    {
      "line": "How you hold me down, it ain’t fair",
      "annotations": {},
      "timestamp": "0"
    },
    {
      "line": "But this time, I just gotta let it out",
      "annotations": {},
      "timestamp": "0"
    },
    {
      "line": "How you holding me down, it ain’t fair",
      "annotations": {},
      "timestamp": "0"
    },
    {
      "line": "",
      "annotations": {},
      "timestamp": "0"
    },
    {
      "line": "[Verse 2]",
      "annotations": {},
      "timestamp": "0"
    },
    {
      "line": "I want to be like the rest of the boys",
      "annotations": {},
      "timestamp": "0"
    },
    {
      "line": "Tell me who is your favorite toy",
      "annotations": {},
      "timestamp": "0"
    },
    {
      "line": "Does he have a better smile",
      "annotations": {},
      "timestamp": "0"
    },
    {
      "line": "I never crank it anymore",
      "annotations": {},
      "timestamp": "0"
    },
    {
      "line": "Prattle everywhere",
      "annotations": {},
      "timestamp": "0"
    },
    {
      "line": "When I take a smile, I'm not in her affair",
      "annotations": {},
      "timestamp": "0"
    },
    {
      "line": "",
      "annotations": {},
      "timestamp": "0"
    },
    {
      "line": "[Bridge 2]",
      "annotations": {},
      "timestamp": "0"
    },
    {
      "line": "Cheating on my heart is how you make it fair",
      "annotations": {},
      "timestamp": "0"
    },
    {
      "line": "Telling me, what is",
      "annotations": {},
      "timestamp": "0"
    },
    {
      "line": "Isn’t it fair to be this close",
      "annotations": {},
      "timestamp": "0"
    },
    {
      "line": "Talking to you every time isn’t this colder",
      "annotations": {},
      "timestamp": "0"
    },
    {
      "line": "Loving you like I",
      "annotations": {},
      "timestamp": "0"
    },
    {
      "line": "I think I need to be sober",
      "annotations": {},
      "timestamp": "0"
    },
    {
      "line": "Waking up to your face, I need to get bolder",
      "annotations": {},
      "timestamp": "0"
    },
    {
      "line": "",
      "annotations": {},
      "timestamp": "0"
    },
    {
      "line": "[Verse 3]",
      "annotations": {},
      "timestamp": "0"
    },
    {
      "line": "So I am taking my time to get through with my feelings",
      "annotations": {},
      "timestamp": "0"
    },
    {
      "line": "Knowing my feelings",
      "annotations": {},
      "timestamp": "0"
    },
    {
      "line": "Is it not nut time",
      "annotations": {},
      "timestamp": "0"
    },
    {
      "line": "Want to spend a couple of seconds",
      "annotations": {},
      "timestamp": "0"
    },
    {
      "line": "Trying to fade out",
      "annotations": {},
      "timestamp": "0"
    },
    {
      "line": "",
      "annotations": {},
      "timestamp": "0"
    },
    {
      "line": "[Verse 4]",
      "annotations": {},
      "timestamp": "0"
    },
    {
      "line": "I’ve not been fair",
      "annotations": {},
      "timestamp": "0"
    },
    {
      "line": "Where I have been",
      "annotations": {},
      "timestamp": "0"
    },
    {
      "line": "Everywhere but there",
      "annotations": {},
      "timestamp": "0"
    },
    {
      "line": "Still, I want you to know",
      "annotations": {},
      "timestamp": "0"
    },
    {
      "line": "",
      "annotations": {},
      "timestamp": "0"
    },
    {
      "line": "[Verse 5]",
      "annotations": {},
      "timestamp": "0"
    },
    {
      "line": "Feeling like for share all the time",
      "annotations": {},
      "timestamp": "0"
    },
    {
      "line": "Do I give her my fair share all the time",
      "annotations": {},
      "timestamp": "0"
    },
    {
      "line": "Listen to my creep",
      "annotations": {},
      "timestamp": "0"
    },
    {
      "line": "When I see you, I can’t deny",
      "annotations": {},
      "timestamp": "0"
    },
    {
      "line": "I love her, I love her, I love her",
      "annotations": {},
      "timestamp": "0"
    },
    {
      "line": "",
      "annotations": {},
      "timestamp": "0"
    },
    {
      "line": "[Outro]",
      "annotations": {},
      "timestamp": "0"
    },
    {
      "line": "Ah! it’s feeling like a damn contract",
      "annotations": {},
      "timestamp": "0"
    },
    {
      "line": "Like, christ, fuck!",
      "annotations": {},
      "timestamp": "0"
    }
  ]
}