{
  "song_title": "Rust",
  "writer": "Frith Hilton",
  "release_date": "September 14, 2024",
  "cover": "",
  "mp3_url": "",
  "id": "310",
  "lyrics": [
  {
    "line": "[Intro]",
    "annotations": {}
  },
  {
    "line": "Get a better taste like my bad coffee",
    "annotations": {}
  },
  {
    "line": "I really try",
    "annotations": {}
  },
  {
    "line": "When I reply",
    "annotations": {}
  },
  {
    "line": "You coming back to me?",
    "annotations": {}
  },
  {
    "line": "",
    "annotations": {}
  },
  {
    "line": "[Verse 1]",
    "annotations": {}
  },
  {
    "line": "When I wake up",
    "annotations": {}
  },
  {
    "line": "I do with a broken heart",
    "annotations": {}
  },
  {
    "line": "My love don't seem to roll on back",
    "annotations": {}
  },
  {
    "line": "(Roll on back)",
    "annotations": {}
  },
  {
    "line": "And I try to put it on like a favorite sweater",
    "annotations": {}
  },
  {
    "line": "(Oh oh)",
    "annotations": {}
  },
  {
    "line": "Try my love",
    "annotations": {}
  },
  {
    "line": "If it fails, there will be reruns",
    "annotations": {}
  },
  {
    "line": "No I come undone",
    "annotations": {}
  },
  {
    "line": "(Come undone)",
    "annotations": {}
  },
  {
    "line": "",
    "annotations": {}
  },
  {
    "line": "[Verse 2]",
    "annotations": {}
  },
  {
    "line": "With this growing plan",
    "annotations": {}
  },
  {
    "line": "These following tracks",
    "annotations": {}
  },
  {
    "line": "(Headed for you)",
    "annotations": {}
  },
  {
    "line": "I'm hoping I see more than just smiles",
    "annotations": {}
  },
  {
    "line": "(I need this though)",
    "annotations": {}
  },
  {
    "line": "Words to let me on",
    "annotations": {}
  },
  {
    "line": "Because I feel trapped",
    "annotations": {}
  },
  {
    "line": "Every time and it doesn't end this feeling",
    "annotations": {}
  },
  {
    "line": "Even though I feel it is on you",
    "annotations": {}
  },
  {
    "line": "(I feel it's on you)",
    "annotations": {}
  },
  {
    "line": "(On you, on you, on you)",
    "annotations": {}
  },
  {
    "line": "You've got me stuck in a moshpit",
    "annotations": {}
  },
  {
    "line": "(Everything is about you)",
    "annotations": {}
  },
  {
    "line": "How you device your plans won't lead me on",
    "annotations": {}
  },
  {
    "line": "(Everything is about you)",
    "annotations": {}
  },
  {
    "line": "And you ever lead",
    "annotations": {}
  },
  {
    "line": "(Everything is about you)",
    "annotations": {}
  },
  {
    "line": "With a setback every time I try",
    "annotations": {}
  },
  {
    "line": "And now I'm saying goodbye",
    "annotations": {}
  },
  {
    "line": "(Goodbye)",
    "annotations": {}
  },
  {
    "line": "To every morning",
    "annotations": {}
  },
  {
    "line": "(It's my morning today)",
    "annotations": {}
  },
  {
    "line": "Hoping to celebrate a difference with a cup of coffee",
    "annotations": {}
  },
  {
    "line": "(Oh, oh)",
    "annotations": {}
  },
  {
    "line": "No more alcohol to my heartbreaks",
    "annotations": {}
  },
  {
    "line": "And now I'm feeling my brain, it's withering away",
    "annotations": {}
  },
  {
    "line": "I'm no sunshine",
    "annotations": {}
  },
  {
    "line": "So I'm saying it is just shine",
    "annotations": {}
  },
  {
    "line": "Even though it's dark in",
    "annotations": {}
  },
  {
    "line": "Knowing how to try",
    "annotations": {}
  },
  {
    "line": "Something I will buy, all over again",
    "annotations": {}
  },
  {
    "line": "And all over again, you sing to my ears",
    "annotations": {}
  },
  {
    "line": "I will buy it all over again",
    "annotations": {}
  },
  {
    "line": "Whole, singing your heart out",
    "annotations": {}
  },
  {
    "line": "Don't make me a failed numb",
    "annotations": {}
  },
  {
    "line": "",
    "annotations": {}
  },
  {
    "line": "[Outro]",
    "annotations": {}
  },
  {
    "line": "So, I don't wanna distrust",
    "annotations": {}
  },
  {
    "line": "I just wanna feel this rust",
    "annotations": {}
  }]
}