{
  "song_title": "Best cardigan",
  "writer": "Frith Hilton",
  "release_date": "September 17, 2024",
  "cover": "https://frithhilton.com.ng/musicpool/covers/14/311.jpg",
  "mp3_url": "https://frithhilton.com.ng/mp3/14/14.)Best cardigan.mp3",
  "duration": 159.372,
  "id": "311",
  "lyrics": [
    {
      "line": "[Intro]",
      "annotations": {},
      "timestamp": "0"
    },
    {
      "line": "Fresh boy chilling",
      "annotations": {},
      "timestamp": "0"
    },
    {
      "line": "",
      "annotations": {},
      "timestamp": "0"
    },
    {
      "line": "[Verse 1]",
      "annotations": {},
      "timestamp": "0"
    },
    {
      "line": "Speeding through love",
      "annotations": {},
      "timestamp": "0"
    },
    {
      "line": "Speeding through hearts",
      "annotations": {},
      "timestamp": "0"
    },
    {
      "line": "Names on my dashboard",
      "annotations": {},
      "timestamp": "0"
    },
    {
      "line": "I’m happy that my windscreen is free",
      "annotations": {},
      "timestamp": "0"
    },
    {
      "line": "(free)",
      "annotations": {},
      "timestamp": "0"
    },
    {
      "line": "I talk a lot about you to a friend",
      "annotations": {},
      "timestamp": "0"
    },
    {
      "line": "I met him at the other fiery bar",
      "annotations": {},
      "timestamp": "0"
    },
    {
      "line": "(she’s really beautiful)",
      "annotations": {},
      "timestamp": "0"
    },
    {
      "line": "Swear  fought for your heart remember",
      "annotations": {},
      "timestamp": "0"
    },
    {
      "line": "",
      "annotations": {},
      "timestamp": "0"
    },
    {
      "line": "[Chorus]",
      "annotations": {},
      "timestamp": "0"
    },
    {
      "line": "Probably don’t know him anymore",
      "annotations": {},
      "timestamp": "0"
    },
    {
      "line": "Harsh you don’t know me",
      "annotations": {},
      "timestamp": "0"
    },
    {
      "line": "These days  wonder",
      "annotations": {},
      "timestamp": "0"
    },
    {
      "line": "If you follow a decree in here",
      "annotations": {},
      "timestamp": "0"
    },
    {
      "line": "Saying don’t be, we’re into",
      "annotations": {},
      "timestamp": "0"
    },
    {
      "line": "I guess  am alone with my heart breaks",
      "annotations": {},
      "timestamp": "0"
    },
    {
      "line": "I’ll find a way to say",
      "annotations": {},
      "timestamp": "0"
    },
    {
      "line": "I’ve just got a break from the most",
      "annotations": {},
      "timestamp": "0"
    },
    {
      "line": "From the most",
      "annotations": {},
      "timestamp": "0"
    },
    {
      "line": "The best cardigan  ever had",
      "annotations": {},
      "timestamp": "0"
    },
    {
      "line": "",
      "annotations": {},
      "timestamp": "0"
    },
    {
      "line": "[Verse 2]",
      "annotations": {},
      "timestamp": "0"
    },
    {
      "line": "Everything turns around",
      "annotations": {},
      "timestamp": "0"
    },
    {
      "line": "When  look from the other side",
      "annotations": {},
      "timestamp": "0"
    },
    {
      "line": "Driving this fast",
      "annotations": {},
      "timestamp": "0"
    },
    {
      "line": "Hoping it will last",
      "annotations": {},
      "timestamp": "0"
    },
    {
      "line": "Feelings coming and going",
      "annotations": {},
      "timestamp": "0"
    },
    {
      "line": "Like the wind over here",
      "annotations": {},
      "timestamp": "0"
    },
    {
      "line": "I say ’ll be nothing",
      "annotations": {},
      "timestamp": "0"
    },
    {
      "line": "I’m over there",
      "annotations": {},
      "timestamp": "0"
    },
    {
      "line": "Looking at another girl",
      "annotations": {},
      "timestamp": "0"
    },
    {
      "line": "Hoping she’s not a friend",
      "annotations": {},
      "timestamp": "0"
    },
    {
      "line": "Often, she’s just a fan really",
      "annotations": {},
      "timestamp": "0"
    },
    {
      "line": "",
      "annotations": {},
      "timestamp": "0"
    },
    {
      "line": "[Chorus]",
      "annotations": {},
      "timestamp": "0"
    },
    {
      "line": "Probably don’t know him anymore",
      "annotations": {},
      "timestamp": "0"
    },
    {
      "line": "Harsh you don’t know me",
      "annotations": {},
      "timestamp": "0"
    },
    {
      "line": "These days  wonder",
      "annotations": {},
      "timestamp": "0"
    },
    {
      "line": "If you follow a decree in here",
      "annotations": {},
      "timestamp": "0"
    },
    {
      "line": "Saying don’t be, we’re into",
      "annotations": {},
      "timestamp": "0"
    },
    {
      "line": "I guess  am alone with my heart breaks",
      "annotations": {},
      "timestamp": "0"
    },
    {
      "line": "I’ll find a way to say",
      "annotations": {},
      "timestamp": "0"
    },
    {
      "line": "I’ve just got a break from the most",
      "annotations": {},
      "timestamp": "0"
    },
    {
      "line": "From the most",
      "annotations": {},
      "timestamp": "0"
    },
    {
      "line": "The best cardigan  ever had",
      "annotations": {},
      "timestamp": "0"
    }
  ]
}