{
  "song_title": "Home alone",
  "writer": "Frith Hilton",
  "release_date": "September 26, 2024",
  "cover": "https://frithhilton.com.ng/musicpool/covers/14/314.jpg",
  "mp3_url": "https://frithhilton.com.ng/mp3/14/17.)Home alone.mp3",
  "duration": 151.164,
  "id": "314",
  "lyrics": [
    {
      "line": "[Intro]",
      "annotations": {},
      "timestamp": "0"
    },
    {
      "line": "Nika mariana",
      "annotations": {},
      "timestamp": "0"
    },
    {
      "line": "(laughter)",
      "annotations": {},
      "timestamp": "0"
    },
    {
      "line": "",
      "annotations": {},
      "timestamp": "0"
    },
    {
      "line": "[Verse 1]",
      "annotations": {},
      "timestamp": "0"
    },
    {
      "line": "Have you seen a pretty girl walk around here",
      "annotations": {},
      "timestamp": "0"
    },
    {
      "line": "(walking around)",
      "annotations": {},
      "timestamp": "0"
    },
    {
      "line": "She could have your heart",
      "annotations": {},
      "timestamp": "0"
    },
    {
      "line": "Have you call out",
      "annotations": {},
      "timestamp": "0"
    },
    {
      "line": "(she got mine)",
      "annotations": {},
      "timestamp": "0"
    },
    {
      "line": "Help! (help)",
      "annotations": {},
      "timestamp": "0"
    },
    {
      "line": "I think she just spilled my heart in two",
      "annotations": {},
      "timestamp": "0"
    },
    {
      "line": "(oh oh)",
      "annotations": {},
      "timestamp": "0"
    },
    {
      "line": "Help, she just called home alone",
      "annotations": {},
      "timestamp": "0"
    },
    {
      "line": "(shhh)",
      "annotations": {},
      "timestamp": "0"
    },
    {
      "line": "Ping on my lover",
      "annotations": {},
      "timestamp": "0"
    },
    {
      "line": "I hope I get your response real fast",
      "annotations": {},
      "timestamp": "0"
    },
    {
      "line": "Talking to you",
      "annotations": {},
      "timestamp": "0"
    },
    {
      "line": "Everyday, don’t bother me no way",
      "annotations": {},
      "timestamp": "0"
    },
    {
      "line": "",
      "annotations": {},
      "timestamp": "0"
    },
    {
      "line": "[Verse 2]",
      "annotations": {},
      "timestamp": "0"
    },
    {
      "line": "I wish I could stare at her",
      "annotations": {},
      "timestamp": "0"
    },
    {
      "line": "In a manner and spill her garden",
      "annotations": {},
      "timestamp": "0"
    },
    {
      "line": "Wishing dreams come true",
      "annotations": {},
      "timestamp": "0"
    },
    {
      "line": "Break her out of her author",
      "annotations": {},
      "timestamp": "0"
    },
    {
      "line": "Like bеing in her fate",
      "annotations": {},
      "timestamp": "0"
    },
    {
      "line": "Favourite, pacе it",
      "annotations": {},
      "timestamp": "0"
    },
    {
      "line": "Oh I grieve my time away",
      "annotations": {},
      "timestamp": "0"
    },
    {
      "line": "When I'm, freaking",
      "annotations": {},
      "timestamp": "0"
    },
    {
      "line": "I don’t know what to say",
      "annotations": {},
      "timestamp": "0"
    },
    {
      "line": "Oh girl, not today",
      "annotations": {},
      "timestamp": "0"
    },
    {
      "line": "(not today)",
      "annotations": {},
      "timestamp": "0"
    },
    {
      "line": "Oh lover not today",
      "annotations": {},
      "timestamp": "0"
    },
    {
      "line": "(not today)",
      "annotations": {},
      "timestamp": "0"
    },
    {
      "line": "",
      "annotations": {},
      "timestamp": "0"
    },
    {
      "line": "[Verse 3]",
      "annotations": {},
      "timestamp": "0"
    },
    {
      "line": "I fall from high ground",
      "annotations": {},
      "timestamp": "0"
    },
    {
      "line": "To your warm hands my bride",
      "annotations": {},
      "timestamp": "0"
    },
    {
      "line": "(my bride)",
      "annotations": {},
      "timestamp": "0"
    },
    {
      "line": "How I'm feeling now",
      "annotations": {},
      "timestamp": "0"
    },
    {
      "line": "I couldn’t put down with a thousand words",
      "annotations": {},
      "timestamp": "0"
    },
    {
      "line": "(way)",
      "annotations": {},
      "timestamp": "0"
    },
    {
      "line": "I might have to write a whole prayer braille",
      "annotations": {},
      "timestamp": "0"
    },
    {
      "line": "Just to say I crave her visage",
      "annotations": {},
      "timestamp": "0"
    },
    {
      "line": "(pretty)",
      "annotations": {},
      "timestamp": "0"
    },
    {
      "line": "Feeling like grease to cars",
      "annotations": {},
      "timestamp": "0"
    },
    {
      "line": "Let’s go",
      "annotations": {},
      "timestamp": "0"
    },
    {
      "line": "",
      "annotations": {},
      "timestamp": "0"
    },
    {
      "line": "[Outro]",
      "annotations": {},
      "timestamp": "0"
    },
    {
      "line": "Fresh boy chilling",
      "annotations": {},
      "timestamp": "0"
    }
  ]
}