{
  "song_title": "Aureole sigh",
  "writer": "Frith Hilton",
  "release_date": "September 29, 2024",
  "cover": "https://frithhilton.com.ng/musicpool/covers/14/315.jpg",
  "mp3_url": "https://frithhilton.com.ng/mp3/14/18.)Aureole sigh.mp3",
  "duration": 153.54,
  "id": "315",
  "lyrics": [
    {
      "line": "[Intro]",
      "annotations": {},
      "timestamp": "0"
    },
    {
      "line": "Hey yo",
      "annotations": {},
      "timestamp": "0"
    },
    {
      "line": "Come around and see",
      "annotations": {},
      "timestamp": "0"
    },
    {
      "line": "Fresh boy chilling",
      "annotations": {},
      "timestamp": "0"
    },
    {
      "line": "",
      "annotations": {},
      "timestamp": "0"
    },
    {
      "line": "[Verse 1]",
      "annotations": {},
      "timestamp": "0"
    },
    {
      "line": "Many minks on me",
      "annotations": {},
      "timestamp": "0"
    },
    {
      "line": "Many eyes on my girl",
      "annotations": {},
      "timestamp": "0"
    },
    {
      "line": "Fly away with me",
      "annotations": {},
      "timestamp": "0"
    },
    {
      "line": "We could go aureole sigh",
      "annotations": {},
      "timestamp": "0"
    },
    {
      "line": "Fly away with me",
      "annotations": {},
      "timestamp": "0"
    },
    {
      "line": "We could go running town",
      "annotations": {},
      "timestamp": "0"
    },
    {
      "line": "Coot in now",
      "annotations": {},
      "timestamp": "0"
    },
    {
      "line": "Could now",
      "annotations": {},
      "timestamp": "0"
    },
    {
      "line": "Pin down, pen down",
      "annotations": {},
      "timestamp": "0"
    },
    {
      "line": "Everything I feel about",
      "annotations": {},
      "timestamp": "0"
    },
    {
      "line": "I’m good now",
      "annotations": {},
      "timestamp": "0"
    },
    {
      "line": "I’m coot now",
      "annotations": {},
      "timestamp": "0"
    },
    {
      "line": "Penning down",
      "annotations": {},
      "timestamp": "0"
    },
    {
      "line": "On everything I feel about you",
      "annotations": {},
      "timestamp": "0"
    },
    {
      "line": "",
      "annotations": {},
      "timestamp": "0"
    },
    {
      "line": "[Verse 2]",
      "annotations": {},
      "timestamp": "0"
    },
    {
      "line": "And I know what stops me",
      "annotations": {},
      "timestamp": "0"
    },
    {
      "line": "When I get to it",
      "annotations": {},
      "timestamp": "0"
    },
    {
      "line": "To where you at",
      "annotations": {},
      "timestamp": "0"
    },
    {
      "line": "I love how you bring your phone",
      "annotations": {},
      "timestamp": "0"
    },
    {
      "line": "And get to wave",
      "annotations": {},
      "timestamp": "0"
    },
    {
      "line": "Here to wet",
      "annotations": {},
      "timestamp": "0"
    },
    {
      "line": "When you put your thoughts and fade",
      "annotations": {},
      "timestamp": "0"
    },
    {
      "line": "I say to it",
      "annotations": {},
      "timestamp": "0"
    },
    {
      "line": "I’m not letting go",
      "annotations": {},
      "timestamp": "0"
    },
    {
      "line": "Not letting go",
      "annotations": {},
      "timestamp": "0"
    },
    {
      "line": "With you by side",
      "annotations": {},
      "timestamp": "0"
    },
    {
      "line": "",
      "annotations": {},
      "timestamp": "0"
    },
    {
      "line": "[Chorus]",
      "annotations": {},
      "timestamp": "0"
    },
    {
      "line": "Up in the air is where I'm living it up",
      "annotations": {},
      "timestamp": "0"
    },
    {
      "line": "Not down here",
      "annotations": {},
      "timestamp": "0"
    },
    {
      "line": "Old sins my down on the horde",
      "annotations": {},
      "timestamp": "0"
    },
    {
      "line": "I say, never been on earth",
      "annotations": {},
      "timestamp": "0"
    },
    {
      "line": "Up in the air is where I'm living it up",
      "annotations": {},
      "timestamp": "0"
    },
    {
      "line": "The soap don’t harm my soul",
      "annotations": {},
      "timestamp": "0"
    },
    {
      "line": "Never been on earth",
      "annotations": {},
      "timestamp": "0"
    },
    {
      "line": "Up in the air",
      "annotations": {},
      "timestamp": "0"
    },
    {
      "line": "Up in you",
      "annotations": {},
      "timestamp": "0"
    },
    {
      "line": "Just living it up",
      "annotations": {},
      "timestamp": "0"
    },
    {
      "line": "",
      "annotations": {},
      "timestamp": "0"
    },
    {
      "line": "[Verse 3]",
      "annotations": {},
      "timestamp": "0"
    },
    {
      "line": "Shy, trivial shit",
      "annotations": {},
      "timestamp": "0"
    },
    {
      "line": "Blabber shit",
      "annotations": {},
      "timestamp": "0"
    },
    {
      "line": "I get off fun linking all your hull",
      "annotations": {},
      "timestamp": "0"
    },
    {
      "line": "I get my foot in there",
      "annotations": {},
      "timestamp": "0"
    },
    {
      "line": "I’m meaning to say",
      "annotations": {},
      "timestamp": "0"
    },
    {
      "line": "I love you worst than I could say",
      "annotations": {},
      "timestamp": "0"
    },
    {
      "line": "I cry to find a power way",
      "annotations": {},
      "timestamp": "0"
    },
    {
      "line": "To let my seep carry it in",
      "annotations": {},
      "timestamp": "0"
    },
    {
      "line": "",
      "annotations": {},
      "timestamp": "0"
    },
    {
      "line": "[Chorus]",
      "annotations": {},
      "timestamp": "0"
    },
    {
      "line": "Up in the air is where I'm living it up",
      "annotations": {},
      "timestamp": "0"
    },
    {
      "line": "Not down here",
      "annotations": {},
      "timestamp": "0"
    },
    {
      "line": "Old sins my down on the horde",
      "annotations": {},
      "timestamp": "0"
    },
    {
      "line": "I say, never been on earth",
      "annotations": {},
      "timestamp": "0"
    },
    {
      "line": "Up in the air is where I'm living it up",
      "annotations": {},
      "timestamp": "0"
    },
    {
      "line": "The soap don’t harm my soul",
      "annotations": {},
      "timestamp": "0"
    },
    {
      "line": "Never been on earth",
      "annotations": {},
      "timestamp": "0"
    },
    {
      "line": "Up in the air",
      "annotations": {},
      "timestamp": "0"
    },
    {
      "line": "Up in you",
      "annotations": {},
      "timestamp": "0"
    },
    {
      "line": "Just living it up",
      "annotations": {},
      "timestamp": "0"
    },
    {
      "line": "",
      "annotations": {},
      "timestamp": "0"
    },
    {
      "line": "[Outro]",
      "annotations": {},
      "timestamp": "0"
    },
    {
      "line": "Oh oh",
      "annotations": {},
      "timestamp": "0"
    },
    {
      "line": "I can ride for certain",
      "annotations": {},
      "timestamp": "0"
    },
    {
      "line": "My foot",
      "annotations": {},
      "timestamp": "0"
    }
  ]
}