{
  "song_title": "First lines",
  "writer": "Frith Hilton",
  "release_date": "October 4, 2024",
  "cover": "https://frithhilton.com.ng/musicpool/covers/14/316.jpg",
  "mp3_url": "https://frithhilton.com.ng/mp3/14/19.)First lines.mp3",
  "duration": 85.608,
  "id": "316",
  "lyrics": [
    {
      "line": "[Chorus]",
      "annotations": {},
      "timestamp": "0"
    },
    {
      "line": "If I could I would",
      "annotations": {},
      "timestamp": "0"
    },
    {
      "line": "Any time any day any place",
      "annotations": {},
      "timestamp": "0"
    },
    {
      "line": "I’ll fall back over myself",
      "annotations": {},
      "timestamp": "0"
    },
    {
      "line": "Wish I accord the first lines",
      "annotations": {},
      "timestamp": "0"
    },
    {
      "line": "If I could I would",
      "annotations": {},
      "timestamp": "0"
    },
    {
      "line": "Any time any day any place",
      "annotations": {},
      "timestamp": "0"
    },
    {
      "line": "I’ll fall back over myself",
      "annotations": {},
      "timestamp": "0"
    },
    {
      "line": "Wish I accord the first lines",
      "annotations": {},
      "timestamp": "0"
    },
    {
      "line": "If I could I would",
      "annotations": {},
      "timestamp": "0"
    },
    {
      "line": "",
      "annotations": {},
      "timestamp": "0"
    },
    {
      "line": "[Verse 1]",
      "annotations": {},
      "timestamp": "0"
    },
    {
      "line": "I make mistakes",
      "annotations": {},
      "timestamp": "0"
    },
    {
      "line": "Coming up showing the same face",
      "annotations": {},
      "timestamp": "0"
    },
    {
      "line": "Asking like, too afraid",
      "annotations": {},
      "timestamp": "0"
    },
    {
      "line": "Well I'm in too deep",
      "annotations": {},
      "timestamp": "0"
    },
    {
      "line": "With my feelings acting too fit for it",
      "annotations": {},
      "timestamp": "0"
    },
    {
      "line": "Waking up to the same emotions",
      "annotations": {},
      "timestamp": "0"
    },
    {
      "line": "How I feel about you",
      "annotations": {},
      "timestamp": "0"
    },
    {
      "line": "Acting up when I feel the rush",
      "annotations": {},
      "timestamp": "0"
    },
    {
      "line": "I give a sob for the fiend",
      "annotations": {},
      "timestamp": "0"
    },
    {
      "line": "I feel run to, too long now",
      "annotations": {},
      "timestamp": "0"
    },
    {
      "line": "Get myself back",
      "annotations": {},
      "timestamp": "0"
    },
    {
      "line": "",
      "annotations": {},
      "timestamp": "0"
    },
    {
      "line": "[Outro]",
      "annotations": {},
      "timestamp": "0"
    },
    {
      "line": "Wish I accord the first lines",
      "annotations": {},
      "timestamp": "0"
    },
    {
      "line": "If I could I would",
      "annotations": {},
      "timestamp": "0"
    }
  ]
}