{
  "song_title": "Spaghetti code",
  "writer": "Frith Hilton",
  "release_date": "October 7, 2024",
  "cover": "https://frithhilton.com.ng/musicpool/covers/14/317.jpg",
  "mp3_url": "https://frithhilton.com.ng/mp3/14/20.)Spaghetti code.mp3",
  "duration": 171.828,
  "id": "317",
  "lyrics": [
    {
      "line": "[Verse 1]",
      "annotations": {},
      "timestamp": "0"
    },
    {
      "line": "I’ve been taking it slow",
      "annotations": {},
      "timestamp": "0"
    },
    {
      "line": "You should know",
      "annotations": {},
      "timestamp": "0"
    },
    {
      "line": "Love can be so",
      "annotations": {},
      "timestamp": "0"
    },
    {
      "line": "No invent goal",
      "annotations": {},
      "timestamp": "0"
    },
    {
      "line": "That’s how we’ll grow",
      "annotations": {},
      "timestamp": "0"
    },
    {
      "line": "Take the back road",
      "annotations": {},
      "timestamp": "0"
    },
    {
      "line": "Tell them you came through the front",
      "annotations": {},
      "timestamp": "0"
    },
    {
      "line": "But not the road",
      "annotations": {},
      "timestamp": "0"
    },
    {
      "line": "Straight to my soul",
      "annotations": {},
      "timestamp": "0"
    },
    {
      "line": "How you got that love, get go",
      "annotations": {},
      "timestamp": "0"
    },
    {
      "line": "Working my love, letting go",
      "annotations": {},
      "timestamp": "0"
    },
    {
      "line": "",
      "annotations": {},
      "timestamp": "0"
    },
    {
      "line": "[Verse 2]",
      "annotations": {},
      "timestamp": "0"
    },
    {
      "line": "And I never could",
      "annotations": {},
      "timestamp": "0"
    },
    {
      "line": "Play the role",
      "annotations": {},
      "timestamp": "0"
    },
    {
      "line": "But everything changes",
      "annotations": {},
      "timestamp": "0"
    },
    {
      "line": "Dad k!lls you",
      "annotations": {},
      "timestamp": "0"
    },
    {
      "line": "How you make it easy",
      "annotations": {},
      "timestamp": "0"
    },
    {
      "line": "I can’t feed it on my ed",
      "annotations": {},
      "timestamp": "0"
    },
    {
      "line": "Beating devil over h lls",
      "annotations": {},
      "timestamp": "0"
    },
    {
      "line": "My kiddy coat",
      "annotations": {},
      "timestamp": "0"
    },
    {
      "line": "How you see, he saw",
      "annotations": {},
      "timestamp": "0"
    },
    {
      "line": "And this love goes, never come back",
      "annotations": {},
      "timestamp": "0"
    },
    {
      "line": "This love goes, it never comes back",
      "annotations": {},
      "timestamp": "0"
    },
    {
      "line": "",
      "annotations": {},
      "timestamp": "0"
    },
    {
      "line": "[Verse 3]",
      "annotations": {},
      "timestamp": "0"
    },
    {
      "line": "We could just havе it here",
      "annotations": {},
      "timestamp": "0"
    },
    {
      "line": "Make it feel likе the air has changed",
      "annotations": {},
      "timestamp": "0"
    },
    {
      "line": "Have me meek, have me feeling paired",
      "annotations": {},
      "timestamp": "0"
    },
    {
      "line": "To you, not just how you see it",
      "annotations": {},
      "timestamp": "0"
    },
    {
      "line": "Something better",
      "annotations": {},
      "timestamp": "0"
    },
    {
      "line": "Not just how you can receive it",
      "annotations": {},
      "timestamp": "0"
    },
    {
      "line": "Something I can touch",
      "annotations": {},
      "timestamp": "0"
    },
    {
      "line": "How you make me feel",
      "annotations": {},
      "timestamp": "0"
    },
    {
      "line": "Something I can swallow",
      "annotations": {},
      "timestamp": "0"
    },
    {
      "line": "Likened to make me feel this good",
      "annotations": {},
      "timestamp": "0"
    },
    {
      "line": "",
      "annotations": {},
      "timestamp": "0"
    },
    {
      "line": "[Outro]",
      "annotations": {},
      "timestamp": "0"
    },
    {
      "line": "Turn lead out",
      "annotations": {},
      "timestamp": "0"
    },
    {
      "line": "Make you feel out of the whole world",
      "annotations": {},
      "timestamp": "0"
    },
    {
      "line": "Turn lead out",
      "annotations": {},
      "timestamp": "0"
    },
    {
      "line": "Make you feel out of the whole world",
      "annotations": {},
      "timestamp": "0"
    }
  ]
}