{
  "song_title": "Fire",
  "writer": "Frith Hilton",
  "release_date": "October 9, 2024",
  "cover": "https://frithhilton.com.ng/musicpool/covers/14/318.jpg",
  "mp3_url": "https://frithhilton.com.ng/mp3/14/21.)Fire.mp3",
  "duration": 148.968,
  "id": "318",
  "lyrics": [
    {
      "line": "[Intro]",
      "annotations": {},
      "timestamp": "0"
    },
    {
      "line": "Wait",
      "annotations": {},
      "timestamp": "0"
    },
    {
      "line": "Fresh boy chilling",
      "annotations": {},
      "timestamp": "0"
    },
    {
      "line": "How can she say it’s forever",
      "annotations": {},
      "timestamp": "0"
    },
    {
      "line": "And still need a bunch of this",
      "annotations": {},
      "timestamp": "0"
    },
    {
      "line": "",
      "annotations": {},
      "timestamp": "0"
    },
    {
      "line": "[Verse 1]",
      "annotations": {},
      "timestamp": "0"
    },
    {
      "line": "Fire",
      "annotations": {},
      "timestamp": "0"
    },
    {
      "line": "I say there is fire",
      "annotations": {},
      "timestamp": "0"
    },
    {
      "line": "No one is coming",
      "annotations": {},
      "timestamp": "0"
    },
    {
      "line": "I say there is fire",
      "annotations": {},
      "timestamp": "0"
    },
    {
      "line": "Fire in my loins",
      "annotations": {},
      "timestamp": "0"
    },
    {
      "line": "Fire in my heart",
      "annotations": {},
      "timestamp": "0"
    },
    {
      "line": "Fire in my loins",
      "annotations": {},
      "timestamp": "0"
    },
    {
      "line": "I’ve got none",
      "annotations": {},
      "timestamp": "0"
    },
    {
      "line": "No water",
      "annotations": {},
      "timestamp": "0"
    },
    {
      "line": "Burning louder",
      "annotations": {},
      "timestamp": "0"
    },
    {
      "line": "And now you make it",
      "annotations": {},
      "timestamp": "0"
    },
    {
      "line": "Want it seem this dire in",
      "annotations": {},
      "timestamp": "0"
    },
    {
      "line": "I’m getting away",
      "annotations": {},
      "timestamp": "0"
    },
    {
      "line": "I don’t get in her way",
      "annotations": {},
      "timestamp": "0"
    },
    {
      "line": "Cos it’s fire",
      "annotations": {},
      "timestamp": "0"
    },
    {
      "line": "And it’s burning",
      "annotations": {},
      "timestamp": "0"
    },
    {
      "line": "Down deny it",
      "annotations": {},
      "timestamp": "0"
    },
    {
      "line": "How you want to give me here",
      "annotations": {},
      "timestamp": "0"
    },
    {
      "line": "",
      "annotations": {},
      "timestamp": "0"
    },
    {
      "line": "[Verse 2]",
      "annotations": {},
      "timestamp": "0"
    },
    {
      "line": "And I love it when I see your face",
      "annotations": {},
      "timestamp": "0"
    },
    {
      "line": "Taking a taste",
      "annotations": {},
      "timestamp": "0"
    },
    {
      "line": "Just the big enough",
      "annotations": {},
      "timestamp": "0"
    },
    {
      "line": "Hiding in the shadow of the lace",
      "annotations": {},
      "timestamp": "0"
    },
    {
      "line": "These drugs you make me take",
      "annotations": {},
      "timestamp": "0"
    },
    {
      "line": "Boy you ever gon feel the same",
      "annotations": {},
      "timestamp": "0"
    },
    {
      "line": "Jouissance, and I'm all for it",
      "annotations": {},
      "timestamp": "0"
    },
    {
      "line": "Going down",
      "annotations": {},
      "timestamp": "0"
    },
    {
      "line": "Not on my appetite for your love",
      "annotations": {},
      "timestamp": "0"
    },
    {
      "line": "Filling up every hole",
      "annotations": {},
      "timestamp": "0"
    },
    {
      "line": "That’s making up for playing your board",
      "annotations": {},
      "timestamp": "0"
    },
    {
      "line": "It’s all about that comes this wood",
      "annotations": {},
      "timestamp": "0"
    },
    {
      "line": "And I'm hoping it’s true",
      "annotations": {},
      "timestamp": "0"
    },
    {
      "line": "Cos it’s burning",
      "annotations": {},
      "timestamp": "0"
    },
    {
      "line": "And this water in my heart",
      "annotations": {},
      "timestamp": "0"
    },
    {
      "line": "It is not the water you know",
      "annotations": {},
      "timestamp": "0"
    },
    {
      "line": "Just say that I'm dirty soul",
      "annotations": {},
      "timestamp": "0"
    }
  ]
}