{
  "song_title": "Fish",
  "writer": "Frith Hilton",
  "release_date": "October 19, 2024",
  "cover": "https://frithhilton.com.ng/musicpool/covers/14/319.jpg",
  "mp3_url": "https://frithhilton.com.ng/mp3/14/22.)Fish.mp3",
  "duration": 137.988,
  "id": "319",
  "lyrics": [
    {
      "line": "[Intro]",
      "annotations": {},
      "timestamp": "0"
    },
    {
      "line": "Fresh boy chilling",
      "annotations": {},
      "timestamp": "0"
    },
    {
      "line": "",
      "annotations": {},
      "timestamp": "0"
    },
    {
      "line": "[Verse 1]",
      "annotations": {},
      "timestamp": "0"
    },
    {
      "line": "There are lots of pretty girls in here",
      "annotations": {},
      "timestamp": "0"
    },
    {
      "line": "There is fragrance in the air",
      "annotations": {},
      "timestamp": "0"
    },
    {
      "line": "I’m bidding my time",
      "annotations": {},
      "timestamp": "0"
    },
    {
      "line": "And though I'm coming for a girl",
      "annotations": {},
      "timestamp": "0"
    },
    {
      "line": "Crease in my lines",
      "annotations": {},
      "timestamp": "0"
    },
    {
      "line": "(I need to write on this)",
      "annotations": {},
      "timestamp": "0"
    },
    {
      "line": "Biggy, not afraid though",
      "annotations": {},
      "timestamp": "0"
    },
    {
      "line": "Seeking, not a g y here",
      "annotations": {},
      "timestamp": "0"
    },
    {
      "line": "How she tells me that",
      "annotations": {},
      "timestamp": "0"
    },
    {
      "line": "She’ll never get my freight in",
      "annotations": {},
      "timestamp": "0"
    },
    {
      "line": "I’m in her paper",
      "annotations": {},
      "timestamp": "0"
    },
    {
      "line": "Likened to savers",
      "annotations": {},
      "timestamp": "0"
    },
    {
      "line": "I get a car",
      "annotations": {},
      "timestamp": "0"
    },
    {
      "line": "She tell me I'm not fair",
      "annotations": {},
      "timestamp": "0"
    },
    {
      "line": "Told her, girl, that shit is not fitting",
      "annotations": {},
      "timestamp": "0"
    },
    {
      "line": "",
      "annotations": {},
      "timestamp": "0"
    },
    {
      "line": "[Bridge]",
      "annotations": {},
      "timestamp": "0"
    },
    {
      "line": "And I her try",
      "annotations": {},
      "timestamp": "0"
    },
    {
      "line": "Looking in my face",
      "annotations": {},
      "timestamp": "0"
    },
    {
      "line": "In the fucking amount of time",
      "annotations": {},
      "timestamp": "0"
    },
    {
      "line": "I try",
      "annotations": {},
      "timestamp": "0"
    },
    {
      "line": "Saying everything I am",
      "annotations": {},
      "timestamp": "0"
    },
    {
      "line": "I’m out hеre",
      "annotations": {},
      "timestamp": "0"
    },
    {
      "line": "",
      "annotations": {},
      "timestamp": "0"
    },
    {
      "line": "[Verse 2]",
      "annotations": {},
      "timestamp": "0"
    },
    {
      "line": "Motherfuckers wanna hold mе down",
      "annotations": {},
      "timestamp": "0"
    },
    {
      "line": "Like it’s not time to be gourmet",
      "annotations": {},
      "timestamp": "0"
    },
    {
      "line": "I don’t even know",
      "annotations": {},
      "timestamp": "0"
    },
    {
      "line": "Ain’t no fuckers around",
      "annotations": {},
      "timestamp": "0"
    },
    {
      "line": "That’s the darkest",
      "annotations": {},
      "timestamp": "0"
    },
    {
      "line": "It’s me on the mic",
      "annotations": {},
      "timestamp": "0"
    },
    {
      "line": "Cos I won’t let it b rule",
      "annotations": {},
      "timestamp": "0"
    },
    {
      "line": "And I'm skipping on my words",
      "annotations": {},
      "timestamp": "0"
    },
    {
      "line": "Like I'm skipping docks",
      "annotations": {},
      "timestamp": "0"
    },
    {
      "line": "But nobody says his stocks ever got her",
      "annotations": {},
      "timestamp": "0"
    },
    {
      "line": "I’m liking it",
      "annotations": {},
      "timestamp": "0"
    },
    {
      "line": "Cos I gotta aim this shot",
      "annotations": {},
      "timestamp": "0"
    },
    {
      "line": "Shots at the back of my mind",
      "annotations": {},
      "timestamp": "0"
    },
    {
      "line": "Like door on menace",
      "annotations": {},
      "timestamp": "0"
    },
    {
      "line": "Fin in up, cornmeals",
      "annotations": {},
      "timestamp": "0"
    },
    {
      "line": "All I ever had are darts",
      "annotations": {},
      "timestamp": "0"
    },
    {
      "line": "Come up higher, I say to myself",
      "annotations": {},
      "timestamp": "0"
    },
    {
      "line": "Why, we’re grinding harder",
      "annotations": {},
      "timestamp": "0"
    },
    {
      "line": "I’m looking at myself",
      "annotations": {},
      "timestamp": "0"
    },
    {
      "line": "Fishing out mummed thoughts",
      "annotations": {},
      "timestamp": "0"
    },
    {
      "line": "If they stay true",
      "annotations": {},
      "timestamp": "0"
    },
    {
      "line": "They will resonate with me",
      "annotations": {},
      "timestamp": "0"
    },
    {
      "line": "Ace in on my son",
      "annotations": {},
      "timestamp": "0"
    },
    {
      "line": "A man who really cares",
      "annotations": {},
      "timestamp": "0"
    },
    {
      "line": "For these thoughts, mum louder",
      "annotations": {},
      "timestamp": "0"
    },
    {
      "line": "If I fail, that’s my dot to her",
      "annotations": {},
      "timestamp": "0"
    },
    {
      "line": "If I rise, that’s my fish",
      "annotations": {},
      "timestamp": "0"
    },
    {
      "line": "The whole haircut, know that’s my official",
      "annotations": {},
      "timestamp": "0"
    },
    {
      "line": "(laughter)",
      "annotations": {},
      "timestamp": "0"
    },
    {
      "line": "That’s my fish",
      "annotations": {},
      "timestamp": "0"
    },
    {
      "line": "Yeah, that’s my fish",
      "annotations": {},
      "timestamp": "0"
    },
    {
      "line": "If I ride, that’s my fish",
      "annotations": {},
      "timestamp": "0"
    },
    {
      "line": "How I fucking go",
      "annotations": {},
      "timestamp": "0"
    }
  ]
}