{
  "song_title": "Greener",
  "writer": "Frith Hilton",
  "release_date": "October 23, 2024",
  "cover": "https://frithhilton.com.ng/musicpool/covers/14/320.jpg",
  "mp3_url": "https://frithhilton.com.ng/mp3/14/23.)Greener.mp3",
  "duration": 192.528,
  "id": "320",
  "lyrics": [
    {
      "line": "[Intro]",
      "annotations": {},
      "timestamp": "0"
    },
    {
      "line": "Fresh boy chilling",
      "annotations": {},
      "timestamp": "0"
    },
    {
      "line": "",
      "annotations": {},
      "timestamp": "0"
    },
    {
      "line": "[Verse 1]",
      "annotations": {},
      "timestamp": "0"
    },
    {
      "line": "Staying in the same place",
      "annotations": {},
      "timestamp": "0"
    },
    {
      "line": "What’s the way for?",
      "annotations": {},
      "timestamp": "0"
    },
    {
      "line": "Looking at the same dress",
      "annotations": {},
      "timestamp": "0"
    },
    {
      "line": "I’ll cop it",
      "annotations": {},
      "timestamp": "0"
    },
    {
      "line": "Boss, I copy",
      "annotations": {},
      "timestamp": "0"
    },
    {
      "line": "You need that",
      "annotations": {},
      "timestamp": "0"
    },
    {
      "line": "Girl, I’ll have it",
      "annotations": {},
      "timestamp": "0"
    },
    {
      "line": "It’s a hobby",
      "annotations": {},
      "timestamp": "0"
    },
    {
      "line": "Wanna hit that hard",
      "annotations": {},
      "timestamp": "0"
    },
    {
      "line": "Every fucking time",
      "annotations": {},
      "timestamp": "0"
    },
    {
      "line": "And she knows it that I am",
      "annotations": {},
      "timestamp": "0"
    },
    {
      "line": "A loose sucker for her love",
      "annotations": {},
      "timestamp": "0"
    },
    {
      "line": "",
      "annotations": {},
      "timestamp": "0"
    },
    {
      "line": "[Verse 2]",
      "annotations": {},
      "timestamp": "0"
    },
    {
      "line": "You’ve got me",
      "annotations": {},
      "timestamp": "0"
    },
    {
      "line": "Feeling bad when I'm away",
      "annotations": {},
      "timestamp": "0"
    },
    {
      "line": "Take a nice picture",
      "annotations": {},
      "timestamp": "0"
    },
    {
      "line": "Tell me I see the future too",
      "annotations": {},
      "timestamp": "0"
    },
    {
      "line": "We’re on the beach",
      "annotations": {},
      "timestamp": "0"
    },
    {
      "line": "I know I'm rich",
      "annotations": {},
      "timestamp": "0"
    },
    {
      "line": "You don’t gotta say it now",
      "annotations": {},
      "timestamp": "0"
    },
    {
      "line": "I’m tryna catch a fish",
      "annotations": {},
      "timestamp": "0"
    },
    {
      "line": "It’s no leak",
      "annotations": {},
      "timestamp": "0"
    },
    {
      "line": "The money is on seal",
      "annotations": {},
      "timestamp": "0"
    },
    {
      "line": "Waiting for my wiz",
      "annotations": {},
      "timestamp": "0"
    },
    {
      "line": "She knows, I'm smoking this harder",
      "annotations": {},
      "timestamp": "0"
    },
    {
      "line": "Oh oh",
      "annotations": {},
      "timestamp": "0"
    },
    {
      "line": "Girl when I look in it",
      "annotations": {},
      "timestamp": "0"
    },
    {
      "line": "I’m never coming down",
      "annotations": {},
      "timestamp": "0"
    },
    {
      "line": "No oh",
      "annotations": {},
      "timestamp": "0"
    },
    {
      "line": "Taking you ride on a boat",
      "annotations": {},
      "timestamp": "0"
    },
    {
      "line": "Girl, it’s never еnough of the groom calming down",
      "annotations": {},
      "timestamp": "0"
    },
    {
      "line": "Oh oh, she knows that I heart hеr too",
      "annotations": {},
      "timestamp": "0"
    },
    {
      "line": "Loving her ways I never did myself",
      "annotations": {},
      "timestamp": "0"
    },
    {
      "line": "Saying, I never say I'm groom for myself",
      "annotations": {},
      "timestamp": "0"
    },
    {
      "line": "She knows that",
      "annotations": {},
      "timestamp": "0"
    },
    {
      "line": "(laughter)",
      "annotations": {},
      "timestamp": "0"
    },
    {
      "line": "",
      "annotations": {},
      "timestamp": "0"
    },
    {
      "line": "[Verse 3]",
      "annotations": {},
      "timestamp": "0"
    },
    {
      "line": "I love her brothers",
      "annotations": {},
      "timestamp": "0"
    },
    {
      "line": "It’s the end of the day",
      "annotations": {},
      "timestamp": "0"
    },
    {
      "line": "They found out, we’re lovers",
      "annotations": {},
      "timestamp": "0"
    },
    {
      "line": "The crumb bout to mutter",
      "annotations": {},
      "timestamp": "0"
    },
    {
      "line": "Saying, I left her at the grass",
      "annotations": {},
      "timestamp": "0"
    },
    {
      "line": "(greener)",
      "annotations": {},
      "timestamp": "0"
    },
    {
      "line": "Telling of what becomes of love in a pulse",
      "annotations": {},
      "timestamp": "0"
    },
    {
      "line": "(it’s flourish, fluoride in my t  th)",
      "annotations": {},
      "timestamp": "0"
    },
    {
      "line": "I swore, it’s for sure, who I really am",
      "annotations": {},
      "timestamp": "0"
    },
    {
      "line": "Loving this way, gotta make you take a purse",
      "annotations": {},
      "timestamp": "0"
    },
    {
      "line": "Is that the kind of girl you love?",
      "annotations": {},
      "timestamp": "0"
    },
    {
      "line": "I say: woo!",
      "annotations": {},
      "timestamp": "0"
    },
    {
      "line": "I love it, I love it",
      "annotations": {},
      "timestamp": "0"
    },
    {
      "line": "Not letting you go",
      "annotations": {},
      "timestamp": "0"
    },
    {
      "line": "She knows we’re on this",
      "annotations": {},
      "timestamp": "0"
    },
    {
      "line": "I love it too",
      "annotations": {},
      "timestamp": "0"
    },
    {
      "line": "How she talking to me",
      "annotations": {},
      "timestamp": "0"
    },
    {
      "line": "That’s my boo",
      "annotations": {},
      "timestamp": "0"
    }
  ]
}