{
  "song_title": "Lens",
  "writer": "Frith Hilton",
  "release_date": "October 25, 2024",
  "cover": "https://frithhilton.com.ng/musicpool/covers/14/321.jpg",
  "mp3_url": "https://frithhilton.com.ng/mp3/14/24.)Lens.mp3",
  "duration": 185.22,
  "id": "321",
  "lyrics": [
    {
      "line": "[Intro]",
      "annotations": {},
      "timestamp": "0"
    },
    {
      "line": "Fresh boy chilling",
      "annotations": {},
      "timestamp": "0"
    },
    {
      "line": "",
      "annotations": {},
      "timestamp": "0"
    },
    {
      "line": "[Verse 1]",
      "annotations": {},
      "timestamp": "0"
    },
    {
      "line": "It’s sex on my mind",
      "annotations": {},
      "timestamp": "0"
    },
    {
      "line": "Feeling like it’s a minus",
      "annotations": {},
      "timestamp": "0"
    },
    {
      "line": "By the degree",
      "annotations": {},
      "timestamp": "0"
    },
    {
      "line": "I mean, it’s the average net",
      "annotations": {},
      "timestamp": "0"
    },
    {
      "line": "Telling me how you’ve got something bigger",
      "annotations": {},
      "timestamp": "0"
    },
    {
      "line": "Bigger bills",
      "annotations": {},
      "timestamp": "0"
    },
    {
      "line": "I’ve got the issue with the tissues",
      "annotations": {},
      "timestamp": "0"
    },
    {
      "line": "",
      "annotations": {},
      "timestamp": "0"
    },
    {
      "line": "[Verse 2]",
      "annotations": {},
      "timestamp": "0"
    },
    {
      "line": "This sort of tie",
      "annotations": {},
      "timestamp": "0"
    },
    {
      "line": "Fighting through the why",
      "annotations": {},
      "timestamp": "0"
    },
    {
      "line": "I need to get it here, back her, darker",
      "annotations": {},
      "timestamp": "0"
    },
    {
      "line": "Put my lens on me",
      "annotations": {},
      "timestamp": "0"
    },
    {
      "line": "Felling like, I can see it, I can feel it",
      "annotations": {},
      "timestamp": "0"
    },
    {
      "line": "The less you relate to me",
      "annotations": {},
      "timestamp": "0"
    },
    {
      "line": "I can never cave my seep in none",
      "annotations": {},
      "timestamp": "0"
    },
    {
      "line": "",
      "annotations": {},
      "timestamp": "0"
    },
    {
      "line": "[Verse 3]",
      "annotations": {},
      "timestamp": "0"
    },
    {
      "line": "And you should know that",
      "annotations": {},
      "timestamp": "0"
    },
    {
      "line": "We fall through it",
      "annotations": {},
      "timestamp": "0"
    },
    {
      "line": "And we had it all",
      "annotations": {},
      "timestamp": "0"
    },
    {
      "line": "Tell me one more time",
      "annotations": {},
      "timestamp": "0"
    },
    {
      "line": "I feel this way, when the soul come on",
      "annotations": {},
      "timestamp": "0"
    },
    {
      "line": "",
      "annotations": {},
      "timestamp": "0"
    },
    {
      "line": "[Verse 4]",
      "annotations": {},
      "timestamp": "0"
    },
    {
      "line": "No more on the floor and perceive the varying",
      "annotations": {},
      "timestamp": "0"
    },
    {
      "line": "Can’t pray to history",
      "annotations": {},
      "timestamp": "0"
    },
    {
      "line": "You should be mine often than that",
      "annotations": {},
      "timestamp": "0"
    },
    {
      "line": "I need more time from you",
      "annotations": {},
      "timestamp": "0"
    },
    {
      "line": "I feel that I'm giving it all I have got",
      "annotations": {},
      "timestamp": "0"
    },
    {
      "line": "Telling me, that’s only money on my mind",
      "annotations": {},
      "timestamp": "0"
    },
    {
      "line": "Keeping it up with the whines",
      "annotations": {},
      "timestamp": "0"
    },
    {
      "line": "Giving it too much time to grow",
      "annotations": {},
      "timestamp": "0"
    },
    {
      "line": "It’s a fake career if you’re the one",
      "annotations": {},
      "timestamp": "0"
    },
    {
      "line": "I hopped on this train to say I caved",
      "annotations": {},
      "timestamp": "0"
    },
    {
      "line": "Oh what a shame this has to play this way",
      "annotations": {},
      "timestamp": "0"
    },
    {
      "line": "Play this way",
      "annotations": {},
      "timestamp": "0"
    }
  ]
}