{
  "song_title": "Keyhole",
  "writer": "Frith Hilton",
  "release_date": "November 3, 2024",
  "cover": "https://frithhilton.com.ng/musicpool/covers/14/322.jpg",
  "mp3_url": "https://frithhilton.com.ng/mp3/14/25.)Keyhole.mp3",
  "duration": 165.132,
  "id": "322",
  "lyrics": [
    {
      "line": "[Intro]",
      "annotations": {},
      "timestamp": "0"
    },
    {
      "line": "Fresh boy chilling",
      "annotations": {},
      "timestamp": "0"
    },
    {
      "line": "",
      "annotations": {},
      "timestamp": "0"
    },
    {
      "line": "[Chorus]",
      "annotations": {},
      "timestamp": "0"
    },
    {
      "line": "Peeping through the keyhole",
      "annotations": {},
      "timestamp": "0"
    },
    {
      "line": "I see this hope",
      "annotations": {},
      "timestamp": "0"
    },
    {
      "line": "Peeping through the keyhole",
      "annotations": {},
      "timestamp": "0"
    },
    {
      "line": "I see this hope",
      "annotations": {},
      "timestamp": "0"
    },
    {
      "line": "",
      "annotations": {},
      "timestamp": "0"
    },
    {
      "line": "[Verse 1]",
      "annotations": {},
      "timestamp": "0"
    },
    {
      "line": "This throw appeasing you",
      "annotations": {},
      "timestamp": "0"
    },
    {
      "line": "This growth attaining is on your heart",
      "annotations": {},
      "timestamp": "0"
    },
    {
      "line": "Kilter, higher wits lather",
      "annotations": {},
      "timestamp": "0"
    },
    {
      "line": "Feigning this hurt",
      "annotations": {},
      "timestamp": "0"
    },
    {
      "line": "When I know the taste",
      "annotations": {},
      "timestamp": "0"
    },
    {
      "line": "I’ll feel better",
      "annotations": {},
      "timestamp": "0"
    },
    {
      "line": "When I got my lense on, I see you",
      "annotations": {},
      "timestamp": "0"
    },
    {
      "line": "A quarter mile away with another faded heart",
      "annotations": {},
      "timestamp": "0"
    },
    {
      "line": "Asking questions about a book with a missing page",
      "annotations": {},
      "timestamp": "0"
    },
    {
      "line": "Had to fit your roles girl",
      "annotations": {},
      "timestamp": "0"
    },
    {
      "line": "Does it ever change juror pace",
      "annotations": {},
      "timestamp": "0"
    },
    {
      "line": "Losing my oath now",
      "annotations": {},
      "timestamp": "0"
    },
    {
      "line": "Won’t solve a fading waning mining my likes",
      "annotations": {},
      "timestamp": "0"
    },
    {
      "line": "Isn’t it fair day enough for your fore hides",
      "annotations": {},
      "timestamp": "0"
    },
    {
      "line": "For your number I gеt the knives",
      "annotations": {},
      "timestamp": "0"
    },
    {
      "line": "",
      "annotations": {},
      "timestamp": "0"
    },
    {
      "line": "[Verse 2]",
      "annotations": {},
      "timestamp": "0"
    },
    {
      "line": "You got my love so frayеd",
      "annotations": {},
      "timestamp": "0"
    },
    {
      "line": "With your heart, does it give the headaches",
      "annotations": {},
      "timestamp": "0"
    },
    {
      "line": "Oh wield the lantern, will I ever see through thee",
      "annotations": {},
      "timestamp": "0"
    },
    {
      "line": "Oh with the pulse will I see another face",
      "annotations": {},
      "timestamp": "0"
    },
    {
      "line": "Oh with your heart will I feel close to finally saved",
      "annotations": {},
      "timestamp": "0"
    },
    {
      "line": "Feeling better, got a plee deal for myself",
      "annotations": {},
      "timestamp": "0"
    },
    {
      "line": "Tomb bill, you’re p b rty so for forever",
      "annotations": {},
      "timestamp": "0"
    }
  ]
}