{
  "song_title": "Bright-eyed",
  "writer": "Frith Hilton",
  "release_date": "November 24, 2024",
  "cover": "",
  "mp3_url": "",
  "id": "323",
  "lyrics": [
  {
    "line": "[Intro]",
    "annotations": {}
  },
  {
    "line": "Fresh Boy Chilling",
    "annotations": {}
  },
  {
    "line": "",
    "annotations": {}
  },
  {
    "line": "[Verse 1]",
    "annotations": {}
  },
  {
    "line": "There was a little town",
    "annotations": {}
  },
  {
    "line": "With a bright-eyed boy",
    "annotations": {}
  },
  {
    "line": "He had a little amount of time",
    "annotations": {}
  },
  {
    "line": "He was gonna get to the peak",
    "annotations": {}
  },
  {
    "line": "Touch the face of God",
    "annotations": {}
  },
  {
    "line": "There was a little mound",
    "annotations": {}
  },
  {
    "line": "He thought if he clambered up there",
    "annotations": {}
  },
  {
    "line": "He'd amount to something",
    "annotations": {}
  },
  {
    "line": "Make it start from there",
    "annotations": {}
  },
  {
    "line": "Raise his flag 🇺🇸",
    "annotations": {}
  },
  {
    "line": "Burn his fire",
    "annotations": {}
  },
  {
    "line": "",
    "annotations": {}
  },
  {
    "line": "[Chorus]",
    "annotations": {}
  },
  {
    "line": "He didn't plan to fall in love",
    "annotations": {}
  },
  {
    "line": "He didn't plan to break hearts",
    "annotations": {}
  },
  {
    "line": "He didn't plan to feel this way",
    "annotations": {}
  },
  {
    "line": "All over again",
    "annotations": {}
  },
  {
    "line": "He didn't have to say he loved her",
    "annotations": {}
  },
  {
    "line": "A thousand times",
    "annotations": {}
  },
  {
    "line": "Telling another girl",
    "annotations": {}
  },
  {
    "line": "How it feels all over again",
    "annotations": {}
  },
  {
    "line": "All over again",
    "annotations": {}
  },
  {
    "line": "All over again",
    "annotations": {}
  },
  {
    "line": "",
    "annotations": {}
  },
  {
    "line": "[Verse 2]",
    "annotations": {}
  },
  {
    "line": "Time diffuses what we don't know",
    "annotations": {}
  },
  {
    "line": "I think I hit Pinocchio",
    "annotations": {}
  },
  {
    "line": "My foe nose out in gaudy Uriels",
    "annotations": {}
  },
  {
    "line": "Something like them Marios",
    "annotations": {}
  },
  {
    "line": "Eating out, care and kiss",
    "annotations": {}
  },
  {
    "line": "Want a photograph",
    "annotations": {}
  },
  {
    "line": "I'm lost in my phonographs",
    "annotations": {}
  },
  {
    "line": "I'm begging no autographs",
    "annotations": {}
  },
  {
    "line": "",
    "annotations": {}
  },
  {
    "line": "[Chorus]",
    "annotations": {}
  },
  {
    "line": "He didn't plan to fall in love",
    "annotations": {}
  },
  {
    "line": "He didn't plan to break hearts",
    "annotations": {}
  },
  {
    "line": "He didn't plan to feel this way",
    "annotations": {}
  },
  {
    "line": "All over again",
    "annotations": {}
  },
  {
    "line": "He didn't have to say he loved her",
    "annotations": {}
  },
  {
    "line": "A thousand times",
    "annotations": {}
  },
  {
    "line": "Telling another girl",
    "annotations": {}
  },
  {
    "line": "How it feels all over again",
    "annotations": {}
  },
  {
    "line": "All over again",
    "annotations": {}
  },
  {
    "line": "All over again",
    "annotations": {}
  },
  {
    "line": "",
    "annotations": {}
  },
  {
    "line": "[Outro]",
    "annotations": {}
  },
  {
    "line": "Fresh Boy Chilling",
    "annotations": {}
  }]
}