{
  "song_title": "Cut in fame",
  "writer": "Frith Hilton",
  "release_date": "November 13, 2024",
  "cover": "https://frithhilton.com.ng/musicpool/covers/14/324.jpg",
  "mp3_url": "https://frithhilton.com.ng/mp3/14/27.)Cut in fame.mp3",
  "duration": 93.852,
  "id": "324",
  "lyrics": [
    {
      "line": "[Intro]",
      "annotations": {},
      "timestamp": "0"
    },
    {
      "line": "Fresh boy chilling",
      "annotations": {},
      "timestamp": "0"
    },
    {
      "line": "The real ramification of things I ponder is",
      "annotations": {},
      "timestamp": "0"
    },
    {
      "line": "They will end up in some action",
      "annotations": {},
      "timestamp": "0"
    },
    {
      "line": "So",
      "annotations": {},
      "timestamp": "0"
    },
    {
      "line": "",
      "annotations": {},
      "timestamp": "0"
    },
    {
      "line": "[Verse 1]",
      "annotations": {},
      "timestamp": "0"
    },
    {
      "line": "How about we go out tonight",
      "annotations": {},
      "timestamp": "0"
    },
    {
      "line": "Get ourselves stained tonight",
      "annotations": {},
      "timestamp": "0"
    },
    {
      "line": "",
      "annotations": {},
      "timestamp": "0"
    },
    {
      "line": "[Chorus]",
      "annotations": {},
      "timestamp": "0"
    },
    {
      "line": "I found a place",
      "annotations": {},
      "timestamp": "0"
    },
    {
      "line": "And famous for being how I",
      "annotations": {},
      "timestamp": "0"
    },
    {
      "line": "Get through my day",
      "annotations": {},
      "timestamp": "0"
    },
    {
      "line": "(my day)",
      "annotations": {},
      "timestamp": "0"
    },
    {
      "line": "Get through my fate",
      "annotations": {},
      "timestamp": "0"
    },
    {
      "line": "(my fate)",
      "annotations": {},
      "timestamp": "0"
    },
    {
      "line": "I’ve been damned to love",
      "annotations": {},
      "timestamp": "0"
    },
    {
      "line": "(damned to love)",
      "annotations": {},
      "timestamp": "0"
    },
    {
      "line": "Love too much",
      "annotations": {},
      "timestamp": "0"
    },
    {
      "line": "(too much)",
      "annotations": {},
      "timestamp": "0"
    },
    {
      "line": "I’ve been damned to love",
      "annotations": {},
      "timestamp": "0"
    },
    {
      "line": "(damned to love)",
      "annotations": {},
      "timestamp": "0"
    },
    {
      "line": "Love too much",
      "annotations": {},
      "timestamp": "0"
    },
    {
      "line": "(too much)",
      "annotations": {},
      "timestamp": "0"
    },
    {
      "line": "Love too much",
      "annotations": {},
      "timestamp": "0"
    },
    {
      "line": "",
      "annotations": {},
      "timestamp": "0"
    },
    {
      "line": "[Verse 2]",
      "annotations": {},
      "timestamp": "0"
    },
    {
      "line": "Come over here",
      "annotations": {},
      "timestamp": "0"
    },
    {
      "line": "Can take you home",
      "annotations": {},
      "timestamp": "0"
    },
    {
      "line": "If you don’t like the air",
      "annotations": {},
      "timestamp": "0"
    },
    {
      "line": "So infamous",
      "annotations": {},
      "timestamp": "0"
    },
    {
      "line": "For being a bad ass man",
      "annotations": {},
      "timestamp": "0"
    },
    {
      "line": "With an addict cut in fame",
      "annotations": {},
      "timestamp": "0"
    }
  ]
}