{
  "song_title": "Feel good",
  "writer": "Frith Hilton",
  "release_date": "November 16, 2024",
  "cover": "https://frithhilton.com.ng/musicpool/covers/14/325.jpg",
  "mp3_url": "https://frithhilton.com.ng/mp3/14/28.)Feel good.mp3",
  "duration": 146.268,
  "id": "325",
  "lyrics": [
    {
      "line": "[Intro]",
      "annotations": {},
      "timestamp": "0"
    },
    {
      "line": "Fresh boy chilling",
      "annotations": {},
      "timestamp": "0"
    },
    {
      "line": "",
      "annotations": {},
      "timestamp": "0"
    },
    {
      "line": "[Verse 1]",
      "annotations": {},
      "timestamp": "0"
    },
    {
      "line": "Traipsing, this room for a while",
      "annotations": {},
      "timestamp": "0"
    },
    {
      "line": "I’ve been racing",
      "annotations": {},
      "timestamp": "0"
    },
    {
      "line": "Wishes I had in my head",
      "annotations": {},
      "timestamp": "0"
    },
    {
      "line": "Past, feels like it’s coming back",
      "annotations": {},
      "timestamp": "0"
    },
    {
      "line": "Your face, I’ve been dreaming of a girl like you",
      "annotations": {},
      "timestamp": "0"
    },
    {
      "line": "A body like you move",
      "annotations": {},
      "timestamp": "0"
    },
    {
      "line": "Asking for a new move",
      "annotations": {},
      "timestamp": "0"
    },
    {
      "line": "I found door two",
      "annotations": {},
      "timestamp": "0"
    },
    {
      "line": "The first being my heart",
      "annotations": {},
      "timestamp": "0"
    },
    {
      "line": "I love the scent of her feel",
      "annotations": {},
      "timestamp": "0"
    },
    {
      "line": "",
      "annotations": {},
      "timestamp": "0"
    },
    {
      "line": "[Chorus]",
      "annotations": {},
      "timestamp": "0"
    },
    {
      "line": "Feel good chemicals",
      "annotations": {},
      "timestamp": "0"
    },
    {
      "line": "Running through my veins",
      "annotations": {},
      "timestamp": "0"
    },
    {
      "line": "Feel good emotions",
      "annotations": {},
      "timestamp": "0"
    },
    {
      "line": "Had me feeling phrased",
      "annotations": {},
      "timestamp": "0"
    },
    {
      "line": "Feel good chemicals",
      "annotations": {},
      "timestamp": "0"
    },
    {
      "line": "Running though my veins",
      "annotations": {},
      "timestamp": "0"
    },
    {
      "line": "Feel good feelings",
      "annotations": {},
      "timestamp": "0"
    },
    {
      "line": "Got me feeling this vain",
      "annotations": {},
      "timestamp": "0"
    },
    {
      "line": "",
      "annotations": {},
      "timestamp": "0"
    },
    {
      "line": "[Verse 2]",
      "annotations": {},
      "timestamp": "0"
    },
    {
      "line": "Oh oh",
      "annotations": {},
      "timestamp": "0"
    },
    {
      "line": "So feel this phrase",
      "annotations": {},
      "timestamp": "0"
    },
    {
      "line": "Fill this place in my heart",
      "annotations": {},
      "timestamp": "0"
    },
    {
      "line": "Girl it’s crazy being alone",
      "annotations": {},
      "timestamp": "0"
    },
    {
      "line": "I got a girl, we serve her one",
      "annotations": {},
      "timestamp": "0"
    },
    {
      "line": "Telling my dames",
      "annotations": {},
      "timestamp": "0"
    },
    {
      "line": "Son on a fancying cord",
      "annotations": {},
      "timestamp": "0"
    },
    {
      "line": "Sticking with the rein",
      "annotations": {},
      "timestamp": "0"
    },
    {
      "line": "I’m sticking with the tank",
      "annotations": {},
      "timestamp": "0"
    },
    {
      "line": "With my fears",
      "annotations": {},
      "timestamp": "0"
    },
    {
      "line": "Oh gosh! show me when I get in",
      "annotations": {},
      "timestamp": "0"
    },
    {
      "line": "Carolina, carolina, cute carolina",
      "annotations": {},
      "timestamp": "0"
    },
    {
      "line": "",
      "annotations": {},
      "timestamp": "0"
    },
    {
      "line": "[Chorus]",
      "annotations": {},
      "timestamp": "0"
    },
    {
      "line": "Feel good chemicals",
      "annotations": {},
      "timestamp": "0"
    },
    {
      "line": "Running through my veins",
      "annotations": {},
      "timestamp": "0"
    },
    {
      "line": "Feel good emotions",
      "annotations": {},
      "timestamp": "0"
    },
    {
      "line": "Had me feeling phrased",
      "annotations": {},
      "timestamp": "0"
    },
    {
      "line": "Feel good chemicals",
      "annotations": {},
      "timestamp": "0"
    },
    {
      "line": "Running though my veins",
      "annotations": {},
      "timestamp": "0"
    },
    {
      "line": "Feel good feelings",
      "annotations": {},
      "timestamp": "0"
    },
    {
      "line": "Got me feeling this vain",
      "annotations": {},
      "timestamp": "0"
    },
    {
      "line": "(feeling good)",
      "annotations": {},
      "timestamp": "0"
    }
  ]
}