{
  "song_title": "Woah",
  "writer": "Frith Hilton",
  "release_date": "November 24, 2024",
  "cover": "https://frithhilton.com.ng/musicpool/covers/14/327.jpg",
  "mp3_url": "https://frithhilton.com.ng/mp3/14/30.)Woah.mp3",
  "duration": 198.252,
  "id": "327",
  "lyrics": [
    {
      "line": "[Intro]",
      "annotations": {},
      "timestamp": "0"
    },
    {
      "line": "Woah!",
      "annotations": {},
      "timestamp": "0"
    },
    {
      "line": "Never seen an ass like that",
      "annotations": {},
      "timestamp": "0"
    },
    {
      "line": "Girl rehe rs  like that",
      "annotations": {},
      "timestamp": "0"
    },
    {
      "line": "Never seen a good girl with a phat ass",
      "annotations": {},
      "timestamp": "0"
    },
    {
      "line": "The way you move it",
      "annotations": {},
      "timestamp": "0"
    },
    {
      "line": "Girl, you gotta be mine",
      "annotations": {},
      "timestamp": "0"
    },
    {
      "line": "What you holding on",
      "annotations": {},
      "timestamp": "0"
    },
    {
      "line": "Girl you gotta be mine",
      "annotations": {},
      "timestamp": "0"
    },
    {
      "line": "",
      "annotations": {},
      "timestamp": "0"
    },
    {
      "line": "[Chorus]",
      "annotations": {},
      "timestamp": "0"
    },
    {
      "line": "There is no scene in the reel",
      "annotations": {},
      "timestamp": "0"
    },
    {
      "line": "That ass don’t end with me tonight",
      "annotations": {},
      "timestamp": "0"
    },
    {
      "line": "Chiefly cos I don’t see a way to end me here",
      "annotations": {},
      "timestamp": "0"
    },
    {
      "line": "There is no pretty face that’s still evincing me tonight",
      "annotations": {},
      "timestamp": "0"
    },
    {
      "line": "That ass got me",
      "annotations": {},
      "timestamp": "0"
    },
    {
      "line": "That ass got me",
      "annotations": {},
      "timestamp": "0"
    },
    {
      "line": "Woah",
      "annotations": {},
      "timestamp": "0"
    },
    {
      "line": "That ass got me",
      "annotations": {},
      "timestamp": "0"
    },
    {
      "line": "Woah",
      "annotations": {},
      "timestamp": "0"
    },
    {
      "line": "",
      "annotations": {},
      "timestamp": "0"
    },
    {
      "line": "[Verse 1]",
      "annotations": {},
      "timestamp": "0"
    },
    {
      "line": "Bad, I’ve been bad but I’ve never been this bad",
      "annotations": {},
      "timestamp": "0"
    },
    {
      "line": "Woah",
      "annotations": {},
      "timestamp": "0"
    },
    {
      "line": "Loving every part in my class like",
      "annotations": {},
      "timestamp": "0"
    },
    {
      "line": "I’ve got no time for these packs yeah",
      "annotations": {},
      "timestamp": "0"
    },
    {
      "line": "I’ma fake my shit like",
      "annotations": {},
      "timestamp": "0"
    },
    {
      "line": "Is it not a ghetto",
      "annotations": {},
      "timestamp": "0"
    },
    {
      "line": "Is not a bet up",
      "annotations": {},
      "timestamp": "0"
    },
    {
      "line": "I’m in a  rs nal",
      "annotations": {},
      "timestamp": "0"
    },
    {
      "line": "With my partner",
      "annotations": {},
      "timestamp": "0"
    },
    {
      "line": "And she’s got more ammo",
      "annotations": {},
      "timestamp": "0"
    },
    {
      "line": "Than anyone who comes with the bag boss",
      "annotations": {},
      "timestamp": "0"
    },
    {
      "line": "I’m looking like I’ve got no where bad buns",
      "annotations": {},
      "timestamp": "0"
    },
    {
      "line": "Everywhere I go, it’s a mean knee in",
      "annotations": {},
      "timestamp": "0"
    },
    {
      "line": "I’m coming with woah, lo!",
      "annotations": {},
      "timestamp": "0"
    },
    {
      "line": "",
      "annotations": {},
      "timestamp": "0"
    },
    {
      "line": "[Verse 2]",
      "annotations": {},
      "timestamp": "0"
    },
    {
      "line": "(lover in comparison to a hoe)",
      "annotations": {},
      "timestamp": "0"
    },
    {
      "line": "Thicko down, cos we came for a blow",
      "annotations": {},
      "timestamp": "0"
    },
    {
      "line": "It’s in your eyes",
      "annotations": {},
      "timestamp": "0"
    },
    {
      "line": "Where the damn goods at?",
      "annotations": {},
      "timestamp": "0"
    },
    {
      "line": "She got my back?",
      "annotations": {},
      "timestamp": "0"
    },
    {
      "line": "No, she got her back with the back in",
      "annotations": {},
      "timestamp": "0"
    },
    {
      "line": "Backed up, back up to that girl",
      "annotations": {},
      "timestamp": "0"
    },
    {
      "line": "Feeling like it’s never gonna be given unless the near bar done",
      "annotations": {},
      "timestamp": "0"
    },
    {
      "line": "Urn",
      "annotations": {},
      "timestamp": "0"
    },
    {
      "line": "Pray to god to send me a pretty woah",
      "annotations": {},
      "timestamp": "0"
    },
    {
      "line": "Pray to god to send me the best in her heaven call",
      "annotations": {},
      "timestamp": "0"
    },
    {
      "line": "",
      "annotations": {},
      "timestamp": "0"
    },
    {
      "line": "[Verse 3]",
      "annotations": {},
      "timestamp": "0"
    },
    {
      "line": "I bet that ass will be good with my money",
      "annotations": {},
      "timestamp": "0"
    },
    {
      "line": "Eh!",
      "annotations": {},
      "timestamp": "0"
    },
    {
      "line": "These days I’ll be acting like I don’t go for no buns are duds",
      "annotations": {},
      "timestamp": "0"
    },
    {
      "line": "Eh!",
      "annotations": {},
      "timestamp": "0"
    },
    {
      "line": "damn, I say abundance",
      "annotations": {},
      "timestamp": "0"
    },
    {
      "line": "I tick in her grandness",
      "annotations": {},
      "timestamp": "0"
    },
    {
      "line": "I’m winning her ground, I'm fisting",
      "annotations": {},
      "timestamp": "0"
    },
    {
      "line": "And I'm tickled before I kiss it",
      "annotations": {},
      "timestamp": "0"
    },
    {
      "line": "I don’t leg it, I'm with a cleat with it",
      "annotations": {},
      "timestamp": "0"
    },
    {
      "line": "I’m seating harm",
      "annotations": {},
      "timestamp": "0"
    },
    {
      "line": "With this",
      "annotations": {},
      "timestamp": "0"
    },
    {
      "line": "Is it in now",
      "annotations": {},
      "timestamp": "0"
    },
    {
      "line": "I don’t see a way this is zing gun",
      "annotations": {},
      "timestamp": "0"
    },
    {
      "line": "I don’t see a way this is my lover",
      "annotations": {},
      "timestamp": "0"
    },
    {
      "line": "I don’t see a way this is not our log in",
      "annotations": {},
      "timestamp": "0"
    },
    {
      "line": "",
      "annotations": {},
      "timestamp": "0"
    },
    {
      "line": "[Outro]",
      "annotations": {},
      "timestamp": "0"
    },
    {
      "line": "That pretty ass is coming with me tonight",
      "annotations": {},
      "timestamp": "0"
    },
    {
      "line": "Fresh boy chilling",
      "annotations": {},
      "timestamp": "0"
    }
  ]
}