{
  "song_title": "Locked in",
  "writer": "Frith Hilton",
  "release_date": "November 30, 2024",
  "cover": "https://frithhilton.com.ng/musicpool/covers/14/328.jpg",
  "mp3_url": "https://frithhilton.com.ng/mp3/14/31.)Locked in.mp3",
  "duration": 185.76,
  "id": "328",
  "lyrics": [
    {
      "line": "[Intro]",
      "annotations": {},
      "timestamp": "0"
    },
    {
      "line": "Fresh boy chilling",
      "annotations": {},
      "timestamp": "0"
    },
    {
      "line": "",
      "annotations": {},
      "timestamp": "0"
    },
    {
      "line": "[Verse 1]",
      "annotations": {},
      "timestamp": "0"
    },
    {
      "line": "I don’t get why I'm so locked in",
      "annotations": {},
      "timestamp": "0"
    },
    {
      "line": "I don’t let it go",
      "annotations": {},
      "timestamp": "0"
    },
    {
      "line": "Me being so sap",
      "annotations": {},
      "timestamp": "0"
    },
    {
      "line": "A sea in here",
      "annotations": {},
      "timestamp": "0"
    },
    {
      "line": "This sense with no hold; hold it",
      "annotations": {},
      "timestamp": "0"
    },
    {
      "line": "I could hold on to",
      "annotations": {},
      "timestamp": "0"
    },
    {
      "line": "Feeling that it’s worth their spar",
      "annotations": {},
      "timestamp": "0"
    },
    {
      "line": "Whether you? not in it too!",
      "annotations": {},
      "timestamp": "0"
    },
    {
      "line": "",
      "annotations": {},
      "timestamp": "0"
    },
    {
      "line": "[Verse 2]",
      "annotations": {},
      "timestamp": "0"
    },
    {
      "line": "I should be better than this",
      "annotations": {},
      "timestamp": "0"
    },
    {
      "line": "Not over, like didn’t mean to say",
      "annotations": {},
      "timestamp": "0"
    },
    {
      "line": "That I feel something too",
      "annotations": {},
      "timestamp": "0"
    },
    {
      "line": "Feeling so much",
      "annotations": {},
      "timestamp": "0"
    },
    {
      "line": "Got addle so idle",
      "annotations": {},
      "timestamp": "0"
    },
    {
      "line": "I feel that I could be better",
      "annotations": {},
      "timestamp": "0"
    },
    {
      "line": "If I take her too",
      "annotations": {},
      "timestamp": "0"
    },
    {
      "line": "Mine her sway",
      "annotations": {},
      "timestamp": "0"
    },
    {
      "line": "Then I can take a beat",
      "annotations": {},
      "timestamp": "0"
    },
    {
      "line": "Same thing here, I was looking for faith",
      "annotations": {},
      "timestamp": "0"
    },
    {
      "line": "How much I’ve got",
      "annotations": {},
      "timestamp": "0"
    },
    {
      "line": "Take a switch",
      "annotations": {},
      "timestamp": "0"
    },
    {
      "line": "Let it come on",
      "annotations": {},
      "timestamp": "0"
    },
    {
      "line": "Have you been out, it’s the weekеnd at the beach",
      "annotations": {},
      "timestamp": "0"
    },
    {
      "line": "With another hеathen",
      "annotations": {},
      "timestamp": "0"
    },
    {
      "line": "Have you been out, it’s the weekend at the beach",
      "annotations": {},
      "timestamp": "0"
    },
    {
      "line": "With another heathen",
      "annotations": {},
      "timestamp": "0"
    },
    {
      "line": "I saw wishing through the",
      "annotations": {},
      "timestamp": "0"
    },
    {
      "line": "Through the time I get",
      "annotations": {},
      "timestamp": "0"
    },
    {
      "line": "Have myself burn this charcoal",
      "annotations": {},
      "timestamp": "0"
    },
    {
      "line": "Then my jest backward her seethe",
      "annotations": {},
      "timestamp": "0"
    },
    {
      "line": "How much you see of you in there",
      "annotations": {},
      "timestamp": "0"
    },
    {
      "line": "I get to grizzle",
      "annotations": {},
      "timestamp": "0"
    },
    {
      "line": "And then I",
      "annotations": {},
      "timestamp": "0"
    },
    {
      "line": "Feeling dead all over and over",
      "annotations": {},
      "timestamp": "0"
    },
    {
      "line": "Feeling dead over and over",
      "annotations": {},
      "timestamp": "0"
    },
    {
      "line": "So pantheon",
      "annotations": {},
      "timestamp": "0"
    }
  ]
}