{
  "song_title": "Heartbeat",
  "writer": "Frith Hilton",
  "release_date": "December 9, 2024",
  "cover": "https://frithhilton.com.ng/musicpool/covers/14/329.jpg",
  "mp3_url": "https://frithhilton.com.ng/mp3/14/32.)Heartbeat.mp3",
  "duration": 137.916,
  "id": "329",
  "lyrics": [
    {
      "line": "[Intro]",
      "annotations": {},
      "timestamp": "0"
    },
    {
      "line": "Fresh boy chilling",
      "annotations": {},
      "timestamp": "0"
    },
    {
      "line": "",
      "annotations": {},
      "timestamp": "0"
    },
    {
      "line": "[Verse 1]",
      "annotations": {},
      "timestamp": "0"
    },
    {
      "line": "Has it been a minute",
      "annotations": {},
      "timestamp": "0"
    },
    {
      "line": "Since I had a even digit running through my mind",
      "annotations": {},
      "timestamp": "0"
    },
    {
      "line": "Coming up with numbers",
      "annotations": {},
      "timestamp": "0"
    },
    {
      "line": "How to reach you",
      "annotations": {},
      "timestamp": "0"
    },
    {
      "line": "Having thoughts about another picture",
      "annotations": {},
      "timestamp": "0"
    },
    {
      "line": "Trifling man you see the way",
      "annotations": {},
      "timestamp": "0"
    },
    {
      "line": "That I leave it undecided",
      "annotations": {},
      "timestamp": "0"
    },
    {
      "line": "",
      "annotations": {},
      "timestamp": "0"
    },
    {
      "line": "[Chorus]",
      "annotations": {},
      "timestamp": "0"
    },
    {
      "line": "Heartbeat",
      "annotations": {},
      "timestamp": "0"
    },
    {
      "line": "Love gives",
      "annotations": {},
      "timestamp": "0"
    },
    {
      "line": "What I’ve got",
      "annotations": {},
      "timestamp": "0"
    },
    {
      "line": "In night a kid singing",
      "annotations": {},
      "timestamp": "0"
    },
    {
      "line": "I don’t know how to spell",
      "annotations": {},
      "timestamp": "0"
    },
    {
      "line": "L o v e y o u",
      "annotations": {},
      "timestamp": "0"
    },
    {
      "line": "I think I still owe you",
      "annotations": {},
      "timestamp": "0"
    },
    {
      "line": "",
      "annotations": {},
      "timestamp": "0"
    },
    {
      "line": "[Verse 2]",
      "annotations": {},
      "timestamp": "0"
    },
    {
      "line": "Love abandoned",
      "annotations": {},
      "timestamp": "0"
    },
    {
      "line": "Love in a barn, I think I had a garden",
      "annotations": {},
      "timestamp": "0"
    },
    {
      "line": "I was banned, now they say ghetto foetus",
      "annotations": {},
      "timestamp": "0"
    },
    {
      "line": "What’s the farthest meme in here girl",
      "annotations": {},
      "timestamp": "0"
    },
    {
      "line": "I can’t take my hands off mine",
      "annotations": {},
      "timestamp": "0"
    },
    {
      "line": "Can’t take my hands off mine",
      "annotations": {},
      "timestamp": "0"
    },
    {
      "line": "",
      "annotations": {},
      "timestamp": "0"
    },
    {
      "line": "[Chorus]",
      "annotations": {},
      "timestamp": "0"
    },
    {
      "line": "Heartbeat",
      "annotations": {},
      "timestamp": "0"
    },
    {
      "line": "Love gives",
      "annotations": {},
      "timestamp": "0"
    },
    {
      "line": "What I’ve got",
      "annotations": {},
      "timestamp": "0"
    },
    {
      "line": "In night a kid singing",
      "annotations": {},
      "timestamp": "0"
    },
    {
      "line": "I don’t know how to spell",
      "annotations": {},
      "timestamp": "0"
    },
    {
      "line": "L o v e y o u",
      "annotations": {},
      "timestamp": "0"
    },
    {
      "line": "I think I still owe you",
      "annotations": {},
      "timestamp": "0"
    }
  ]
}