{
  "song_title": "Barefoot",
  "writer": "Frith Hilton",
  "release_date": "December 12, 2024",
  "cover": "https://frithhilton.com.ng/musicpool/covers/14/330.jpg",
  "mp3_url": "https://frithhilton.com.ng/mp3/14/33.)Barefoot.mp3",
  "duration": 204.984,
  "id": "330",
  "lyrics": [
    {
      "line": "[Intro]",
      "annotations": {},
      "timestamp": "0"
    },
    {
      "line": "Fresh boy chilling",
      "annotations": {},
      "timestamp": "0"
    },
    {
      "line": "It’s a smooth ride",
      "annotations": {},
      "timestamp": "0"
    },
    {
      "line": "With you by my side",
      "annotations": {},
      "timestamp": "0"
    },
    {
      "line": "And I'm dreaming more than half the time",
      "annotations": {},
      "timestamp": "0"
    },
    {
      "line": "If this will be forever",
      "annotations": {},
      "timestamp": "0"
    },
    {
      "line": "",
      "annotations": {},
      "timestamp": "0"
    },
    {
      "line": "[Chorus]",
      "annotations": {},
      "timestamp": "0"
    },
    {
      "line": "Say it, place it, how it plays the song",
      "annotations": {},
      "timestamp": "0"
    },
    {
      "line": "Say it, place it, for where our song starts",
      "annotations": {},
      "timestamp": "0"
    },
    {
      "line": "",
      "annotations": {},
      "timestamp": "0"
    },
    {
      "line": "[Verse 1]",
      "annotations": {},
      "timestamp": "0"
    },
    {
      "line": "The queue comes on",
      "annotations": {},
      "timestamp": "0"
    },
    {
      "line": "I hear our songs play through the strings strumming in my headphone",
      "annotations": {},
      "timestamp": "0"
    },
    {
      "line": "Thinking of you got me feeling",
      "annotations": {},
      "timestamp": "0"
    },
    {
      "line": "Barefoot headed to you",
      "annotations": {},
      "timestamp": "0"
    },
    {
      "line": "This fight, this night",
      "annotations": {},
      "timestamp": "0"
    },
    {
      "line": "It’s gone to ruminating",
      "annotations": {},
      "timestamp": "0"
    },
    {
      "line": "Joy if the song comes on",
      "annotations": {},
      "timestamp": "0"
    },
    {
      "line": "And I don’t want it to be morning",
      "annotations": {},
      "timestamp": "0"
    },
    {
      "line": "For me in the know that this is",
      "annotations": {},
      "timestamp": "0"
    },
    {
      "line": "Just me acting, be it funny",
      "annotations": {},
      "timestamp": "0"
    },
    {
      "line": "Thinking that it ends in the dark",
      "annotations": {},
      "timestamp": "0"
    },
    {
      "line": "With my hands at the back",
      "annotations": {},
      "timestamp": "0"
    },
    {
      "line": "Thinking of what I’ve done wrong",
      "annotations": {},
      "timestamp": "0"
    },
    {
      "line": "",
      "annotations": {},
      "timestamp": "0"
    },
    {
      "line": "[Chorus]",
      "annotations": {},
      "timestamp": "0"
    },
    {
      "line": "Say it, place it, how it plays the song",
      "annotations": {},
      "timestamp": "0"
    },
    {
      "line": "Say it, placе it, for where our song starts",
      "annotations": {},
      "timestamp": "0"
    },
    {
      "line": "",
      "annotations": {},
      "timestamp": "0"
    },
    {
      "line": "[Verse 2]",
      "annotations": {},
      "timestamp": "0"
    },
    {
      "line": "I take this oftеn as a joke",
      "annotations": {},
      "timestamp": "0"
    },
    {
      "line": "My feelings, they are acting so spirally",
      "annotations": {},
      "timestamp": "0"
    },
    {
      "line": "Bet it comes with the role",
      "annotations": {},
      "timestamp": "0"
    },
    {
      "line": "Acting so flawed with my little gaze on you",
      "annotations": {},
      "timestamp": "0"
    },
    {
      "line": "I’m bothered cos",
      "annotations": {},
      "timestamp": "0"
    },
    {
      "line": "I better count my numbers",
      "annotations": {},
      "timestamp": "0"
    },
    {
      "line": "I told myself when that mirror was backed to myself",
      "annotations": {},
      "timestamp": "0"
    },
    {
      "line": "",
      "annotations": {},
      "timestamp": "0"
    },
    {
      "line": "[Chorus]",
      "annotations": {},
      "timestamp": "0"
    },
    {
      "line": "Say it, place it, how it plays the song",
      "annotations": {},
      "timestamp": "0"
    },
    {
      "line": "Say it, place it, for where our song starts",
      "annotations": {},
      "timestamp": "0"
    }
  ]
}