{
  "song_title": "Kill time",
  "writer": "Frith Hilton",
  "release_date": "2025",
  "cover": "https://frithhilton.com.ng/musicpool/covers/15/332.jpg",
  "mp3_url": "https://frithhilton.com.ng/mp3/15/2.)Kill time.mp3",
  "duration": 153.036,
  "id": "332",
  "lyrics": [
    {
      "line": "[Intro]",
      "annotations": {},
      "timestamp": "0"
    },
    {
      "line": "Fresh boy chilling",
      "annotations": {},
      "timestamp": "0"
    },
    {
      "line": "",
      "annotations": {},
      "timestamp": "0"
    },
    {
      "line": "[Verse 1]",
      "annotations": {},
      "timestamp": "0"
    },
    {
      "line": "Life is swift past us",
      "annotations": {},
      "timestamp": "0"
    },
    {
      "line": "And we try to catch up",
      "annotations": {},
      "timestamp": "0"
    },
    {
      "line": "With what we caught",
      "annotations": {},
      "timestamp": "0"
    },
    {
      "line": "For fuss",
      "annotations": {},
      "timestamp": "0"
    },
    {
      "line": "Lost sauce",
      "annotations": {},
      "timestamp": "0"
    },
    {
      "line": "I think I'm better with my jeans on",
      "annotations": {},
      "timestamp": "0"
    },
    {
      "line": "Looking like I gotta floss",
      "annotations": {},
      "timestamp": "0"
    },
    {
      "line": "Every time I say I love her",
      "annotations": {},
      "timestamp": "0"
    },
    {
      "line": "A pause",
      "annotations": {},
      "timestamp": "0"
    },
    {
      "line": "I think I might be out if it",
      "annotations": {},
      "timestamp": "0"
    },
    {
      "line": "Am I really unto it",
      "annotations": {},
      "timestamp": "0"
    },
    {
      "line": "(am I dancing with my heart)",
      "annotations": {},
      "timestamp": "0"
    },
    {
      "line": "With my heart",
      "annotations": {},
      "timestamp": "0"
    },
    {
      "line": "",
      "annotations": {},
      "timestamp": "0"
    },
    {
      "line": "[Chorus]",
      "annotations": {},
      "timestamp": "0"
    },
    {
      "line": "K!lling time",
      "annotations": {},
      "timestamp": "0"
    },
    {
      "line": "All we do is try to k!ll time",
      "annotations": {},
      "timestamp": "0"
    },
    {
      "line": "But oh we gotta do it this way",
      "annotations": {},
      "timestamp": "0"
    },
    {
      "line": "You not alone",
      "annotations": {},
      "timestamp": "0"
    },
    {
      "line": "This way",
      "annotations": {},
      "timestamp": "0"
    },
    {
      "line": "You never alone",
      "annotations": {},
      "timestamp": "0"
    },
    {
      "line": "",
      "annotations": {},
      "timestamp": "0"
    },
    {
      "line": "[Verse 2]",
      "annotations": {},
      "timestamp": "0"
    },
    {
      "line": "I got two tall tops",
      "annotations": {},
      "timestamp": "0"
    },
    {
      "line": "Too tall for my mind to topple now",
      "annotations": {},
      "timestamp": "0"
    },
    {
      "line": "Are you asking is my cup filled",
      "annotations": {},
      "timestamp": "0"
    },
    {
      "line": "Or do I need more",
      "annotations": {},
      "timestamp": "0"
    },
    {
      "line": "All you’ve ever been is good",
      "annotations": {},
      "timestamp": "0"
    },
    {
      "line": "I just think I'm outta my",
      "annotations": {},
      "timestamp": "0"
    },
    {
      "line": "Out of my fount of love",
      "annotations": {},
      "timestamp": "0"
    },
    {
      "line": "A fondness of what I caught",
      "annotations": {},
      "timestamp": "0"
    },
    {
      "line": "",
      "annotations": {},
      "timestamp": "0"
    },
    {
      "line": "[Chorus]",
      "annotations": {},
      "timestamp": "0"
    },
    {
      "line": "K!lling time",
      "annotations": {},
      "timestamp": "0"
    },
    {
      "line": "All we do is try to k!ll time",
      "annotations": {},
      "timestamp": "0"
    },
    {
      "line": "But oh we gotta do it this way",
      "annotations": {},
      "timestamp": "0"
    },
    {
      "line": "This way",
      "annotations": {},
      "timestamp": "0"
    }
  ]
}