{
  "duration": 139.968,
  "song_title": "Queen’s daughter",
  "writer": "Frith Hilton",
  "release_date": "January 17, 2025",
  "cover": "https://frithhilton.com.ng/musicpool/covers/15/335.jpg",
  "id": "335",
  "lyrics": [
    {
      "line": "[Intro]",
      "annotations": {},
      "timestamp": "0"
    },
    {
      "line": "Fresh boy chilling",
      "annotations": {},
      "timestamp": "0"
    },
    {
      "line": "When you come around",
      "annotations": {},
      "timestamp": "0"
    },
    {
      "line": "It’s above in the air",
      "annotations": {},
      "timestamp": "0"
    },
    {
      "line": "Marks of celebration is up in the air",
      "annotations": {},
      "timestamp": "0"
    },
    {
      "line": "",
      "annotations": {},
      "timestamp": "0"
    },
    {
      "line": "[Verse 1]",
      "annotations": {},
      "timestamp": "0"
    },
    {
      "line": "Whining now",
      "annotations": {},
      "timestamp": "0"
    },
    {
      "line": "Oh oh",
      "annotations": {},
      "timestamp": "0"
    },
    {
      "line": "She’s got a panic now",
      "annotations": {},
      "timestamp": "0"
    },
    {
      "line": "Oh oh",
      "annotations": {},
      "timestamp": "0"
    },
    {
      "line": "And I don’t know how to quiet it down",
      "annotations": {},
      "timestamp": "0"
    },
    {
      "line": "How do I slake what you desire",
      "annotations": {},
      "timestamp": "0"
    },
    {
      "line": "Love in your eyes not going out",
      "annotations": {},
      "timestamp": "0"
    },
    {
      "line": "Not on my watch",
      "annotations": {},
      "timestamp": "0"
    },
    {
      "line": "Down for you I'm your soldier",
      "annotations": {},
      "timestamp": "0"
    },
    {
      "line": "Down for you I'm your bartender",
      "annotations": {},
      "timestamp": "0"
    },
    {
      "line": "Let me get you what you want",
      "annotations": {},
      "timestamp": "0"
    },
    {
      "line": "Oh oh",
      "annotations": {},
      "timestamp": "0"
    },
    {
      "line": "How could it ever die",
      "annotations": {},
      "timestamp": "0"
    },
    {
      "line": "When I'm by her",
      "annotations": {},
      "timestamp": "0"
    },
    {
      "line": "How could it ever fly",
      "annotations": {},
      "timestamp": "0"
    },
    {
      "line": "Her ever being alone",
      "annotations": {},
      "timestamp": "0"
    },
    {
      "line": "Daughter of her mother",
      "annotations": {},
      "timestamp": "0"
    },
    {
      "line": "Brother like no other",
      "annotations": {},
      "timestamp": "0"
    },
    {
      "line": "Just gotta love her fiery eyes",
      "annotations": {},
      "timestamp": "0"
    },
    {
      "line": "She makes you never wanna break ties",
      "annotations": {},
      "timestamp": "0"
    },
    {
      "line": "She’s got me in her heart",
      "annotations": {},
      "timestamp": "0"
    },
    {
      "line": "With her soddened bothers",
      "annotations": {},
      "timestamp": "0"
    },
    {
      "line": "",
      "annotations": {},
      "timestamp": "0"
    },
    {
      "line": "[Outro]",
      "annotations": {},
      "timestamp": "0"
    },
    {
      "line": "You ain’t gotta bother",
      "annotations": {},
      "timestamp": "0"
    },
    {
      "line": "Still here televising",
      "annotations": {},
      "timestamp": "0"
    },
    {
      "line": "Be there, under my shirt",
      "annotations": {},
      "timestamp": "0"
    }
  ]
}