{
  "song_title": "Beautiful Taylor",
  "writer": "Frith Hilton",
  "release_date": "January 29, 2025",
  "cover": "https://frithhilton.com.ng/musicpool/covers/15/338.jpg",
  "mp3_url": "https://frithhilton.com.ng/mp3/15/8.)Beautiful Taylor.mp3",
  "duration": 130.032,
  "id": "338",
  "lyrics": [
    {
      "line": "[Intro]",
      "annotations": {},
      "timestamp": "0"
    },
    {
      "line": "Fresh boy chilling",
      "annotations": {},
      "timestamp": "0"
    },
    {
      "line": "",
      "annotations": {},
      "timestamp": "0"
    },
    {
      "line": "[Verse 1]",
      "annotations": {},
      "timestamp": "0"
    },
    {
      "line": "Damn it, can you tell me I deserve you",
      "annotations": {},
      "timestamp": "0"
    },
    {
      "line": "Cos I'm right here",
      "annotations": {},
      "timestamp": "0"
    },
    {
      "line": "Looking for a better view",
      "annotations": {},
      "timestamp": "0"
    },
    {
      "line": "By myself looking at my photographs",
      "annotations": {},
      "timestamp": "0"
    },
    {
      "line": "Thinking how do I match up to the things I am",
      "annotations": {},
      "timestamp": "0"
    },
    {
      "line": "Lover I know my beep",
      "annotations": {},
      "timestamp": "0"
    },
    {
      "line": "But whatever comes after",
      "annotations": {},
      "timestamp": "0"
    },
    {
      "line": "Doesn’t have to be this",
      "annotations": {},
      "timestamp": "0"
    },
    {
      "line": "Oh another lawn",
      "annotations": {},
      "timestamp": "0"
    },
    {
      "line": "Another lawn to run on",
      "annotations": {},
      "timestamp": "0"
    },
    {
      "line": "",
      "annotations": {},
      "timestamp": "0"
    },
    {
      "line": "[Chorus]",
      "annotations": {},
      "timestamp": "0"
    },
    {
      "line": "So tell me that lovers don’t come and go",
      "annotations": {},
      "timestamp": "0"
    },
    {
      "line": "Like they do on the tv",
      "annotations": {},
      "timestamp": "0"
    },
    {
      "line": "Don’t tell me I’ll be just like",
      "annotations": {},
      "timestamp": "0"
    },
    {
      "line": "Another boyfriend to beautiful taylor",
      "annotations": {},
      "timestamp": "0"
    },
    {
      "line": "Cos I'm here with all my heart",
      "annotations": {},
      "timestamp": "0"
    },
    {
      "line": "Let them rose on my sleeve",
      "annotations": {},
      "timestamp": "0"
    },
    {
      "line": "Better than these words do",
      "annotations": {},
      "timestamp": "0"
    },
    {
      "line": "Girl I'm waiting here with all my heart",
      "annotations": {},
      "timestamp": "0"
    },
    {
      "line": "Pleading to you girl",
      "annotations": {},
      "timestamp": "0"
    },
    {
      "line": "",
      "annotations": {},
      "timestamp": "0"
    },
    {
      "line": "[Verse 2]",
      "annotations": {},
      "timestamp": "0"
    },
    {
      "line": "These days hearts don’t match up enough",
      "annotations": {},
      "timestamp": "0"
    },
    {
      "line": "Looking like I need something better",
      "annotations": {},
      "timestamp": "0"
    },
    {
      "line": "To pull it off",
      "annotations": {},
      "timestamp": "0"
    },
    {
      "line": "Damn girl, damn I think of some bucks",
      "annotations": {},
      "timestamp": "0"
    },
    {
      "line": "Pushing your spray so something",
      "annotations": {},
      "timestamp": "0"
    },
    {
      "line": "Like that won’t be enough",
      "annotations": {},
      "timestamp": "0"
    },
    {
      "line": "So gawd, I'm with share",
      "annotations": {},
      "timestamp": "0"
    },
    {
      "line": "More tracks I'm building",
      "annotations": {},
      "timestamp": "0"
    },
    {
      "line": "More stacks I'm building",
      "annotations": {},
      "timestamp": "0"
    },
    {
      "line": "Looking like I could win her heart",
      "annotations": {},
      "timestamp": "0"
    },
    {
      "line": "If I'm dreaming",
      "annotations": {},
      "timestamp": "0"
    },
    {
      "line": "",
      "annotations": {},
      "timestamp": "0"
    },
    {
      "line": "[Chorus]",
      "annotations": {},
      "timestamp": "0"
    },
    {
      "line": "So tell me that lovers don’t come and go",
      "annotations": {},
      "timestamp": "0"
    },
    {
      "line": "Like they do on the tv",
      "annotations": {},
      "timestamp": "0"
    },
    {
      "line": "Don’t tell me I’ll be just like",
      "annotations": {},
      "timestamp": "0"
    },
    {
      "line": "Another boyfriend to beautiful taylor",
      "annotations": {},
      "timestamp": "0"
    },
    {
      "line": "Cos I'm here with all my heart",
      "annotations": {},
      "timestamp": "0"
    },
    {
      "line": "Let them rose on my sleeve",
      "annotations": {},
      "timestamp": "0"
    },
    {
      "line": "Better than these words do",
      "annotations": {},
      "timestamp": "0"
    },
    {
      "line": "Girl I'm waiting here with all my heart",
      "annotations": {},
      "timestamp": "0"
    },
    {
      "line": "Pleading to you girl",
      "annotations": {},
      "timestamp": "0"
    },
    {
      "line": "My queen",
      "annotations": {},
      "timestamp": "0"
    }
  ]
}