{
  "song_title": "Farce emotions",
  "writer": "Frith Hilton",
  "release_date": "February 7, 2025",
  "cover": "https://frithhilton.com.ng/musicpool/covers/15/339.jpg",
  "mp3_url": "https://frithhilton.com.ng/mp3/15/9.)Farce.mp3",
  "duration": 124.092,
  "id": "339",
  "lyrics": [
    {
      "line": "[Intro]",
      "annotations": {},
      "timestamp": "0"
    },
    {
      "line": "Hey",
      "annotations": {},
      "timestamp": "0"
    },
    {
      "line": "Fresh boy chilling",
      "annotations": {},
      "timestamp": "0"
    },
    {
      "line": "I don’t bother",
      "annotations": {},
      "timestamp": "0"
    },
    {
      "line": "Her on border",
      "annotations": {},
      "timestamp": "0"
    },
    {
      "line": "I don’t bother",
      "annotations": {},
      "timestamp": "0"
    },
    {
      "line": "And she knows I'm about her here",
      "annotations": {},
      "timestamp": "0"
    },
    {
      "line": "Feelings so farce",
      "annotations": {},
      "timestamp": "0"
    },
    {
      "line": "I don’t bother",
      "annotations": {},
      "timestamp": "0"
    },
    {
      "line": "When she’s on my mind",
      "annotations": {},
      "timestamp": "0"
    },
    {
      "line": "I’m on border",
      "annotations": {},
      "timestamp": "0"
    },
    {
      "line": "Loving how I do",
      "annotations": {},
      "timestamp": "0"
    },
    {
      "line": "When I don’t bother",
      "annotations": {},
      "timestamp": "0"
    },
    {
      "line": "",
      "annotations": {},
      "timestamp": "0"
    },
    {
      "line": "[Verse 1]",
      "annotations": {},
      "timestamp": "0"
    },
    {
      "line": "Drugs in my head",
      "annotations": {},
      "timestamp": "0"
    },
    {
      "line": "On my mind",
      "annotations": {},
      "timestamp": "0"
    },
    {
      "line": "How she got me feeling when I'm feeling so high",
      "annotations": {},
      "timestamp": "0"
    },
    {
      "line": "Drugs in my head",
      "annotations": {},
      "timestamp": "0"
    },
    {
      "line": "On my mind",
      "annotations": {},
      "timestamp": "0"
    },
    {
      "line": "How she got me feeling when I'm feeling so fly",
      "annotations": {},
      "timestamp": "0"
    },
    {
      "line": "",
      "annotations": {},
      "timestamp": "0"
    },
    {
      "line": "[Verse 2]",
      "annotations": {},
      "timestamp": "0"
    },
    {
      "line": "I’m down to earth when I hurt with her",
      "annotations": {},
      "timestamp": "0"
    },
    {
      "line": "Looking like I could text her",
      "annotations": {},
      "timestamp": "0"
    },
    {
      "line": "Though if I wanna",
      "annotations": {},
      "timestamp": "0"
    },
    {
      "line": "How she friendly got me feeling like another",
      "annotations": {},
      "timestamp": "0"
    },
    {
      "line": "I’m better than them frith",
      "annotations": {},
      "timestamp": "0"
    },
    {
      "line": "How that will get you harder",
      "annotations": {},
      "timestamp": "0"
    },
    {
      "line": "She works it",
      "annotations": {},
      "timestamp": "0"
    },
    {
      "line": "Got mе fake a god, any key dear you own",
      "annotations": {},
      "timestamp": "0"
    },
    {
      "line": "",
      "annotations": {},
      "timestamp": "0"
    },
    {
      "line": "[Verse 3]",
      "annotations": {},
      "timestamp": "0"
    },
    {
      "line": "Prеtty girl loving the sizzle",
      "annotations": {},
      "timestamp": "0"
    },
    {
      "line": "Pretty girl loving the stations up",
      "annotations": {},
      "timestamp": "0"
    },
    {
      "line": "Pretty girl loving the seizures up",
      "annotations": {},
      "timestamp": "0"
    },
    {
      "line": "Pretty girl loving decisions up",
      "annotations": {},
      "timestamp": "0"
    },
    {
      "line": "",
      "annotations": {},
      "timestamp": "0"
    },
    {
      "line": "[Verse 4]",
      "annotations": {},
      "timestamp": "0"
    },
    {
      "line": "Lip to lip",
      "annotations": {},
      "timestamp": "0"
    },
    {
      "line": "Dreaming",
      "annotations": {},
      "timestamp": "0"
    },
    {
      "line": "Tip to tip, faint here",
      "annotations": {},
      "timestamp": "0"
    },
    {
      "line": "Love how we got we the whole world lead electric",
      "annotations": {},
      "timestamp": "0"
    },
    {
      "line": "Switching on the forward risk",
      "annotations": {},
      "timestamp": "0"
    },
    {
      "line": "Looking like in gore of this",
      "annotations": {},
      "timestamp": "0"
    },
    {
      "line": "What they say don’t bother",
      "annotations": {},
      "timestamp": "0"
    },
    {
      "line": "When you read enough",
      "annotations": {},
      "timestamp": "0"
    }
  ]
}