{
  "song_title": "Recruits",
  "writer": "Frith Hilton",
  "release_date": "February 21, 2025",
  "cover": "https://frithhilton.com.ng/musicpool/covers/15/342.jpg",
  "mp3_url": "https://frithhilton.com.ng/mp3/15/12.)Recruits.mp3",
  "duration": 124.56,
  "id": "342",
  "lyrics": [
    {
      "line": "[Intro]",
      "annotations": {},
      "timestamp": "0"
    },
    {
      "line": "Capisce? let me reiterate",
      "annotations": {},
      "timestamp": "0"
    },
    {
      "line": "I do this shit, it’s just a habit",
      "annotations": {},
      "timestamp": "0"
    },
    {
      "line": "Fresh boy chilling",
      "annotations": {},
      "timestamp": "0"
    },
    {
      "line": "In a mere, I don’t wanna be k!lling Niggers out there",
      "annotations": {},
      "timestamp": "0"
    },
    {
      "line": "",
      "annotations": {},
      "timestamp": "0"
    },
    {
      "line": "[Verse 1]",
      "annotations": {},
      "timestamp": "0"
    },
    {
      "line": "Mic, mpc, help me see what’s better",
      "annotations": {},
      "timestamp": "0"
    },
    {
      "line": "Between these vices I got in my head",
      "annotations": {},
      "timestamp": "0"
    },
    {
      "line": "I think I'm acting like a winning leg, seen her egg",
      "annotations": {},
      "timestamp": "0"
    },
    {
      "line": "Ever got in a safest",
      "annotations": {},
      "timestamp": "0"
    },
    {
      "line": "Doing messages, something like the best sage is",
      "annotations": {},
      "timestamp": "0"
    },
    {
      "line": "Cos I’ve never had a gulf, I tow myself",
      "annotations": {},
      "timestamp": "0"
    },
    {
      "line": "Till I caught her lag, and I took the bag in the f g",
      "annotations": {},
      "timestamp": "0"
    },
    {
      "line": "Yeah, that’s the f ggots out there",
      "annotations": {},
      "timestamp": "0"
    },
    {
      "line": "Telling me that I'm still shitting my pants",
      "annotations": {},
      "timestamp": "0"
    },
    {
      "line": "",
      "annotations": {},
      "timestamp": "0"
    },
    {
      "line": "[Chorus]",
      "annotations": {},
      "timestamp": "0"
    },
    {
      "line": "Cos I love her",
      "annotations": {},
      "timestamp": "0"
    },
    {
      "line": "Better be ready",
      "annotations": {},
      "timestamp": "0"
    },
    {
      "line": "I’m coming with this shit hot",
      "annotations": {},
      "timestamp": "0"
    },
    {
      "line": "Cos I love her",
      "annotations": {},
      "timestamp": "0"
    },
    {
      "line": "Better be ready",
      "annotations": {},
      "timestamp": "0"
    },
    {
      "line": "I’m coming, this shit out the booth really red",
      "annotations": {},
      "timestamp": "0"
    },
    {
      "line": "Cos I love her",
      "annotations": {},
      "timestamp": "0"
    },
    {
      "line": "Better be ready",
      "annotations": {},
      "timestamp": "0"
    },
    {
      "line": "I’m coming with this shit hotter than you ever thought",
      "annotations": {},
      "timestamp": "0"
    },
    {
      "line": "Cos I love her",
      "annotations": {},
      "timestamp": "0"
    },
    {
      "line": "Better get ready",
      "annotations": {},
      "timestamp": "0"
    },
    {
      "line": "It’s never been this hot from the best",
      "annotations": {},
      "timestamp": "0"
    },
    {
      "line": "",
      "annotations": {},
      "timestamp": "0"
    },
    {
      "line": "[Verse 2]",
      "annotations": {},
      "timestamp": "0"
    },
    {
      "line": "Who is to fucking rag us",
      "annotations": {},
      "timestamp": "0"
    },
    {
      "line": "I’m chilling, I'm just, kinda currish",
      "annotations": {},
      "timestamp": "0"
    },
    {
      "line": "Okay, we can never take this out there",
      "annotations": {},
      "timestamp": "0"
    },
    {
      "line": "Okay, my name is on this",
      "annotations": {},
      "timestamp": "0"
    },
    {
      "line": "Weakened knees, honest",
      "annotations": {},
      "timestamp": "0"
    },
    {
      "line": "I go with the girl and I tell her to undress",
      "annotations": {},
      "timestamp": "0"
    },
    {
      "line": "She’s got a fat ass",
      "annotations": {},
      "timestamp": "0"
    },
    {
      "line": "And now I'm looking like her dark baggage",
      "annotations": {},
      "timestamp": "0"
    },
    {
      "line": "Yeah",
      "annotations": {},
      "timestamp": "0"
    },
    {
      "line": "Let her know she can listen to my songs all weekend",
      "annotations": {},
      "timestamp": "0"
    },
    {
      "line": "Let it take her through the weak days",
      "annotations": {},
      "timestamp": "0"
    },
    {
      "line": "Cos weep goals are never tee pose",
      "annotations": {},
      "timestamp": "0"
    },
    {
      "line": "And my name is always on",
      "annotations": {},
      "timestamp": "0"
    },
    {
      "line": "Sheep hoes are alright here?",
      "annotations": {},
      "timestamp": "0"
    },
    {
      "line": "Looking like you got that oomph utz",
      "annotations": {},
      "timestamp": "0"
    },
    {
      "line": "Everybody thinks his grunts",
      "annotations": {},
      "timestamp": "0"
    },
    {
      "line": "While I'm out here",
      "annotations": {},
      "timestamp": "0"
    },
    {
      "line": "I ain’t with these recruits",
      "annotations": {},
      "timestamp": "0"
    }
  ]
}