{
  "song_title": "Porn star",
  "writer": "Frith Hilton",
  "release_date": "February 23, 2025",
  "cover": "https://frithhilton.com.ng/musicpool/covers/15/344.jpg",
  "mp3_url": "https://frithhilton.com.ng/mp3/15/14.)Porn star.mp3",
  "duration": 141.12,
  "id": "344",
  "lyrics": [
    {
      "line": "[Intro]",
      "annotations": {},
      "timestamp": "0"
    },
    {
      "line": "Oh oh",
      "annotations": {},
      "timestamp": "0"
    },
    {
      "line": "Tweet",
      "annotations": {},
      "timestamp": "0"
    },
    {
      "line": "Fresh boy chilling",
      "annotations": {},
      "timestamp": "0"
    },
    {
      "line": "Say it in my ears",
      "annotations": {},
      "timestamp": "0"
    },
    {
      "line": "",
      "annotations": {},
      "timestamp": "0"
    },
    {
      "line": "[Verse 1]",
      "annotations": {},
      "timestamp": "0"
    },
    {
      "line": "Shoutout to the prettiest girl ride falling off the stage",
      "annotations": {},
      "timestamp": "0"
    },
    {
      "line": "(skrr)",
      "annotations": {},
      "timestamp": "0"
    },
    {
      "line": "When I come down on the pic",
      "annotations": {},
      "timestamp": "0"
    },
    {
      "line": "I see you writing my name on your face",
      "annotations": {},
      "timestamp": "0"
    },
    {
      "line": "(nasty frith)",
      "annotations": {},
      "timestamp": "0"
    },
    {
      "line": "How you make me feel good with all your soul laced",
      "annotations": {},
      "timestamp": "0"
    },
    {
      "line": "(whim, rim)",
      "annotations": {},
      "timestamp": "0"
    },
    {
      "line": "I could be in love with a (yeet) girl that’s on her way to be",
      "annotations": {},
      "timestamp": "0"
    },
    {
      "line": "(skrr)",
      "annotations": {},
      "timestamp": "0"
    },
    {
      "line": "(yeet) queen, dream",
      "annotations": {},
      "timestamp": "0"
    },
    {
      "line": "But I'm in love with a p rn star, back story",
      "annotations": {},
      "timestamp": "0"
    },
    {
      "line": "(devil saw her, devil saw her)",
      "annotations": {},
      "timestamp": "0"
    },
    {
      "line": "She’s getting me feeling so harder",
      "annotations": {},
      "timestamp": "0"
    },
    {
      "line": "(devil saw her, devil saw her)",
      "annotations": {},
      "timestamp": "0"
    },
    {
      "line": "P rn star, she’s claudia",
      "annotations": {},
      "timestamp": "0"
    },
    {
      "line": "Teens, I’ll just focus on this",
      "annotations": {},
      "timestamp": "0"
    },
    {
      "line": "(pussy)",
      "annotations": {},
      "timestamp": "0"
    },
    {
      "line": "Shuffling my thoughts",
      "annotations": {},
      "timestamp": "0"
    },
    {
      "line": "No way I should be in bed with this",
      "annotations": {},
      "timestamp": "0"
    },
    {
      "line": "(pale, palisade)",
      "annotations": {},
      "timestamp": "0"
    },
    {
      "line": "Got me me like it’s frown, down, down with these fetters",
      "annotations": {},
      "timestamp": "0"
    },
    {
      "line": "(love you lover girl)",
      "annotations": {},
      "timestamp": "0"
    },
    {
      "line": "Got my cuff on now",
      "annotations": {},
      "timestamp": "0"
    },
    {
      "line": "(love you lover girl)",
      "annotations": {},
      "timestamp": "0"
    },
    {
      "line": "How your honesty got me keeping out a frown",
      "annotations": {},
      "timestamp": "0"
    },
    {
      "line": "(love you girl)",
      "annotations": {},
      "timestamp": "0"
    },
    {
      "line": "But she’s got a sword",
      "annotations": {},
      "timestamp": "0"
    },
    {
      "line": "I think I'm soon unmoored and ready",
      "annotations": {},
      "timestamp": "0"
    },
    {
      "line": "She’s my p rn star (she can be)",
      "annotations": {},
      "timestamp": "0"
    },
    {
      "line": "She’s my mine, I'm ready",
      "annotations": {},
      "timestamp": "0"
    },
    {
      "line": "(she’s mine, she can be mine)",
      "annotations": {},
      "timestamp": "0"
    },
    {
      "line": "She’s my p rn star",
      "annotations": {},
      "timestamp": "0"
    },
    {
      "line": "I’ll be stroking it to you all night long",
      "annotations": {},
      "timestamp": "0"
    },
    {
      "line": "She’s my p rn star",
      "annotations": {},
      "timestamp": "0"
    },
    {
      "line": "I just want a sample, where can I get one?",
      "annotations": {},
      "timestamp": "0"
    },
    {
      "line": "",
      "annotations": {},
      "timestamp": "0"
    },
    {
      "line": "[Outro]",
      "annotations": {},
      "timestamp": "0"
    },
    {
      "line": "I just need a sample",
      "annotations": {},
      "timestamp": "0"
    },
    {
      "line": "Where can I get the pussy, the fleshlight?",
      "annotations": {},
      "timestamp": "0"
    },
    {
      "line": "That fresh sight girl!",
      "annotations": {},
      "timestamp": "0"
    }
  ]
}