{
  "song_title": "Taking you home",
  "writer": "Frith Hilton",
  "release_date": "February 23, 2025",
  "cover": "https://frithhilton.com.ng/musicpool/covers/15/345.jpg",
  "mp3_url": "https://frithhilton.com.ng/mp3/15/15.)Taking you home.mp3",
  "duration": 124.74,
  "id": "345",
  "lyrics": [
    {
      "line": "[Intro]",
      "annotations": {},
      "timestamp": "0"
    },
    {
      "line": "Fresh boy chilling",
      "annotations": {},
      "timestamp": "0"
    },
    {
      "line": "",
      "annotations": {},
      "timestamp": "0"
    },
    {
      "line": "[Chorus]",
      "annotations": {},
      "timestamp": "0"
    },
    {
      "line": "I should be taking you home",
      "annotations": {},
      "timestamp": "0"
    },
    {
      "line": "And she knows it",
      "annotations": {},
      "timestamp": "0"
    },
    {
      "line": "She’s saying when will I come around",
      "annotations": {},
      "timestamp": "0"
    },
    {
      "line": "Take her home",
      "annotations": {},
      "timestamp": "0"
    },
    {
      "line": "Let me know her parents, she says",
      "annotations": {},
      "timestamp": "0"
    },
    {
      "line": "",
      "annotations": {},
      "timestamp": "0"
    },
    {
      "line": "[Verse 1]",
      "annotations": {},
      "timestamp": "0"
    },
    {
      "line": "Pretty girl, duty girl",
      "annotations": {},
      "timestamp": "0"
    },
    {
      "line": "High you curve",
      "annotations": {},
      "timestamp": "0"
    },
    {
      "line": "Winter’s frozen shoes on me",
      "annotations": {},
      "timestamp": "0"
    },
    {
      "line": "I don’t know",
      "annotations": {},
      "timestamp": "0"
    },
    {
      "line": "You got me dancing better than I ever did girl",
      "annotations": {},
      "timestamp": "0"
    },
    {
      "line": "Speed it up, wrap it over me gush",
      "annotations": {},
      "timestamp": "0"
    },
    {
      "line": "Shovel sugar",
      "annotations": {},
      "timestamp": "0"
    },
    {
      "line": "Having me call your shoulder",
      "annotations": {},
      "timestamp": "0"
    },
    {
      "line": "Cuddler, wanna make her my land annul",
      "annotations": {},
      "timestamp": "0"
    },
    {
      "line": "All night long we gon’ make love to your songs",
      "annotations": {},
      "timestamp": "0"
    },
    {
      "line": "I could put you on, just my own superstar",
      "annotations": {},
      "timestamp": "0"
    },
    {
      "line": "",
      "annotations": {},
      "timestamp": "0"
    },
    {
      "line": "[Outro]",
      "annotations": {},
      "timestamp": "0"
    },
    {
      "line": "I should be taking you home and she knows it",
      "annotations": {},
      "timestamp": "0"
    },
    {
      "line": "She’s saying whеn will I come around",
      "annotations": {},
      "timestamp": "0"
    },
    {
      "line": "Take her homе",
      "annotations": {},
      "timestamp": "0"
    },
    {
      "line": "Let me know her parents, she says",
      "annotations": {},
      "timestamp": "0"
    },
    {
      "line": "She’s saying when will I come around",
      "annotations": {},
      "timestamp": "0"
    },
    {
      "line": "Take her home",
      "annotations": {},
      "timestamp": "0"
    },
    {
      "line": "Let me know her parents, she says",
      "annotations": {},
      "timestamp": "0"
    }
  ]
}