{
  "song_title": "Bedtime",
  "writer": "Frith Hilton",
  "release_date": "March 8, 2025",
  "cover": "https://frithhilton.com.ng/musicpool/covers/15/349.jpg",
  "mp3_url": "https://frithhilton.com.ng/mp3/15/19.)Bedtime.mp3",
  "duration": 172.548,
  "id": "349",
  "lyrics": [
    {
      "line": "[Intro]",
      "annotations": {},
      "timestamp": "0"
    },
    {
      "line": "Spell it",
      "annotations": {},
      "timestamp": "0"
    },
    {
      "line": "Fresh boy chilling",
      "annotations": {},
      "timestamp": "0"
    },
    {
      "line": "Girl, I need you to spell it",
      "annotations": {},
      "timestamp": "0"
    },
    {
      "line": "",
      "annotations": {},
      "timestamp": "0"
    },
    {
      "line": "[Verse 1]",
      "annotations": {},
      "timestamp": "0"
    },
    {
      "line": "She’s been asking me to spell it out",
      "annotations": {},
      "timestamp": "0"
    },
    {
      "line": "I’ve been drinking so much about my heart aches",
      "annotations": {},
      "timestamp": "0"
    },
    {
      "line": "She’s been asking about my bed time",
      "annotations": {},
      "timestamp": "0"
    },
    {
      "line": "I’ve been asking if she’ll help with stories",
      "annotations": {},
      "timestamp": "0"
    },
    {
      "line": "I’m a baby with a broken heart",
      "annotations": {},
      "timestamp": "0"
    },
    {
      "line": "Calling to a girl who’s got her own baby",
      "annotations": {},
      "timestamp": "0"
    },
    {
      "line": "I’m a grown man",
      "annotations": {},
      "timestamp": "0"
    },
    {
      "line": "Hoping one day I’ll say that",
      "annotations": {},
      "timestamp": "0"
    },
    {
      "line": "I’ll be laughing now",
      "annotations": {},
      "timestamp": "0"
    },
    {
      "line": "(laughter)",
      "annotations": {},
      "timestamp": "0"
    },
    {
      "line": "I just need my mood out of here",
      "annotations": {},
      "timestamp": "0"
    },
    {
      "line": "I don’t want to feel so h rny",
      "annotations": {},
      "timestamp": "0"
    },
    {
      "line": "I just need a bed time story",
      "annotations": {},
      "timestamp": "0"
    },
    {
      "line": "Can’t you help me out of this",
      "annotations": {},
      "timestamp": "0"
    },
    {
      "line": "",
      "annotations": {},
      "timestamp": "0"
    },
    {
      "line": "[Bridge]",
      "annotations": {},
      "timestamp": "0"
    },
    {
      "line": "Figures, in my head",
      "annotations": {},
      "timestamp": "0"
    },
    {
      "line": "Acting so greedy",
      "annotations": {},
      "timestamp": "0"
    },
    {
      "line": "I say god is greedy",
      "annotations": {},
      "timestamp": "0"
    },
    {
      "line": "I was talking about how some of my foes make some cash",
      "annotations": {},
      "timestamp": "0"
    },
    {
      "line": "",
      "annotations": {},
      "timestamp": "0"
    },
    {
      "line": "[Verse 2]",
      "annotations": {},
      "timestamp": "0"
    },
    {
      "line": "I need it now",
      "annotations": {},
      "timestamp": "0"
    },
    {
      "line": "In a funk, care pack out of here, the door",
      "annotations": {},
      "timestamp": "0"
    },
    {
      "line": "With this, she says she wants a rendition",
      "annotations": {},
      "timestamp": "0"
    },
    {
      "line": "I just say, just want sex",
      "annotations": {},
      "timestamp": "0"
    },
    {
      "line": "Is it too much, whеn love is not in my head",
      "annotations": {},
      "timestamp": "0"
    },
    {
      "line": "About to sell it out",
      "annotations": {},
      "timestamp": "0"
    },
    {
      "line": "Cash at thе doorstep, never gave it out",
      "annotations": {},
      "timestamp": "0"
    },
    {
      "line": "I’ve been the best",
      "annotations": {},
      "timestamp": "0"
    },
    {
      "line": "Maybe I'm just in love",
      "annotations": {},
      "timestamp": "0"
    },
    {
      "line": "",
      "annotations": {},
      "timestamp": "0"
    },
    {
      "line": "[Verse 3]",
      "annotations": {},
      "timestamp": "0"
    },
    {
      "line": "With this creative ass of mine",
      "annotations": {},
      "timestamp": "0"
    },
    {
      "line": "I’ll be tailing everywhere where they say love hurts",
      "annotations": {},
      "timestamp": "0"
    },
    {
      "line": "I lose everytime when this heart weighs heavier",
      "annotations": {},
      "timestamp": "0"
    },
    {
      "line": "Hades should hold me home",
      "annotations": {},
      "timestamp": "0"
    },
    {
      "line": "I need more lovers",
      "annotations": {},
      "timestamp": "0"
    },
    {
      "line": "I just need more lovers",
      "annotations": {},
      "timestamp": "0"
    },
    {
      "line": "With hearts heavier than anvils",
      "annotations": {},
      "timestamp": "0"
    },
    {
      "line": "Yeah",
      "annotations": {},
      "timestamp": "0"
    }
  ]
}