{
  "song_title": "Madness",
  "writer": "Frith Hilton",
  "release_date": "March 9, 2025",
  "cover": "https://frithhilton.com.ng/musicpool/covers/15/350.jpg",
  "mp3_url": "https://frithhilton.com.ng/mp3/15/20.)Madness.mp3",
  "duration": 157.32,
  "id": "350",
  "lyrics": [
    {
      "line": "[Intro]",
      "annotations": {},
      "timestamp": "0"
    },
    {
      "line": "What matters says I'm here",
      "annotations": {},
      "timestamp": "0"
    },
    {
      "line": "What does this",
      "annotations": {},
      "timestamp": "0"
    },
    {
      "line": "Heart weave through the pages of this story I'm writing",
      "annotations": {},
      "timestamp": "0"
    },
    {
      "line": "Is it to be loved or to love or are the two flowing",
      "annotations": {},
      "timestamp": "0"
    },
    {
      "line": "",
      "annotations": {},
      "timestamp": "0"
    },
    {
      "line": "[Verse 1]",
      "annotations": {},
      "timestamp": "0"
    },
    {
      "line": "Wake up with a smile on my face",
      "annotations": {},
      "timestamp": "0"
    },
    {
      "line": "I see myself going out of here",
      "annotations": {},
      "timestamp": "0"
    },
    {
      "line": "Out my head",
      "annotations": {},
      "timestamp": "0"
    },
    {
      "line": "Better be prepared",
      "annotations": {},
      "timestamp": "0"
    },
    {
      "line": "Is how you talk to me",
      "annotations": {},
      "timestamp": "0"
    },
    {
      "line": "Knowing that has gotten me this far",
      "annotations": {},
      "timestamp": "0"
    },
    {
      "line": "",
      "annotations": {},
      "timestamp": "0"
    },
    {
      "line": "[Chorus]",
      "annotations": {},
      "timestamp": "0"
    },
    {
      "line": "So when this madness I'm so familiar with comes",
      "annotations": {},
      "timestamp": "0"
    },
    {
      "line": "I’ll say",
      "annotations": {},
      "timestamp": "0"
    },
    {
      "line": "I’m okay with nothing to wrestle a win",
      "annotations": {},
      "timestamp": "0"
    },
    {
      "line": "I see it, I see it all of its detail",
      "annotations": {},
      "timestamp": "0"
    },
    {
      "line": "",
      "annotations": {},
      "timestamp": "0"
    },
    {
      "line": "[Verse 2]",
      "annotations": {},
      "timestamp": "0"
    },
    {
      "line": "Be the tale",
      "annotations": {},
      "timestamp": "0"
    },
    {
      "line": "Weekends like this",
      "annotations": {},
      "timestamp": "0"
    },
    {
      "line": "Feel like something to dip in",
      "annotations": {},
      "timestamp": "0"
    },
    {
      "line": "My feet, I wanna takе a swim on",
      "annotations": {},
      "timestamp": "0"
    },
    {
      "line": "Every soul I know",
      "annotations": {},
      "timestamp": "0"
    },
    {
      "line": "Tells me that I'm bеtter than I can",
      "annotations": {},
      "timestamp": "0"
    },
    {
      "line": "Oh",
      "annotations": {},
      "timestamp": "0"
    },
    {
      "line": "",
      "annotations": {},
      "timestamp": "0"
    },
    {
      "line": "[Outro]",
      "annotations": {},
      "timestamp": "0"
    },
    {
      "line": "Fresh boy chilling",
      "annotations": {},
      "timestamp": "0"
    }
  ]
}