{
  "song_title": "Clubbing sad",
  "writer": "Frith Hilton",
  "release_date": "March 13, 2025",
  "cover": "https://frithhilton.com.ng/musicpool/covers/15/351.jpg",
  "id": "351",
  "lyrics": [
  {
    "line": "[Intro]",
    "annotations": {}
  },
  {
    "line": "Fresh Boy Chilling",
    "annotations": {}
  },
  {
    "line": "Check it out, check it out",
    "annotations": {}
  },
  {
    "line": "It's Hilton's finest, Frith",
    "annotations": {}
  },
  {
    "line": "",
    "annotations": {}
  },
  {
    "line": "[Verse 1]",
    "annotations": {}
  },
  {
    "line": "All the boys give a salute, it's a gambit",
    "annotations": {}
  },
  {
    "line": "With tattoos that make you wanna barf on my ex girl’s hand",
    "annotations": {}
  },
  {
    "line": "Looking like something that she could never compose",
    "annotations": {}
  },
  {
    "line": "Eh? I'm better than a prose, she said",
    "annotations": {}
  },
  {
    "line": "So don't you tell me that I'm",
    "annotations": {}
  },
  {
    "line": "",
    "annotations": {}
  },
  {
    "line": "[Chorus]",
    "annotations": {}
  },
  {
    "line": "Wanted for breaking your heart",
    "annotations": {}
  },
  {
    "line": "That shit you wrote",
    "annotations": {}
  },
  {
    "line": "Has a wrong day post",
    "annotations": {}
  },
  {
    "line": "(What's wrong with Valentine?)",
    "annotations": {}
  },
  {
    "line": "I towed my heart till I got to her post",
    "annotations": {}
  },
  {
    "line": "And now I'm clubbing sad",
    "annotations": {}
  },
  {
    "line": "(Clubbing sad)",
    "annotations": {}
  },
  {
    "line": "She's got me clubbing sad",
    "annotations": {}
  },
  {
    "line": "(Clubbing sad)",
    "annotations": {}
  },
  {
    "line": "With girls looking like Jenner",
    "annotations": {}
  },
  {
    "line": "(Oh oh)",
    "annotations": {}
  },
  {
    "line": "Can I say that she's my doll",
    "annotations": {}
  },
  {
    "line": "Who has broken my heart",
    "annotations": {}
  },
  {
    "line": "Well, that's my lot",
    "annotations": {}
  },
  {
    "line": "That ends the plot I guess",
    "annotations": {}
  },
  {
    "line": "",
    "annotations": {}
  },
  {
    "line": "[Verse 2]",
    "annotations": {}
  },
  {
    "line": "Well, since I never had an ex girlfriend",
    "annotations": {}
  },
  {
    "line": "Who ever called me out for long ass written half-assed shit",
    "annotations": {}
  },
  {
    "line": "Now, I'm big and enough to say I bought that brief",
    "annotations": {}
  },
  {
    "line": "Yeah, she wore that the instant she got in",
    "annotations": {}
  },
  {
    "line": "With ass so fat, my momma told me I'll be a father soon",
    "annotations": {}
  },
  {
    "line": "Ha, ha",
    "annotations": {}
  },
  {
    "line": "",
    "annotations": {}
  },
  {
    "line": "[Chorus]",
    "annotations": {}
  },
  {
    "line": "Wanted (I hope) for breaking your heart",
    "annotations": {}
  },
  {
    "line": "That shit you wrote",
    "annotations": {}
  },
  {
    "line": "(Alter Ego)",
    "annotations": {}
  },
  {
    "line": "Has a wrong day post",
    "annotations": {}
  },
  {
    "line": "(Days to your new age, die at 27 please)",
    "annotations": {}
  },
  {
    "line": "I towed my heart till I got to her post",
    "annotations": {}
  },
  {
    "line": "And now I'm clubbing sad",
    "annotations": {}
  },
  {
    "line": "(Clubbing sad)",
    "annotations": {}
  },
  {
    "line": "She's got me clubbing sad",
    "annotations": {}
  },
  {
    "line": "(Clubbing sad)",
    "annotations": {}
  },
  {
    "line": "With girls looking like Jenner",
    "annotations": {}
  },
  {
    "line": "(Oh)",
    "annotations": {}
  },
  {
    "line": "Can I say that she's my doll",
    "annotations": {}
  },
  {
    "line": "Who has broken my heart",
    "annotations": {}
  },
  {
    "line": "Well, that's my lot",
    "annotations": {}
  },
  {
    "line": "That ends the plot I guess",
    "annotations": {}
  },
  {
    "line": "",
    "annotations": {}
  },
  {
    "line": "[Outro]",
    "annotations": {}
  },
  {
    "line": "Lisa, it'd be a sad Ibiza",
    "annotations": {}
  }]
}