{
  "song_title": "Number busy",
  "writer": "Frith Hilton",
  "release_date": "February 24, 2023",
  "cover": "https://frithhilton.com.ng/musicpool/covers/8/185.jpg",
  "mp3_url": "https://frithhilton.com.ng/mp3/8/2.)Number busy.mp3",
  "duration": 89.54775510204081,
  "id": "185",
  "lyrics": [
    {
      "line": "[Intro]",
      "annotations": {},
      "timestamp": "0"
    },
    {
      "line": "Sauce it up a bit",
      "annotations": {},
      "timestamp": "0"
    },
    {
      "line": "Turn the volume up",
      "annotations": {},
      "timestamp": "0"
    },
    {
      "line": "",
      "annotations": {},
      "timestamp": "0"
    },
    {
      "line": "[Verse 1]",
      "annotations": {},
      "timestamp": "0"
    },
    {
      "line": "Ever pondered",
      "annotations": {},
      "timestamp": "0"
    },
    {
      "line": "How he wonders",
      "annotations": {},
      "timestamp": "0"
    },
    {
      "line": "Does he ever come down",
      "annotations": {},
      "timestamp": "0"
    },
    {
      "line": "Take a bite off my funding",
      "annotations": {},
      "timestamp": "0"
    },
    {
      "line": "Her, female, I’ll take a late",
      "annotations": {},
      "timestamp": "0"
    },
    {
      "line": "It is coming up a burden",
      "annotations": {},
      "timestamp": "0"
    },
    {
      "line": "Yes another gun",
      "annotations": {},
      "timestamp": "0"
    },
    {
      "line": "I just took her phone",
      "annotations": {},
      "timestamp": "0"
    },
    {
      "line": "And I dialled her number raw",
      "annotations": {},
      "timestamp": "0"
    },
    {
      "line": "She sold me she’ll be with me",
      "annotations": {},
      "timestamp": "0"
    },
    {
      "line": "Father told her that I’ll be with her",
      "annotations": {},
      "timestamp": "0"
    },
    {
      "line": "Make my heart flutter like I’ve won",
      "annotations": {},
      "timestamp": "0"
    },
    {
      "line": "Fly opеn",
      "annotations": {},
      "timestamp": "0"
    },
    {
      "line": "That song, were you evеr done",
      "annotations": {},
      "timestamp": "0"
    },
    {
      "line": "The chinny yet on her",
      "annotations": {},
      "timestamp": "0"
    },
    {
      "line": "For something like her pulley won",
      "annotations": {},
      "timestamp": "0"
    },
    {
      "line": "For her a poem",
      "annotations": {},
      "timestamp": "0"
    },
    {
      "line": "That’s the only thing I dreamed of",
      "annotations": {},
      "timestamp": "0"
    },
    {
      "line": "Though you came",
      "annotations": {},
      "timestamp": "0"
    },
    {
      "line": "And you shined in me the light",
      "annotations": {},
      "timestamp": "0"
    },
    {
      "line": "I feel woozy, is it right?",
      "annotations": {},
      "timestamp": "0"
    }
  ]
}