{
  "song_title": "Raunch child",
  "writer": "Frith Hilton",
  "release_date": "February 24, 2023",
  "cover": "https://frithhilton.com.ng/musicpool/covers/8/187.jpg",
  "mp3_url": "https://frithhilton.com.ng/mp3/8/4.)Raunch child.mp3",
  "duration": 187.29795918367347,
  "id": "187",
  "lyrics": [
    {
      "line": "[Intro]",
      "annotations": {},
      "timestamp": "0"
    },
    {
      "line": "Movie, our movie",
      "annotations": {},
      "timestamp": "0"
    },
    {
      "line": "Oh oh oh oh",
      "annotations": {},
      "timestamp": "0"
    },
    {
      "line": "Please don’t say",
      "annotations": {},
      "timestamp": "0"
    },
    {
      "line": "Shot, shot, shot",
      "annotations": {},
      "timestamp": "0"
    },
    {
      "line": "It’s the only",
      "annotations": {},
      "timestamp": "0"
    },
    {
      "line": "Please don’t say",
      "annotations": {},
      "timestamp": "0"
    },
    {
      "line": "Shot, shot",
      "annotations": {},
      "timestamp": "0"
    },
    {
      "line": "It’s the only one",
      "annotations": {},
      "timestamp": "0"
    },
    {
      "line": "It’s the only one",
      "annotations": {},
      "timestamp": "0"
    },
    {
      "line": "",
      "annotations": {},
      "timestamp": "0"
    },
    {
      "line": "[Verse 1]",
      "annotations": {},
      "timestamp": "0"
    },
    {
      "line": "Not the girl",
      "annotations": {},
      "timestamp": "0"
    },
    {
      "line": "Had my raunch child",
      "annotations": {},
      "timestamp": "0"
    },
    {
      "line": "One time",
      "annotations": {},
      "timestamp": "0"
    },
    {
      "line": "I’m not going for it",
      "annotations": {},
      "timestamp": "0"
    },
    {
      "line": "I lost my only time",
      "annotations": {},
      "timestamp": "0"
    },
    {
      "line": "I got my old fetters",
      "annotations": {},
      "timestamp": "0"
    },
    {
      "line": "Over feeding",
      "annotations": {},
      "timestamp": "0"
    },
    {
      "line": "I can’t get off it",
      "annotations": {},
      "timestamp": "0"
    },
    {
      "line": "Can’t get off it",
      "annotations": {},
      "timestamp": "0"
    },
    {
      "line": "So I had help",
      "annotations": {},
      "timestamp": "0"
    },
    {
      "line": "Core with nip",
      "annotations": {},
      "timestamp": "0"
    },
    {
      "line": "You can call me anytime",
      "annotations": {},
      "timestamp": "0"
    },
    {
      "line": "You can call me",
      "annotations": {},
      "timestamp": "0"
    },
    {
      "line": "You can call me anytime",
      "annotations": {},
      "timestamp": "0"
    },
    {
      "line": "She’s my tennon",
      "annotations": {},
      "timestamp": "0"
    },
    {
      "line": "I’ll never give it right",
      "annotations": {},
      "timestamp": "0"
    },
    {
      "line": "I’ll never get it right",
      "annotations": {},
      "timestamp": "0"
    },
    {
      "line": "See I'm like kinda kind to her",
      "annotations": {},
      "timestamp": "0"
    },
    {
      "line": "Devil will make me jump her",
      "annotations": {},
      "timestamp": "0"
    },
    {
      "line": "See I'm jazzing in my head",
      "annotations": {},
      "timestamp": "0"
    },
    {
      "line": "Tryna get it right now",
      "annotations": {},
      "timestamp": "0"
    },
    {
      "line": "",
      "annotations": {},
      "timestamp": "0"
    },
    {
      "line": "[Bridge]",
      "annotations": {},
      "timestamp": "0"
    },
    {
      "line": "Oh oh oh",
      "annotations": {},
      "timestamp": "0"
    },
    {
      "line": "Can I hold on to my friend",
      "annotations": {},
      "timestamp": "0"
    },
    {
      "line": "Oh oh oh",
      "annotations": {},
      "timestamp": "0"
    },
    {
      "line": "I’m tryna solve it in my head",
      "annotations": {},
      "timestamp": "0"
    },
    {
      "line": "You should not see me now",
      "annotations": {},
      "timestamp": "0"
    },
    {
      "line": "You should not dream that",
      "annotations": {},
      "timestamp": "0"
    },
    {
      "line": "You should not be this over your head",
      "annotations": {},
      "timestamp": "0"
    },
    {
      "line": "",
      "annotations": {},
      "timestamp": "0"
    },
    {
      "line": "[Verse 2]",
      "annotations": {},
      "timestamp": "0"
    },
    {
      "line": "I’m headed to the top",
      "annotations": {},
      "timestamp": "0"
    },
    {
      "line": "With my hands on the back of my purse",
      "annotations": {},
      "timestamp": "0"
    },
    {
      "line": "I’m her lust",
      "annotations": {},
      "timestamp": "0"
    },
    {
      "line": "Not going nowhere far",
      "annotations": {},
      "timestamp": "0"
    },
    {
      "line": "Nowhere far",
      "annotations": {},
      "timestamp": "0"
    },
    {
      "line": "Just ride here on this",
      "annotations": {},
      "timestamp": "0"
    },
    {
      "line": "Over and over I try it again",
      "annotations": {},
      "timestamp": "0"
    },
    {
      "line": "Over and over, am I mulling in the sea",
      "annotations": {},
      "timestamp": "0"
    },
    {
      "line": "I see eye sees",
      "annotations": {},
      "timestamp": "0"
    },
    {
      "line": "The more of there is",
      "annotations": {},
      "timestamp": "0"
    },
    {
      "line": "All I see, all I see, all I see",
      "annotations": {},
      "timestamp": "0"
    },
    {
      "line": "Is more scheming bees",
      "annotations": {},
      "timestamp": "0"
    },
    {
      "line": "But I never get it right",
      "annotations": {},
      "timestamp": "0"
    },
    {
      "line": "Never get it right",
      "annotations": {},
      "timestamp": "0"
    },
    {
      "line": "If I get stunned",
      "annotations": {},
      "timestamp": "0"
    },
    {
      "line": "Never get it right",
      "annotations": {},
      "timestamp": "0"
    },
    {
      "line": "Never get it right",
      "annotations": {},
      "timestamp": "0"
    },
    {
      "line": "Through her case time",
      "annotations": {},
      "timestamp": "0"
    },
    {
      "line": "It’s a freestyle",
      "annotations": {},
      "timestamp": "0"
    },
    {
      "line": "It’s a “be” time",
      "annotations": {},
      "timestamp": "0"
    },
    {
      "line": "It’s the winning time",
      "annotations": {},
      "timestamp": "0"
    },
    {
      "line": "I just k!ll my figure, rhyme",
      "annotations": {},
      "timestamp": "0"
    },
    {
      "line": "Time, give me some time",
      "annotations": {},
      "timestamp": "0"
    },
    {
      "line": "Maybe you k!lled the vibe",
      "annotations": {},
      "timestamp": "0"
    },
    {
      "line": "K!ll the vibe and take a tie",
      "annotations": {},
      "timestamp": "0"
    },
    {
      "line": "And take my love",
      "annotations": {},
      "timestamp": "0"
    },
    {
      "line": "Like it never could depart",
      "annotations": {},
      "timestamp": "0"
    },
    {
      "line": "I’m palavering",
      "annotations": {},
      "timestamp": "0"
    },
    {
      "line": "Taking my shot like it is not weighing",
      "annotations": {},
      "timestamp": "0"
    },
    {
      "line": "Oh oh oh oh whoa",
      "annotations": {},
      "timestamp": "0"
    }
  ]
}