{
  "song_title": "Jekyll",
  "writer": "Frith Hilton",
  "release_date": "April 28, 2023",
  "cover": "https://unluckiest-refund.000webhostapp.com/Lantern/Track%205/Cover.jpg",
  "mp3_url": "https://frithhilton.com.ng/mp3/8/5.)Jekyll.mp3",
  "duration": 151.7191836734694,
  "id": "188",
  "lyrics": [
    {
      "line": "[Intro]",
      "annotations": {},
      "timestamp": "0"
    },
    {
      "line": "Oh oh oh oh",
      "annotations": {},
      "timestamp": "0"
    },
    {
      "line": "",
      "annotations": {},
      "timestamp": "0"
    },
    {
      "line": "[Chorus]",
      "annotations": {},
      "timestamp": "0"
    },
    {
      "line": "I’m the jekyll who is always",
      "annotations": {},
      "timestamp": "0"
    },
    {
      "line": "Always in love",
      "annotations": {},
      "timestamp": "0"
    },
    {
      "line": "And she knows that my heart flutters",
      "annotations": {},
      "timestamp": "0"
    },
    {
      "line": "I’m the rebel who’s never picking calls",
      "annotations": {},
      "timestamp": "0"
    },
    {
      "line": "Whoa",
      "annotations": {},
      "timestamp": "0"
    },
    {
      "line": "",
      "annotations": {},
      "timestamp": "0"
    },
    {
      "line": "[Verse 1]",
      "annotations": {},
      "timestamp": "0"
    },
    {
      "line": "Tell me that I made it",
      "annotations": {},
      "timestamp": "0"
    },
    {
      "line": "To the front row",
      "annotations": {},
      "timestamp": "0"
    },
    {
      "line": "Call it tabu",
      "annotations": {},
      "timestamp": "0"
    },
    {
      "line": "My mind’s on",
      "annotations": {},
      "timestamp": "0"
    },
    {
      "line": "It’s on you",
      "annotations": {},
      "timestamp": "0"
    },
    {
      "line": "Think her code a shot",
      "annotations": {},
      "timestamp": "0"
    },
    {
      "line": "Put her where the longing is",
      "annotations": {},
      "timestamp": "0"
    },
    {
      "line": "In new den",
      "annotations": {},
      "timestamp": "0"
    },
    {
      "line": "It never comes down",
      "annotations": {},
      "timestamp": "0"
    },
    {
      "line": "It never comes down",
      "annotations": {},
      "timestamp": "0"
    },
    {
      "line": "When I'm with you",
      "annotations": {},
      "timestamp": "0"
    },
    {
      "line": "Not when I'm with you",
      "annotations": {},
      "timestamp": "0"
    },
    {
      "line": "",
      "annotations": {},
      "timestamp": "0"
    },
    {
      "line": "[Bridge]",
      "annotations": {},
      "timestamp": "0"
    },
    {
      "line": "Cos, you’re always here",
      "annotations": {},
      "timestamp": "0"
    },
    {
      "line": "Take care rib, now it’s always here",
      "annotations": {},
      "timestamp": "0"
    },
    {
      "line": "Oh, I do",
      "annotations": {},
      "timestamp": "0"
    },
    {
      "line": "Oh my dear, it is always here",
      "annotations": {},
      "timestamp": "0"
    },
    {
      "line": "Sell you away",
      "annotations": {},
      "timestamp": "0"
    },
    {
      "line": "Oh, it is always",
      "annotations": {},
      "timestamp": "0"
    },
    {
      "line": "",
      "annotations": {},
      "timestamp": "0"
    },
    {
      "line": "[Verse 2]",
      "annotations": {},
      "timestamp": "0"
    },
    {
      "line": "Oh I am not myself",
      "annotations": {},
      "timestamp": "0"
    },
    {
      "line": "Don’t need a bottle to feel it",
      "annotations": {},
      "timestamp": "0"
    },
    {
      "line": "Don’t need another top to top my love",
      "annotations": {},
      "timestamp": "0"
    },
    {
      "line": "I’m right here, saying that it is over",
      "annotations": {},
      "timestamp": "0"
    },
    {
      "line": "And nearer again",
      "annotations": {},
      "timestamp": "0"
    },
    {
      "line": "I don’t see your piece of missing, h ll no",
      "annotations": {},
      "timestamp": "0"
    },
    {
      "line": "Cos it feels that you’re always here",
      "annotations": {},
      "timestamp": "0"
    },
    {
      "line": "Singing in my head",
      "annotations": {},
      "timestamp": "0"
    },
    {
      "line": "Prepare, I ain’t dying now, you know",
      "annotations": {},
      "timestamp": "0"
    },
    {
      "line": "",
      "annotations": {},
      "timestamp": "0"
    },
    {
      "line": "[Chorus]",
      "annotations": {},
      "timestamp": "0"
    },
    {
      "line": "I’m the jekyll who is always",
      "annotations": {},
      "timestamp": "0"
    },
    {
      "line": "Always in love",
      "annotations": {},
      "timestamp": "0"
    },
    {
      "line": "And she knows that my heart flutters",
      "annotations": {},
      "timestamp": "0"
    },
    {
      "line": "I’m the rebel who’s never picking calls",
      "annotations": {},
      "timestamp": "0"
    },
    {
      "line": "Whoa",
      "annotations": {},
      "timestamp": "0"
    }
  ]
}