{
  "song_title": "God of clean",
  "writer": "Frith Hilton",
  "release_date": "April 29, 2023",
  "cover": "https://frithhilton.com.ng/musicpool/covers/8/189.jpg",
  "mp3_url": "https://frithhilton.com.ng/mp3/8/6.)God of clean.mp3",
  "duration": 230.7657142857143,
  "id": "189",
  "lyrics": [
    {
      "line": "[Intro]",
      "annotations": {},
      "timestamp": "0"
    },
    {
      "line": "Pooh, you’re on your own",
      "annotations": {},
      "timestamp": "0"
    },
    {
      "line": "How it goes, how it switches",
      "annotations": {},
      "timestamp": "0"
    },
    {
      "line": "(your home is in europe.)",
      "annotations": {},
      "timestamp": "0"
    },
    {
      "line": "My heart feels different",
      "annotations": {},
      "timestamp": "0"
    },
    {
      "line": "I’m growing",
      "annotations": {},
      "timestamp": "0"
    },
    {
      "line": "Oh well, one day I’ll be what I wanna be",
      "annotations": {},
      "timestamp": "0"
    },
    {
      "line": "Right next to you is where I wanna be",
      "annotations": {},
      "timestamp": "0"
    },
    {
      "line": "",
      "annotations": {},
      "timestamp": "0"
    },
    {
      "line": "[Verse 1]",
      "annotations": {},
      "timestamp": "0"
    },
    {
      "line": "I’on’t really know",
      "annotations": {},
      "timestamp": "0"
    },
    {
      "line": "Would it ever go wrong",
      "annotations": {},
      "timestamp": "0"
    },
    {
      "line": "Maybe I feel that I'm your lil born",
      "annotations": {},
      "timestamp": "0"
    },
    {
      "line": "A lie, our real bond, our real bond",
      "annotations": {},
      "timestamp": "0"
    },
    {
      "line": "I’m born again",
      "annotations": {},
      "timestamp": "0"
    },
    {
      "line": "H ll, but in my head, I don’t feel the same",
      "annotations": {},
      "timestamp": "0"
    },
    {
      "line": "When you’re next to me, I don’t feel the same",
      "annotations": {},
      "timestamp": "0"
    },
    {
      "line": "As the words don’t ever feel the same",
      "annotations": {},
      "timestamp": "0"
    },
    {
      "line": "Feel the same, I'm in my brain and I feel sane",
      "annotations": {},
      "timestamp": "0"
    },
    {
      "line": "I’m right herе, what you wanna do",
      "annotations": {},
      "timestamp": "0"
    },
    {
      "line": "We can stay here, what you wanna say",
      "annotations": {},
      "timestamp": "0"
    },
    {
      "line": "Wе could say yeah",
      "annotations": {},
      "timestamp": "0"
    },
    {
      "line": "So we are happy, you happy fool",
      "annotations": {},
      "timestamp": "0"
    },
    {
      "line": "I ‘on’t really give a fuck though",
      "annotations": {},
      "timestamp": "0"
    },
    {
      "line": "I’m feeling like it’s enough though",
      "annotations": {},
      "timestamp": "0"
    },
    {
      "line": "What they say, I ‘on’t really get it though",
      "annotations": {},
      "timestamp": "0"
    },
    {
      "line": "Like oh oh",
      "annotations": {},
      "timestamp": "0"
    },
    {
      "line": "It feels really quiet",
      "annotations": {},
      "timestamp": "0"
    },
    {
      "line": "And my heart’s not, and my thoughts",
      "annotations": {},
      "timestamp": "0"
    },
    {
      "line": "So over the place",
      "annotations": {},
      "timestamp": "0"
    },
    {
      "line": "Make the ville so loud",
      "annotations": {},
      "timestamp": "0"
    },
    {
      "line": "Would you get me out",
      "annotations": {},
      "timestamp": "0"
    },
    {
      "line": "Talk to me",
      "annotations": {},
      "timestamp": "0"
    },
    {
      "line": "I ‘on’t really know",
      "annotations": {},
      "timestamp": "0"
    },
    {
      "line": "I don’t know the difference",
      "annotations": {},
      "timestamp": "0"
    },
    {
      "line": "Would you get me out",
      "annotations": {},
      "timestamp": "0"
    },
    {
      "line": "Talk to me",
      "annotations": {},
      "timestamp": "0"
    },
    {
      "line": "I ‘on’t really know",
      "annotations": {},
      "timestamp": "0"
    },
    {
      "line": "The goddamn difference",
      "annotations": {},
      "timestamp": "0"
    },
    {
      "line": "Mine, I feel it’s mine",
      "annotations": {},
      "timestamp": "0"
    },
    {
      "line": "Why they take it all the time",
      "annotations": {},
      "timestamp": "0"
    },
    {
      "line": "",
      "annotations": {},
      "timestamp": "0"
    },
    {
      "line": "[Verse 2]",
      "annotations": {},
      "timestamp": "0"
    },
    {
      "line": "I ‘on’t wanna feel like I'm out here whining",
      "annotations": {},
      "timestamp": "0"
    },
    {
      "line": "I just feel I should be out there grinding",
      "annotations": {},
      "timestamp": "0"
    },
    {
      "line": "Something like sipping my fair drink of trying",
      "annotations": {},
      "timestamp": "0"
    },
    {
      "line": "To keep my cool when I'm smiling",
      "annotations": {},
      "timestamp": "0"
    },
    {
      "line": "Yes she knows that I'm fine",
      "annotations": {},
      "timestamp": "0"
    },
    {
      "line": "I’m one to bite in",
      "annotations": {},
      "timestamp": "0"
    },
    {
      "line": "On that thing that she knows is really crying loud",
      "annotations": {},
      "timestamp": "0"
    },
    {
      "line": "What you did to me",
      "annotations": {},
      "timestamp": "0"
    },
    {
      "line": "You received the damn pin",
      "annotations": {},
      "timestamp": "0"
    },
    {
      "line": "I ‘on’t really know",
      "annotations": {},
      "timestamp": "0"
    },
    {
      "line": "I just feel like I'm in a damn pit",
      "annotations": {},
      "timestamp": "0"
    },
    {
      "line": "There is no devil in here",
      "annotations": {},
      "timestamp": "0"
    },
    {
      "line": "Just me, just me",
      "annotations": {},
      "timestamp": "0"
    },
    {
      "line": "And I feel like I'm half evil",
      "annotations": {},
      "timestamp": "0"
    },
    {
      "line": "And it is no light on",
      "annotations": {},
      "timestamp": "0"
    },
    {
      "line": "And the dark is coming",
      "annotations": {},
      "timestamp": "0"
    },
    {
      "line": "I just know that you will be coming",
      "annotations": {},
      "timestamp": "0"
    },
    {
      "line": "And it makes me feel so good",
      "annotations": {},
      "timestamp": "0"
    },
    {
      "line": "Lucky, I feel so good",
      "annotations": {},
      "timestamp": "0"
    },
    {
      "line": "Even when I'm down",
      "annotations": {},
      "timestamp": "0"
    },
    {
      "line": "I feel good",
      "annotations": {},
      "timestamp": "0"
    },
    {
      "line": "I just gotta take my mind off and think of you",
      "annotations": {},
      "timestamp": "0"
    },
    {
      "line": "Was it hard? hard, making songs for you",
      "annotations": {},
      "timestamp": "0"
    },
    {
      "line": "I ‘on’t really know, maybe when I feel it is good",
      "annotations": {},
      "timestamp": "0"
    },
    {
      "line": "Half done, in my head like I'm tryna work her legal",
      "annotations": {},
      "timestamp": "0"
    },
    {
      "line": "It is the chock , oh it’s chock, damn obstructing every time",
      "annotations": {},
      "timestamp": "0"
    },
    {
      "line": "Trust issues, ah",
      "annotations": {},
      "timestamp": "0"
    },
    {
      "line": "Made the jump, make you feel like you’ve got pictures",
      "annotations": {},
      "timestamp": "0"
    },
    {
      "line": "Of being my better self, being my better self, yeah",
      "annotations": {},
      "timestamp": "0"
    },
    {
      "line": "I’ma be my better self",
      "annotations": {},
      "timestamp": "0"
    },
    {
      "line": "Headed to take a jump, so what I won",
      "annotations": {},
      "timestamp": "0"
    },
    {
      "line": "Yeah, I'ma be my better self",
      "annotations": {},
      "timestamp": "0"
    },
    {
      "line": "Sober for years, like he’s that god of clean",
      "annotations": {},
      "timestamp": "0"
    },
    {
      "line": "Yeah, I think so",
      "annotations": {},
      "timestamp": "0"
    },
    {
      "line": "It should be",
      "annotations": {},
      "timestamp": "0"
    }
  ]
}