{
  "song_title": "Hungry man",
  "writer": "Frith Hilton",
  "release_date": "March 7, 2023",
  "cover": "https://frithhilton.com.ng/musicpool/covers/8/190.jpg",
  "mp3_url": "https://frithhilton.com.ng/mp3/8/7.)Hungry man.mp3",
  "duration": 171.28489795918367,
  "id": "190",
  "lyrics": [
    {
      "line": "[Verse 1]",
      "annotations": {},
      "timestamp": "0"
    },
    {
      "line": "Register, I'm taking my affairs seriously",
      "annotations": {},
      "timestamp": "0"
    },
    {
      "line": "I don’t give a fuck what they say",
      "annotations": {},
      "timestamp": "0"
    },
    {
      "line": "I’m with the facade like an edifice",
      "annotations": {},
      "timestamp": "0"
    },
    {
      "line": "I don’t give a fuck what they put on this time",
      "annotations": {},
      "timestamp": "0"
    },
    {
      "line": "I’m a man",
      "annotations": {},
      "timestamp": "0"
    },
    {
      "line": "So you come around and help me with my plans",
      "annotations": {},
      "timestamp": "0"
    },
    {
      "line": "You can have my hands",
      "annotations": {},
      "timestamp": "0"
    },
    {
      "line": "Say my name, I get it",
      "annotations": {},
      "timestamp": "0"
    },
    {
      "line": "I don’t give a fuck what they say on the reddit",
      "annotations": {},
      "timestamp": "0"
    },
    {
      "line": "What they put on my very frame",
      "annotations": {},
      "timestamp": "0"
    },
    {
      "line": "Got my headphones",
      "annotations": {},
      "timestamp": "0"
    },
    {
      "line": "Saying I was plugged",
      "annotations": {},
      "timestamp": "0"
    },
    {
      "line": "Taking her sorrow",
      "annotations": {},
      "timestamp": "0"
    },
    {
      "line": "Not good a goal",
      "annotations": {},
      "timestamp": "0"
    },
    {
      "line": "I don’t know",
      "annotations": {},
      "timestamp": "0"
    },
    {
      "line": "What put me on",
      "annotations": {},
      "timestamp": "0"
    },
    {
      "line": "Maybe it is a taste of this or diss or these days",
      "annotations": {},
      "timestamp": "0"
    },
    {
      "line": "You want me in more tears",
      "annotations": {},
      "timestamp": "0"
    },
    {
      "line": "Why",
      "annotations": {},
      "timestamp": "0"
    },
    {
      "line": "You want me and I don’t get it",
      "annotations": {},
      "timestamp": "0"
    },
    {
      "line": "",
      "annotations": {},
      "timestamp": "0"
    },
    {
      "line": "[Verse 2]",
      "annotations": {},
      "timestamp": "0"
    },
    {
      "line": "Chapter, there a freak o lane",
      "annotations": {},
      "timestamp": "0"
    },
    {
      "line": "I’m not what you say I pray",
      "annotations": {},
      "timestamp": "0"
    },
    {
      "line": "Am I the devil",
      "annotations": {},
      "timestamp": "0"
    },
    {
      "line": "I’m not the only one",
      "annotations": {},
      "timestamp": "0"
    },
    {
      "line": "Am I the one who has never been better",
      "annotations": {},
      "timestamp": "0"
    },
    {
      "line": "It just gets quieter",
      "annotations": {},
      "timestamp": "0"
    },
    {
      "line": "When I take my time",
      "annotations": {},
      "timestamp": "0"
    },
    {
      "line": "I ponder when the song makes it mine",
      "annotations": {},
      "timestamp": "0"
    },
    {
      "line": "Does it ever make it mine",
      "annotations": {},
      "timestamp": "0"
    },
    {
      "line": "Your smile go a long line",
      "annotations": {},
      "timestamp": "0"
    },
    {
      "line": "Meaning I'm alone",
      "annotations": {},
      "timestamp": "0"
    },
    {
      "line": "",
      "annotations": {},
      "timestamp": "0"
    },
    {
      "line": "[Outro]",
      "annotations": {},
      "timestamp": "0"
    },
    {
      "line": "Maybe a rothschild smile, hmm",
      "annotations": {},
      "timestamp": "0"
    },
    {
      "line": "New m",
      "annotations": {},
      "timestamp": "0"
    },
    {
      "line": "I remember in my office",
      "annotations": {},
      "timestamp": "0"
    },
    {
      "line": "Like just being myself",
      "annotations": {},
      "timestamp": "0"
    },
    {
      "line": "Just like",
      "annotations": {},
      "timestamp": "0"
    },
    {
      "line": "Oh, I’ll never meet one",
      "annotations": {},
      "timestamp": "0"
    },
    {
      "line": "Like never, or talk to one",
      "annotations": {},
      "timestamp": "0"
    }
  ]
}