{
  "song_title": "Lantern",
  "writer": "Frith Hilton",
  "release_date": "April 29, 2023",
  "cover": "",
  "mp3_url": "",
  "duration": 171.28489795918367,
  "id": "191",
  "lyrics": [
  {
    "line": "[Intro]",
    "annotations": {}
  },
  {
    "line": "Oh-oh-oh-oh-oh up",
    "annotations": {}
  },
  {
    "line": "Home, gone",
    "annotations": {}
  },
  {
    "line": "",
    "annotations": {}
  },
  {
    "line": "[Verse 1]",
    "annotations": {}
  },
  {
    "line": "Feel with me",
    "annotations": {}
  },
  {
    "line": "A day within",
    "annotations": {}
  },
  {
    "line": "On an ever ever rung",
    "annotations": {}
  },
  {
    "line": "See it written",
    "annotations": {}
  },
  {
    "line": "A flint flame",
    "annotations": {}
  },
  {
    "line": "Now sputtering",
    "annotations": {}
  },
  {
    "line": "On my tod",
    "annotations": {}
  },
  {
    "line": "On my tod",
    "annotations": {}
  },
  {
    "line": "Part of a recall",
    "annotations": {}
  },
  {
    "line": "Our lil sorry",
    "annotations": {}
  },
  {
    "line": "On my tod",
    "annotations": {}
  },
  {
    "line": "Pardon my record",
    "annotations": {}
  },
  {
    "line": "Deal, it's your dibs",
    "annotations": {}
  },
  {
    "line": "It should have been me",
    "annotations": {}
  },
  {
    "line": "Your dip, your dibs",
    "annotations": {}
  },
  {
    "line": "It should have been me",
    "annotations": {}
  },
  {
    "line": "Fade up",
    "annotations": {}
  },
  {
    "line": "Damn our level was enough",
    "annotations": {}
  },
  {
    "line": "Blossom, fairing in a sun",
    "annotations": {}
  }]
}
