{
  "song_title": "3:30",
  "writer": "Frith Hilton",
  "release_date": "April 28, 2023",
  "cover": "",
  "mp3_url": "",
  "duration": 187.74204081632652,
  "id": "192",
  "lyrics": [
  {
    "line": "[Intro]",
    "annotations": {}
  },
  {
    "line": "Oh oh oh",
    "annotations": {}
  },
  {
    "line": "Yeah",
    "annotations": {}
  },
  {
    "line": "Come on",
    "annotations": {}
  },
  {
    "line": "What you know",
    "annotations": {}
  },
  {
    "line": "They say it",
    "annotations": {}
  },
  {
    "line": "Come on",
    "annotations": {}
  },
  {
    "line": "What you know",
    "annotations": {}
  },
  {
    "line": "They say",
    "annotations": {}
  },
  {
    "line": "I got the manner",
    "annotations": {}
  },
  {
    "line": "(Oh)",
    "annotations": {}
  },
  {
    "line": "Felicity, felicity",
    "annotations": {}
  },
  {
    "line": "I got the manner",
    "annotations": {}
  },
  {
    "line": "(Oh)",
    "annotations": {}
  },
  {
    "line": "Felicity, felicity",
    "annotations": {}
  },
  {
    "line": "",
    "annotations": {}
  },
  {
    "line": "[Verse 1]",
    "annotations": {}
  },
  {
    "line": "Better when I am on my own",
    "annotations": {}
  },
  {
    "line": "Better when with my own",
    "annotations": {}
  },
  {
    "line": "Better when I am on my own",
    "annotations": {}
  },
  {
    "line": "Better when I'm with my own",
    "annotations": {}
  },
  {
    "line": "(Milou)",
    "annotations": {}
  },
  {
    "line": "You can find no skald on me",
    "annotations": {}
  },
  {
    "line": "Just a couple scars",
    "annotations": {}
  },
  {
    "line": "You can find some pretty girls",
    "annotations": {}
  },
  {
    "line": "Oh it's so nice",
    "annotations": {}
  },
  {
    "line": "Body, body",
    "annotations": {}
  },
  {
    "line": "Come around if you wanna party",
    "annotations": {}
  },
  {
    "line": "Hang by no time",
    "annotations": {}
  },
  {
    "line": "Feeling naughty",
    "annotations": {}
  },
  {
    "line": "Thought I told her",
    "annotations": {}
  },
  {
    "line": "Better be there",
    "annotations": {}
  },
  {
    "line": "If she can make it by 3:30",
    "annotations": {}
  },
  {
    "line": "What you say",
    "annotations": {}
  },
  {
    "line": "What you said, ah",
    "annotations": {}
  },
  {
    "line": "My mind spinning",
    "annotations": {}
  },
  {
    "line": "Feeling like I can't hit the",
    "annotations": {}
  },
  {
    "line": "Bed aid, bedding",
    "annotations": {}
  },
  {
    "line": "",
    "annotations": {}
  },
  {
    "line": "[Bridge]",
    "annotations": {}
  },
  {
    "line": "She said, she said",
    "annotations": {}
  },
  {
    "line": "She only wanted my, my love",
    "annotations": {}
  },
  {
    "line": "She said, she said",
    "annotations": {}
  },
  {
    "line": "She only wanted my love",
    "annotations": {}
  },
  {
    "line": "",
    "annotations": {}
  },
  {
    "line": "[Aside]",
    "annotations": {}
  },
  {
    "line": "And it went",
    "annotations": {}
  },
  {
    "line": "The first time",
    "annotations": {}
  },
  {
    "line": "When I saw you on the tv",
    "annotations": {}
  },
  {
    "line": "And I said I was",
    "annotations": {}
  },
  {
    "line": "Gonna get Kendall as my girl",
    "annotations": {}
  },
  {
    "line": "And just had to walk towards it",
    "annotations": {}
  },
  {
    "line": "",
    "annotations": {}
  },
  {
    "line": "[Verse 3]",
    "annotations": {}
  },
  {
    "line": "Told you I dreamed of you",
    "annotations": {}
  },
  {
    "line": "Told you I dreamed of you",
    "annotations": {}
  },
  {
    "line": "Never day, nor the night",
    "annotations": {}
  },
  {
    "line": "Duh!",
    "annotations": {}
  },
  {
    "line": "(Laughter)",
    "annotations": {}
  },
  {
    "line": "",
    "annotations": {}
  },
  {
    "line": "[Outro]",
    "annotations": {}
  },
  {
    "line": "Oh, I love her",
    "annotations": {}
  },
  {
    "line": "I love my baby like Jenner Kendall",
    "annotations": {}
  },
  {
    "line": "Call her like B",
    "annotations": {}
  },
  {
    "line": "The deal with the witty",
    "annotations": {}
  },
  {
    "line": "I don't give a fuck",
    "annotations": {}
  },
  {
    "line": "Like these other writer's get up",
    "annotations": {}
  },
  {
    "line": "I just get around",
    "annotations": {}
  },
  {
    "line": "Feeling like I've always cheated",
    "annotations": {}
  }]
}