{
  "song_title": "Shire",
  "writer": "Frith Hilton",
  "release_date": "April 28, 2023",
  "cover": "https://frithhilton.com.ng/musicpool/covers/8/195.jpg",
  "mp3_url": "https://frithhilton.com.ng/mp3/8/12.)Shire.mp3",
  "duration": 189.0742857142857,
  "id": "195",
  "lyrics": [
    {
      "line": "[Intro]",
      "annotations": {},
      "timestamp": "0"
    },
    {
      "line": "Say you want it too",
      "annotations": {},
      "timestamp": "0"
    },
    {
      "line": "I want it too",
      "annotations": {},
      "timestamp": "0"
    },
    {
      "line": "I’ll buy it too",
      "annotations": {},
      "timestamp": "0"
    },
    {
      "line": "I want it too",
      "annotations": {},
      "timestamp": "0"
    },
    {
      "line": "I’ll fight for you",
      "annotations": {},
      "timestamp": "0"
    },
    {
      "line": "",
      "annotations": {},
      "timestamp": "0"
    },
    {
      "line": "[Verse 1]",
      "annotations": {},
      "timestamp": "0"
    },
    {
      "line": "Get it going",
      "annotations": {},
      "timestamp": "0"
    },
    {
      "line": "Off the bench",
      "annotations": {},
      "timestamp": "0"
    },
    {
      "line": "Eyeing that man",
      "annotations": {},
      "timestamp": "0"
    },
    {
      "line": "Counting his cheques",
      "annotations": {},
      "timestamp": "0"
    },
    {
      "line": "I never had the bands",
      "annotations": {},
      "timestamp": "0"
    },
    {
      "line": "That’s a fact",
      "annotations": {},
      "timestamp": "0"
    },
    {
      "line": "When it is damn time",
      "annotations": {},
      "timestamp": "0"
    },
    {
      "line": "Meet him outside",
      "annotations": {},
      "timestamp": "0"
    },
    {
      "line": "And she damn know it",
      "annotations": {},
      "timestamp": "0"
    },
    {
      "line": "She damn know it",
      "annotations": {},
      "timestamp": "0"
    },
    {
      "line": "I never won a mill",
      "annotations": {},
      "timestamp": "0"
    },
    {
      "line": "I’m always on my prof",
      "annotations": {},
      "timestamp": "0"
    },
    {
      "line": "Yes she know it",
      "annotations": {},
      "timestamp": "0"
    },
    {
      "line": "You should know it",
      "annotations": {},
      "timestamp": "0"
    },
    {
      "line": "I’m locked; this profane",
      "annotations": {},
      "timestamp": "0"
    },
    {
      "line": "",
      "annotations": {},
      "timestamp": "0"
    },
    {
      "line": "[Verse 2]",
      "annotations": {},
      "timestamp": "0"
    },
    {
      "line": "Sorry, sorry for our date away",
      "annotations": {},
      "timestamp": "0"
    },
    {
      "line": "Sorry, sorry isn’t my pen away?",
      "annotations": {},
      "timestamp": "0"
    },
    {
      "line": "Thrill, hoot your body",
      "annotations": {},
      "timestamp": "0"
    },
    {
      "line": "Here with me",
      "annotations": {},
      "timestamp": "0"
    },
    {
      "line": "When I'm feeling I can’t get on your ride",
      "annotations": {},
      "timestamp": "0"
    },
    {
      "line": "I unnerve myself when I'm not with you",
      "annotations": {},
      "timestamp": "0"
    },
    {
      "line": "Poor paddy",
      "annotations": {},
      "timestamp": "0"
    },
    {
      "line": "I love it when it is your body",
      "annotations": {},
      "timestamp": "0"
    },
    {
      "line": "Will I ever get it right",
      "annotations": {},
      "timestamp": "0"
    },
    {
      "line": "It is your body",
      "annotations": {},
      "timestamp": "0"
    },
    {
      "line": "I’m not myself, well I met the anejo",
      "annotations": {},
      "timestamp": "0"
    },
    {
      "line": "And I'm not in applausе",
      "annotations": {},
      "timestamp": "0"
    },
    {
      "line": "Tell me it is not certain",
      "annotations": {},
      "timestamp": "0"
    },
    {
      "line": "I’m not lеtter, a verse",
      "annotations": {},
      "timestamp": "0"
    },
    {
      "line": "That’s why, yes knock on my shoo",
      "annotations": {},
      "timestamp": "0"
    },
    {
      "line": "I’m in the party so crack your shit up",
      "annotations": {},
      "timestamp": "0"
    },
    {
      "line": "I ain’t got no time just to be the prey either",
      "annotations": {},
      "timestamp": "0"
    },
    {
      "line": "Hand in my air",
      "annotations": {},
      "timestamp": "0"
    },
    {
      "line": "Like I'm tryna move shit",
      "annotations": {},
      "timestamp": "0"
    },
    {
      "line": "I’m in my movie, it’s not going away",
      "annotations": {},
      "timestamp": "0"
    },
    {
      "line": "Whether she down",
      "annotations": {},
      "timestamp": "0"
    },
    {
      "line": "Am I?",
      "annotations": {},
      "timestamp": "0"
    },
    {
      "line": "She’s that woman",
      "annotations": {},
      "timestamp": "0"
    },
    {
      "line": "I’m not fooling around",
      "annotations": {},
      "timestamp": "0"
    },
    {
      "line": "I’m caught in the rain",
      "annotations": {},
      "timestamp": "0"
    },
    {
      "line": "I made her mine",
      "annotations": {},
      "timestamp": "0"
    },
    {
      "line": "I’m surreal living",
      "annotations": {},
      "timestamp": "0"
    },
    {
      "line": "I’m taking this time to feign your leaving",
      "annotations": {},
      "timestamp": "0"
    },
    {
      "line": "Like I'm for her dain’t in my brailling",
      "annotations": {},
      "timestamp": "0"
    },
    {
      "line": "Moving this other reign",
      "annotations": {},
      "timestamp": "0"
    },
    {
      "line": "I’m fucking with my self",
      "annotations": {},
      "timestamp": "0"
    },
    {
      "line": "Does it ever matter",
      "annotations": {},
      "timestamp": "0"
    },
    {
      "line": "Will I ever come back to the surf",
      "annotations": {},
      "timestamp": "0"
    },
    {
      "line": "Oh we are stuck",
      "annotations": {},
      "timestamp": "0"
    },
    {
      "line": "Still out of my earning",
      "annotations": {},
      "timestamp": "0"
    },
    {
      "line": "Silver rain dissolve this pain",
      "annotations": {},
      "timestamp": "0"
    },
    {
      "line": "Ether over my veins",
      "annotations": {},
      "timestamp": "0"
    },
    {
      "line": "Like I'm not going nowhere",
      "annotations": {},
      "timestamp": "0"
    },
    {
      "line": "If I do not . . . the sum y’all owe",
      "annotations": {},
      "timestamp": "0"
    },
    {
      "line": "The case in the page is",
      "annotations": {},
      "timestamp": "0"
    },
    {
      "line": "Will she stay?",
      "annotations": {},
      "timestamp": "0"
    },
    {
      "line": "Will I see her?",
      "annotations": {},
      "timestamp": "0"
    },
    {
      "line": "Stay and her see if it is my case",
      "annotations": {},
      "timestamp": "0"
    },
    {
      "line": "Looking like oh you got nothing on",
      "annotations": {},
      "timestamp": "0"
    },
    {
      "line": "Is how I'm gonna be with you",
      "annotations": {},
      "timestamp": "0"
    },
    {
      "line": "Looking like you got something on",
      "annotations": {},
      "timestamp": "0"
    },
    {
      "line": "Is that issue, are you down with me?",
      "annotations": {},
      "timestamp": "0"
    },
    {
      "line": "Ah, even I live and write, down the line",
      "annotations": {},
      "timestamp": "0"
    },
    {
      "line": "Oh fooling around, it is my shire",
      "annotations": {},
      "timestamp": "0"
    },
    {
      "line": "(laughter)",
      "annotations": {},
      "timestamp": "0"
    },
    {
      "line": "So will you leave a clue?",
      "annotations": {},
      "timestamp": "0"
    }
  ]
}