{
  "song_title": "Pussy power",
  "writer": "Frith Hilton",
  "release_date": "April 20, 2023",
  "cover": "https://frithhilton.com.ng/musicpool/covers/8/196.jpg",
  "mp3_url": "https://frithhilton.com.ng/mp3/8/13.)Pussy power.mp3",
  "duration": 181.26367346938775,
  "id": "196",
  "lyrics": [
    {
      "line": "[Intro]",
      "annotations": {},
      "timestamp": "0"
    },
    {
      "line": "Pow!",
      "annotations": {},
      "timestamp": "0"
    },
    {
      "line": "I bow to pussy power",
      "annotations": {},
      "timestamp": "0"
    },
    {
      "line": "(pussy power)",
      "annotations": {},
      "timestamp": "0"
    },
    {
      "line": "It’s so strange",
      "annotations": {},
      "timestamp": "0"
    },
    {
      "line": "(so strange)",
      "annotations": {},
      "timestamp": "0"
    },
    {
      "line": "It’s so meaningless",
      "annotations": {},
      "timestamp": "0"
    },
    {
      "line": "I’m weak",
      "annotations": {},
      "timestamp": "0"
    },
    {
      "line": "(I'm weak)",
      "annotations": {},
      "timestamp": "0"
    },
    {
      "line": "I always go for glory all the time",
      "annotations": {},
      "timestamp": "0"
    },
    {
      "line": "",
      "annotations": {},
      "timestamp": "0"
    },
    {
      "line": "[Verse 1]",
      "annotations": {},
      "timestamp": "0"
    },
    {
      "line": "My mind lost a call",
      "annotations": {},
      "timestamp": "0"
    },
    {
      "line": "So he’s on a girl",
      "annotations": {},
      "timestamp": "0"
    },
    {
      "line": "My mind is on a girl",
      "annotations": {},
      "timestamp": "0"
    },
    {
      "line": "Such, her calls",
      "annotations": {},
      "timestamp": "0"
    },
    {
      "line": "(such, her calls)",
      "annotations": {},
      "timestamp": "0"
    },
    {
      "line": "Would you come around, she pours",
      "annotations": {},
      "timestamp": "0"
    },
    {
      "line": "(pour)",
      "annotations": {},
      "timestamp": "0"
    },
    {
      "line": "With her lips down the dot",
      "annotations": {},
      "timestamp": "0"
    },
    {
      "line": "I only hope she reads my goddamn words",
      "annotations": {},
      "timestamp": "0"
    },
    {
      "line": "(my goddamn words)",
      "annotations": {},
      "timestamp": "0"
    },
    {
      "line": "Aladdin, I like her, you will like her",
      "annotations": {},
      "timestamp": "0"
    },
    {
      "line": "(oh)",
      "annotations": {},
      "timestamp": "0"
    },
    {
      "line": "When she spins, it’s like orders",
      "annotations": {},
      "timestamp": "0"
    },
    {
      "line": "(oh)",
      "annotations": {},
      "timestamp": "0"
    },
    {
      "line": "My norse nurse",
      "annotations": {},
      "timestamp": "0"
    },
    {
      "line": "(brevity)",
      "annotations": {},
      "timestamp": "0"
    },
    {
      "line": "Some will like her son",
      "annotations": {},
      "timestamp": "0"
    },
    {
      "line": "I love, well the boy is . .",
      "annotations": {},
      "timestamp": "0"
    },
    {
      "line": "(yeah)",
      "annotations": {},
      "timestamp": "0"
    },
    {
      "line": "And I’ll probably love her boy",
      "annotations": {},
      "timestamp": "0"
    },
    {
      "line": "And I'm not talking the love whеn you stun",
      "annotations": {},
      "timestamp": "0"
    },
    {
      "line": "(handsome)",
      "annotations": {},
      "timestamp": "0"
    },
    {
      "line": "",
      "annotations": {},
      "timestamp": "0"
    },
    {
      "line": "[Verse 2]",
      "annotations": {},
      "timestamp": "0"
    },
    {
      "line": "Spiel, all I evеr do is spit",
      "annotations": {},
      "timestamp": "0"
    },
    {
      "line": "(spit)",
      "annotations": {},
      "timestamp": "0"
    },
    {
      "line": "Talk of a lean on pill",
      "annotations": {},
      "timestamp": "0"
    },
    {
      "line": "(pills)",
      "annotations": {},
      "timestamp": "0"
    },
    {
      "line": "Oh oh oh",
      "annotations": {},
      "timestamp": "0"
    },
    {
      "line": "Nasa, head ho",
      "annotations": {},
      "timestamp": "0"
    },
    {
      "line": "(head ho)",
      "annotations": {},
      "timestamp": "0"
    },
    {
      "line": "Gonna take her with a parry",
      "annotations": {},
      "timestamp": "0"
    },
    {
      "line": "(parry)",
      "annotations": {},
      "timestamp": "0"
    },
    {
      "line": "I’m not sure if this is gonna end",
      "annotations": {},
      "timestamp": "0"
    },
    {
      "line": "It started",
      "annotations": {},
      "timestamp": "0"
    },
    {
      "line": "(it started)",
      "annotations": {},
      "timestamp": "0"
    },
    {
      "line": "I’m just loving your stove when you on",
      "annotations": {},
      "timestamp": "0"
    },
    {
      "line": "When you say it is my goddamn level of gee count",
      "annotations": {},
      "timestamp": "0"
    },
    {
      "line": "(woo)",
      "annotations": {},
      "timestamp": "0"
    },
    {
      "line": "Oh I’ll reckon on a beat",
      "annotations": {},
      "timestamp": "0"
    },
    {
      "line": "(ah ah)",
      "annotations": {},
      "timestamp": "0"
    },
    {
      "line": "Cos I'm lost on her league",
      "annotations": {},
      "timestamp": "0"
    },
    {
      "line": "(ah)",
      "annotations": {},
      "timestamp": "0"
    },
    {
      "line": "It is a leak, I know does a d ck",
      "annotations": {},
      "timestamp": "0"
    },
    {
      "line": "(yo)",
      "annotations": {},
      "timestamp": "0"
    },
    {
      "line": "I’m not looking for her week",
      "annotations": {},
      "timestamp": "0"
    },
    {
      "line": "(oh oh)",
      "annotations": {},
      "timestamp": "0"
    },
    {
      "line": "I’m just saying how I'm feeling on this",
      "annotations": {},
      "timestamp": "0"
    },
    {
      "line": "(oh oh)",
      "annotations": {},
      "timestamp": "0"
    },
    {
      "line": "I’m heavy on your deep pit",
      "annotations": {},
      "timestamp": "0"
    },
    {
      "line": "Like this sopping week",
      "annotations": {},
      "timestamp": "0"
    },
    {
      "line": "(every time)",
      "annotations": {},
      "timestamp": "0"
    },
    {
      "line": "And I'm not sending a wave",
      "annotations": {},
      "timestamp": "0"
    },
    {
      "line": "I’m just saying I'm in the indie",
      "annotations": {},
      "timestamp": "0"
    },
    {
      "line": "(ill)",
      "annotations": {},
      "timestamp": "0"
    },
    {
      "line": "Heir of my fore gale",
      "annotations": {},
      "timestamp": "0"
    },
    {
      "line": "List of the d cks you hurt",
      "annotations": {},
      "timestamp": "0"
    },
    {
      "line": "(d ck you hurt)",
      "annotations": {},
      "timestamp": "0"
    },
    {
      "line": "",
      "annotations": {},
      "timestamp": "0"
    },
    {
      "line": "[Outro]",
      "annotations": {},
      "timestamp": "0"
    },
    {
      "line": "It is all in the details",
      "annotations": {},
      "timestamp": "0"
    },
    {
      "line": "When you look at me",
      "annotations": {},
      "timestamp": "0"
    },
    {
      "line": "Feel like I'm a sinner",
      "annotations": {},
      "timestamp": "0"
    },
    {
      "line": "I ‘on’t really know",
      "annotations": {},
      "timestamp": "0"
    },
    {
      "line": "(know)",
      "annotations": {},
      "timestamp": "0"
    },
    {
      "line": "If this is something good",
      "annotations": {},
      "timestamp": "0"
    },
    {
      "line": "(good)",
      "annotations": {},
      "timestamp": "0"
    },
    {
      "line": "Her wishithat I'm lost in blind",
      "annotations": {},
      "timestamp": "0"
    },
    {
      "line": "(fold)",
      "annotations": {},
      "timestamp": "0"
    },
    {
      "line": "Coal all again",
      "annotations": {},
      "timestamp": "0"
    },
    {
      "line": "I know this her game",
      "annotations": {},
      "timestamp": "0"
    },
    {
      "line": "I just really know I lost my goddamn mind",
      "annotations": {},
      "timestamp": "0"
    },
    {
      "line": "(goddamn mind)",
      "annotations": {},
      "timestamp": "0"
    },
    {
      "line": "When I'm peeled on my phone",
      "annotations": {},
      "timestamp": "0"
    },
    {
      "line": "And I'm out there in the margin",
      "annotations": {},
      "timestamp": "0"
    }
  ]
}