{
  "song_title": "Scent",
  "writer": "Frith Hilton",
  "release_date": "May 13, 2023",
  "cover": "",
  "mp3_url": "",
  "duration": 171.28489795918367,
  "id": "197",
  "lyrics": [
  {
    "line": "[Verse 1]",
    "annotations": {}
  },
  {
    "line": "All you ever say in the movie you're in",
    "annotations": {}
  },
  {
    "line": "My pain won't go away",
    "annotations": {}
  },
  {
    "line": "Forgive me, a night owl",
    "annotations": {}
  },
  {
    "line": "Heavy whee when you're now",
    "annotations": {}
  },
  {
    "line": "(When you're now)",
    "annotations": {}
  },
  {
    "line": "Truly yours, it's true that you're real",
    "annotations": {}
  },
  {
    "line": "(That you're real)",
    "annotations": {}
  },
  {
    "line": "If this is heaven",
    "annotations": {}
  },
  {
    "line": "Then we're here",
    "annotations": {}
  },
  {
    "line": "Really he's truly rich",
    "annotations": {}
  },
  {
    "line": "Are you mad?",
    "annotations": {}
  },
  {
    "line": "You've never been",
    "annotations": {}
  },
  {
    "line": "",
    "annotations": {}
  },
  {
    "line": "[Chorus]",
    "annotations": {}
  },
  {
    "line": "My emotions are over, over",
    "annotations": {}
  },
  {
    "line": "My emotions are over",
    "annotations": {}
  },
  {
    "line": "Over me",
    "annotations": {}
  },
  {
    "line": "",
    "annotations": {}
  },
  {
    "line": "[Verse 2]",
    "annotations": {}
  },
  {
    "line": "Flair, a day in the rear",
    "annotations": {}
  },
  {
    "line": "These words, a doorway",
    "annotations": {}
  },
  {
    "line": "To my life",
    "annotations": {}
  },
  {
    "line": "I can't be here, nothing more",
    "annotations": {}
  },
  {
    "line": "(Nothing more)",
    "annotations": {}
  },
  {
    "line": "I can't sell nothing over this",
    "annotations": {}
  },
  {
    "line": "(Nothing over this)",
    "annotations": {}
  },
  {
    "line": "My heart, my love",
    "annotations": {}
  },
  {
    "line": "I lean on the books you're on",
    "annotations": {}
  }]
}