{
  "song_title": "Yeehaw",
  "writer": "Frith Hilton",
  "release_date": "May 14, 2023",
  "cover": "https://frithhilton.com.ng/musicpool/covers/8/198.jpg",
  "mp3_url": "https://frithhilton.com.ng/mp3/8/15.)Yeehaw.mp3",
  "duration": 149.99510204081633,
  "id": "198",
  "lyrics": [
    {
      "line": "[Intro]",
      "annotations": {},
      "timestamp": "0"
    },
    {
      "line": "Right? it’s like ah!",
      "annotations": {},
      "timestamp": "0"
    },
    {
      "line": "We’ll see",
      "annotations": {},
      "timestamp": "0"
    },
    {
      "line": "Oh, we’re on this floor here",
      "annotations": {},
      "timestamp": "0"
    },
    {
      "line": "Okay",
      "annotations": {},
      "timestamp": "0"
    },
    {
      "line": "So camel down",
      "annotations": {},
      "timestamp": "0"
    },
    {
      "line": "It’s all hunky dory",
      "annotations": {},
      "timestamp": "0"
    },
    {
      "line": "No jack, hugged",
      "annotations": {},
      "timestamp": "0"
    },
    {
      "line": "Bottoms up",
      "annotations": {},
      "timestamp": "0"
    },
    {
      "line": "(laughter)",
      "annotations": {},
      "timestamp": "0"
    },
    {
      "line": "",
      "annotations": {},
      "timestamp": "0"
    },
    {
      "line": "[Chorus]",
      "annotations": {},
      "timestamp": "0"
    },
    {
      "line": "Yeehaw oh oh",
      "annotations": {},
      "timestamp": "0"
    },
    {
      "line": "Awe at door",
      "annotations": {},
      "timestamp": "0"
    },
    {
      "line": "Yeehaw oh oh",
      "annotations": {},
      "timestamp": "0"
    },
    {
      "line": "Oh frail",
      "annotations": {},
      "timestamp": "0"
    },
    {
      "line": "Yeehaw oh oh",
      "annotations": {},
      "timestamp": "0"
    },
    {
      "line": "Oh",
      "annotations": {},
      "timestamp": "0"
    },
    {
      "line": "",
      "annotations": {},
      "timestamp": "0"
    },
    {
      "line": "[Pre chorus]",
      "annotations": {},
      "timestamp": "0"
    },
    {
      "line": "Facts add up",
      "annotations": {},
      "timestamp": "0"
    },
    {
      "line": "Numbers don’t count",
      "annotations": {},
      "timestamp": "0"
    },
    {
      "line": "Hitting the wrong",
      "annotations": {},
      "timestamp": "0"
    },
    {
      "line": "Mind dinged up",
      "annotations": {},
      "timestamp": "0"
    },
    {
      "line": "Left my soul flunged in the brushed",
      "annotations": {},
      "timestamp": "0"
    },
    {
      "line": "Caught ditch chore",
      "annotations": {},
      "timestamp": "0"
    },
    {
      "line": "Chopped pitch sure",
      "annotations": {},
      "timestamp": "0"
    },
    {
      "line": "Slurred to a stall",
      "annotations": {},
      "timestamp": "0"
    },
    {
      "line": "Shut this one",
      "annotations": {},
      "timestamp": "0"
    },
    {
      "line": "Fraught I hold a prop",
      "annotations": {},
      "timestamp": "0"
    },
    {
      "line": "Poor, I had the rump",
      "annotations": {},
      "timestamp": "0"
    },
    {
      "line": "Purport to hang on a plot",
      "annotations": {},
      "timestamp": "0"
    },
    {
      "line": "Never had a thought",
      "annotations": {},
      "timestamp": "0"
    },
    {
      "line": "Watch you call a shot",
      "annotations": {},
      "timestamp": "0"
    },
    {
      "line": "If I had mood past my songs",
      "annotations": {},
      "timestamp": "0"
    },
    {
      "line": "On the journal they go",
      "annotations": {},
      "timestamp": "0"
    },
    {
      "line": "Ever leaning on the cull",
      "annotations": {},
      "timestamp": "0"
    },
    {
      "line": "Hold this trot",
      "annotations": {},
      "timestamp": "0"
    },
    {
      "line": "",
      "annotations": {},
      "timestamp": "0"
    },
    {
      "line": "[Verse 1]",
      "annotations": {},
      "timestamp": "0"
    },
    {
      "line": "Perfect, direct",
      "annotations": {},
      "timestamp": "0"
    },
    {
      "line": "When you came",
      "annotations": {},
      "timestamp": "0"
    },
    {
      "line": "Oh he was the young",
      "annotations": {},
      "timestamp": "0"
    },
    {
      "line": "The volley live on",
      "annotations": {},
      "timestamp": "0"
    },
    {
      "line": "Let my ball free",
      "annotations": {},
      "timestamp": "0"
    },
    {
      "line": "Pouf, I was in your box",
      "annotations": {},
      "timestamp": "0"
    },
    {
      "line": "Stood, with a troop that much",
      "annotations": {},
      "timestamp": "0"
    },
    {
      "line": "Bloop, my time with taylor",
      "annotations": {},
      "timestamp": "0"
    },
    {
      "line": "Privatе chilling losing that, it is our fondling",
      "annotations": {},
      "timestamp": "0"
    },
    {
      "line": "Holly, you’re up",
      "annotations": {},
      "timestamp": "0"
    },
    {
      "line": "A lonely man, with no mind away",
      "annotations": {},
      "timestamp": "0"
    },
    {
      "line": "Oh mam, mind her way",
      "annotations": {},
      "timestamp": "0"
    },
    {
      "line": "",
      "annotations": {},
      "timestamp": "0"
    },
    {
      "line": "[Chorus]",
      "annotations": {},
      "timestamp": "0"
    },
    {
      "line": "Yeehaw oh oh",
      "annotations": {},
      "timestamp": "0"
    },
    {
      "line": "Awе at door",
      "annotations": {},
      "timestamp": "0"
    },
    {
      "line": "Yeehaw oh oh",
      "annotations": {},
      "timestamp": "0"
    },
    {
      "line": "Oh frail",
      "annotations": {},
      "timestamp": "0"
    },
    {
      "line": "Yeehaw oh oh",
      "annotations": {},
      "timestamp": "0"
    },
    {
      "line": "Oh",
      "annotations": {},
      "timestamp": "0"
    },
    {
      "line": "",
      "annotations": {},
      "timestamp": "0"
    },
    {
      "line": "[Outro]",
      "annotations": {},
      "timestamp": "0"
    },
    {
      "line": "Facts add up",
      "annotations": {},
      "timestamp": "0"
    },
    {
      "line": "Numbers don’t count",
      "annotations": {},
      "timestamp": "0"
    },
    {
      "line": "Hitting the wrong",
      "annotations": {},
      "timestamp": "0"
    },
    {
      "line": "Mind dinged up",
      "annotations": {},
      "timestamp": "0"
    },
    {
      "line": "Left my soul flunged in the brushed",
      "annotations": {},
      "timestamp": "0"
    },
    {
      "line": "Caught ditch chore",
      "annotations": {},
      "timestamp": "0"
    },
    {
      "line": "Chopped pitch sure",
      "annotations": {},
      "timestamp": "0"
    },
    {
      "line": "Slurred to a stall",
      "annotations": {},
      "timestamp": "0"
    },
    {
      "line": "Shut this one",
      "annotations": {},
      "timestamp": "0"
    },
    {
      "line": "Fraught I hold a prop",
      "annotations": {},
      "timestamp": "0"
    },
    {
      "line": "Poor, I had the rump",
      "annotations": {},
      "timestamp": "0"
    },
    {
      "line": "Purport to hang on a plot",
      "annotations": {},
      "timestamp": "0"
    },
    {
      "line": "Never had a thought",
      "annotations": {},
      "timestamp": "0"
    },
    {
      "line": "Watch you call a shot",
      "annotations": {},
      "timestamp": "0"
    },
    {
      "line": "If I had mood past my songs",
      "annotations": {},
      "timestamp": "0"
    },
    {
      "line": "On the journal they go",
      "annotations": {},
      "timestamp": "0"
    },
    {
      "line": "Ever leaning on the cull",
      "annotations": {},
      "timestamp": "0"
    },
    {
      "line": "Hold this trot",
      "annotations": {},
      "timestamp": "0"
    }
  ]
}