{
  "song_title": "Sarah",
  "writer": "Frith Hilton",
  "release_date": "May 27, 2023",
  "cover": "https://frithhilton.com.ng/musicpool/covers/8/201.jpg",
  "mp3_url": "https://frithhilton.com.ng/mp3/8/18.)Sarah.mp3",
  "duration": 133.7991836734694,
  "id": "201",
  "lyrics": [
    {
      "line": "[Intro]",
      "annotations": {},
      "timestamp": "0"
    },
    {
      "line": "Oh, tell me now",
      "annotations": {},
      "timestamp": "0"
    },
    {
      "line": "She’s here",
      "annotations": {},
      "timestamp": "0"
    },
    {
      "line": "Tell me now",
      "annotations": {},
      "timestamp": "0"
    },
    {
      "line": "I can’t be here",
      "annotations": {},
      "timestamp": "0"
    },
    {
      "line": "Don’t be sarah",
      "annotations": {},
      "timestamp": "0"
    },
    {
      "line": "Don’t be so far from me",
      "annotations": {},
      "timestamp": "0"
    },
    {
      "line": "",
      "annotations": {},
      "timestamp": "0"
    },
    {
      "line": "[Verse 1]",
      "annotations": {},
      "timestamp": "0"
    },
    {
      "line": "I’m painting you all the time",
      "annotations": {},
      "timestamp": "0"
    },
    {
      "line": "(like all my lines)",
      "annotations": {},
      "timestamp": "0"
    },
    {
      "line": "When my dial my numbers",
      "annotations": {},
      "timestamp": "0"
    },
    {
      "line": "Oh I?",
      "annotations": {},
      "timestamp": "0"
    },
    {
      "line": "Think that it ends on you",
      "annotations": {},
      "timestamp": "0"
    },
    {
      "line": "Cos I want what is mine to be yours",
      "annotations": {},
      "timestamp": "0"
    },
    {
      "line": "Sometimes I'm waiting here in h ll",
      "annotations": {},
      "timestamp": "0"
    },
    {
      "line": "Sometimes it’s not really whole ham",
      "annotations": {},
      "timestamp": "0"
    },
    {
      "line": "Two face, a roaming in noun",
      "annotations": {},
      "timestamp": "0"
    },
    {
      "line": "All I know is I am stuck",
      "annotations": {},
      "timestamp": "0"
    },
    {
      "line": "Just you",
      "annotations": {},
      "timestamp": "0"
    },
    {
      "line": "Us two, hit the pier",
      "annotations": {},
      "timestamp": "0"
    },
    {
      "line": "You’re boo",
      "annotations": {},
      "timestamp": "0"
    },
    {
      "line": "I’m feeling I won her soul in pound",
      "annotations": {},
      "timestamp": "0"
    },
    {
      "line": "Can we take a moment to slow down",
      "annotations": {},
      "timestamp": "0"
    },
    {
      "line": "Can we take a moment to slow down",
      "annotations": {},
      "timestamp": "0"
    },
    {
      "line": "(take a moment)",
      "annotations": {},
      "timestamp": "0"
    },
    {
      "line": "",
      "annotations": {},
      "timestamp": "0"
    },
    {
      "line": "[Verse 2]",
      "annotations": {},
      "timestamp": "0"
    },
    {
      "line": "Cos all these emotions",
      "annotations": {},
      "timestamp": "0"
    },
    {
      "line": "Make it pour down from without",
      "annotations": {},
      "timestamp": "0"
    },
    {
      "line": "Take my hands fastened to the world",
      "annotations": {},
      "timestamp": "0"
    },
    {
      "line": "Pour my love on you",
      "annotations": {},
      "timestamp": "0"
    },
    {
      "line": "Doesn’t have to be more than this",
      "annotations": {},
      "timestamp": "0"
    },
    {
      "line": "Flux, caressing in domes",
      "annotations": {},
      "timestamp": "0"
    },
    {
      "line": "Clocks, hutch you are mine",
      "annotations": {},
      "timestamp": "0"
    },
    {
      "line": "My blindfold sees you",
      "annotations": {},
      "timestamp": "0"
    },
    {
      "line": "I’m not out for the war with girls",
      "annotations": {},
      "timestamp": "0"
    },
    {
      "line": "They’d be minding their own ass",
      "annotations": {},
      "timestamp": "0"
    },
    {
      "line": "A very consuming run",
      "annotations": {},
      "timestamp": "0"
    },
    {
      "line": "Hold me down",
      "annotations": {},
      "timestamp": "0"
    },
    {
      "line": "(hold me down)",
      "annotations": {},
      "timestamp": "0"
    }
  ]
}