{
  "song_title": "Call for more",
  "writer": "Frith Hilton",
  "release_date": "May 28, 2023",
  "cover": "https://frithhilton.com.ng/musicpool/covers/8/202.jpg",
  "mp3_url": "https://frithhilton.com.ng/mp3/8/19.)Call for more.mp3",
  "duration": 172.8522448979592,
  "id": "202",
  "lyrics": [
    {
      "line": "[Intro]",
      "annotations": {},
      "timestamp": "0"
    },
    {
      "line": "Pop",
      "annotations": {},
      "timestamp": "0"
    },
    {
      "line": "Song for mariam",
      "annotations": {},
      "timestamp": "0"
    },
    {
      "line": "Frith hilton",
      "annotations": {},
      "timestamp": "0"
    },
    {
      "line": "",
      "annotations": {},
      "timestamp": "0"
    },
    {
      "line": "[Verse 1]",
      "annotations": {},
      "timestamp": "0"
    },
    {
      "line": "Forget about our homes",
      "annotations": {},
      "timestamp": "0"
    },
    {
      "line": "Most cruise . . . close",
      "annotations": {},
      "timestamp": "0"
    },
    {
      "line": "Don’t play indoor",
      "annotations": {},
      "timestamp": "0"
    },
    {
      "line": "Don’t wait on me",
      "annotations": {},
      "timestamp": "0"
    },
    {
      "line": "Pretty ears is all I'm here for",
      "annotations": {},
      "timestamp": "0"
    },
    {
      "line": "The pay is here",
      "annotations": {},
      "timestamp": "0"
    },
    {
      "line": "It’s all I am here for",
      "annotations": {},
      "timestamp": "0"
    },
    {
      "line": "",
      "annotations": {},
      "timestamp": "0"
    },
    {
      "line": "[Bridge]",
      "annotations": {},
      "timestamp": "0"
    },
    {
      "line": "To watch, such",
      "annotations": {},
      "timestamp": "0"
    },
    {
      "line": "All my veins",
      "annotations": {},
      "timestamp": "0"
    },
    {
      "line": "Dates are varying",
      "annotations": {},
      "timestamp": "0"
    },
    {
      "line": "Still by her ounce",
      "annotations": {},
      "timestamp": "0"
    },
    {
      "line": "Porch, hutch",
      "annotations": {},
      "timestamp": "0"
    },
    {
      "line": "So her wall to my feelings",
      "annotations": {},
      "timestamp": "0"
    },
    {
      "line": "Theo, I'm still in your heaven",
      "annotations": {},
      "timestamp": "0"
    },
    {
      "line": "",
      "annotations": {},
      "timestamp": "0"
    },
    {
      "line": "[Chorus]",
      "annotations": {},
      "timestamp": "0"
    },
    {
      "line": "Can you call for more",
      "annotations": {},
      "timestamp": "0"
    },
    {
      "line": "Two bottle to a pair",
      "annotations": {},
      "timestamp": "0"
    },
    {
      "line": "To our pairing",
      "annotations": {},
      "timestamp": "0"
    },
    {
      "line": "Can you call for more",
      "annotations": {},
      "timestamp": "0"
    },
    {
      "line": "Plume more to a pair",
      "annotations": {},
      "timestamp": "0"
    },
    {
      "line": "To our pairing",
      "annotations": {},
      "timestamp": "0"
    },
    {
      "line": "Tale bloom",
      "annotations": {},
      "timestamp": "0"
    },
    {
      "line": "",
      "annotations": {},
      "timestamp": "0"
    },
    {
      "line": "[Verse 2]",
      "annotations": {},
      "timestamp": "0"
    },
    {
      "line": "She got a ass that makes you",
      "annotations": {},
      "timestamp": "0"
    },
    {
      "line": "Think, drink",
      "annotations": {},
      "timestamp": "0"
    },
    {
      "line": "A day a hey, you’re here",
      "annotations": {},
      "timestamp": "0"
    },
    {
      "line": "I got a heartbeat that makes me impulsive",
      "annotations": {},
      "timestamp": "0"
    },
    {
      "line": "Is it impossible",
      "annotations": {},
      "timestamp": "0"
    },
    {
      "line": "Kites into my lawn",
      "annotations": {},
      "timestamp": "0"
    },
    {
      "line": "Harvey I’ve had this, it’s on beyond",
      "annotations": {},
      "timestamp": "0"
    },
    {
      "line": "Kites sail over my lorn",
      "annotations": {},
      "timestamp": "0"
    },
    {
      "line": "I’ve been authoring this",
      "annotations": {},
      "timestamp": "0"
    },
    {
      "line": "I’ll slip over, it’s by your cousin",
      "annotations": {},
      "timestamp": "0"
    }
  ]
}