{
  "song_title": "Higher calling",
  "writer": "Frith Hilton",
  "release_date": "June 2, 2023",
  "cover": "",
  "mp3_url": "",
  "duration": 171.28489795918367,
  "id": "203",
  "lyrics": [
  {
    "line": "[Intro]",
    "annotations": {}
  },
  {
    "line": "Can you tell me how my love doesn't have a higher calling",
    "annotations": {}
  },
  {
    "line": "",
    "annotations": {}
  },
  {
    "line": "[Verse 1]",
    "annotations": {}
  },
  {
    "line": "Taking some time",
    "annotations": {}
  },
  {
    "line": "Buying me some lines",
    "annotations": {}
  },
  {
    "line": "I'll see something fine",
    "annotations": {}
  },
  {
    "line": "If I take you out here in lines",
    "annotations": {}
  },
  {
    "line": "A future here",
    "annotations": {}
  },
  {
    "line": "See it's not a fight",
    "annotations": {}
  },
  {
    "line": "Me alone?",
    "annotations": {}
  },
  {
    "line": "I feel it's right here",
    "annotations": {}
  },
  {
    "line": "I just spawn . . .",
    "annotations": {}
  },
  {
    "line": "You're here with her",
    "annotations": {}
  },
  {
    "line": "No one is out here",
    "annotations": {}
  },
  {
    "line": "It's just how I feel",
    "annotations": {}
  }]
}