{
  "song_title": "Say it",
  "writer": "Frith Hilton",
  "release_date": "June 3, 2023",
  "cover": "",
  "mp3_url": "",
  "duration": 171.28489795918367,
  "id": "204",
  "lyrics": [
  {
    "line": "[Intro]",
    "annotations": {}
  },
  {
    "line": "Say it",
    "annotations": {}
  },
  {
    "line": "And when you hear it",
    "annotations": {}
  },
  {
    "line": "It gives a feeling",
    "annotations": {}
  },
  {
    "line": "One that touches through time",
    "annotations": {}
  },
  {
    "line": "",
    "annotations": {}
  },
  {
    "line": "[Verse 1]",
    "annotations": {}
  },
  {
    "line": "How many elevates",
    "annotations": {}
  },
  {
    "line": "To wake the dead",
    "annotations": {}
  },
  {
    "line": "It pours in",
    "annotations": {}
  },
  {
    "line": "How many soon in faith",
    "annotations": {}
  },
  {
    "line": "Freckcles",
    "annotations": {}
  },
  {
    "line": "Bodice-ripper, recite it",
    "annotations": {}
  },
  {
    "line": "My mind never waits",
    "annotations": {}
  },
  {
    "line": "Not a day",
    "annotations": {}
  },
  {
    "line": "To turn a page",
    "annotations": {}
  },
  {
    "line": "I'll deride it",
    "annotations": {}
  },
  {
    "line": "Am I not aware",
    "annotations": {}
  },
  {
    "line": "To assay",
    "annotations": {}
  },
  {
    "line": "I'll need you here",
    "annotations": {}
  },
  {
    "line": "",
    "annotations": {}
  },
  {
    "line": "[Outro]",
    "annotations": {}
  },
  {
    "line": "I think my voice is . . .",
    "annotations": {}
  },
  {
    "line": "Just as it should be",
    "annotations": {}
  },
  {
    "line": "It is fine",
    "annotations": {}
  }]
}