{
  "song_title": "Avalon",
  "writer": "Frith Hilton",
  "release_date": "June 4, 2023",
  "cover": "https://frithhilton.com.ng/musicpool/covers/8/205.jpg",
  "mp3_url": "https://frithhilton.com.ng/mp3/8/22.)Avalon.mp3",
  "duration": 99.84,
  "id": "205",
  "lyrics": [
    {
      "line": "[Verse 1]",
      "annotations": {},
      "timestamp": "0"
    },
    {
      "line": "Cliff",
      "annotations": {},
      "timestamp": "0"
    },
    {
      "line": "Pledge at the end of my bachelorhood",
      "annotations": {},
      "timestamp": "0"
    },
    {
      "line": "Be a man past the boy he was",
      "annotations": {},
      "timestamp": "0"
    },
    {
      "line": "Paris, got me dangling from wishing on a certain fairy",
      "annotations": {},
      "timestamp": "0"
    },
    {
      "line": "Fair he goes",
      "annotations": {},
      "timestamp": "0"
    },
    {
      "line": "Here’s a rose",
      "annotations": {},
      "timestamp": "0"
    },
    {
      "line": "Duty on a dollar spray",
      "annotations": {},
      "timestamp": "0"
    },
    {
      "line": "Won’t you love to hear me say",
      "annotations": {},
      "timestamp": "0"
    },
    {
      "line": "",
      "annotations": {},
      "timestamp": "0"
    },
    {
      "line": "[Chorus]",
      "annotations": {},
      "timestamp": "0"
    },
    {
      "line": "Lurid, movie, won’t you watch it play",
      "annotations": {},
      "timestamp": "0"
    },
    {
      "line": "Lurid, movie, won’t you watch it play",
      "annotations": {},
      "timestamp": "0"
    },
    {
      "line": "",
      "annotations": {},
      "timestamp": "0"
    },
    {
      "line": "[Verse 2]",
      "annotations": {},
      "timestamp": "0"
    },
    {
      "line": "I can’t get enough of this",
      "annotations": {},
      "timestamp": "0"
    },
    {
      "line": "Losing my mind just to take a couple tavern",
      "annotations": {},
      "timestamp": "0"
    },
    {
      "line": "Looking my name",
      "annotations": {},
      "timestamp": "0"
    },
    {
      "line": "(hilton)",
      "annotations": {},
      "timestamp": "0"
    },
    {
      "line": "Oh make it serious, like a list of mono my year",
      "annotations": {},
      "timestamp": "0"
    },
    {
      "line": "(am I here?)",
      "annotations": {},
      "timestamp": "0"
    },
    {
      "line": "Surreal one in silk in",
      "annotations": {},
      "timestamp": "0"
    },
    {
      "line": "Hurry through the pavement",
      "annotations": {},
      "timestamp": "0"
    },
    {
      "line": "I want to seek your avalon",
      "annotations": {},
      "timestamp": "0"
    },
    {
      "line": "",
      "annotations": {},
      "timestamp": "0"
    },
    {
      "line": "[Outro]",
      "annotations": {},
      "timestamp": "0"
    },
    {
      "line": "Mehn I don’t really know what’s really changed",
      "annotations": {},
      "timestamp": "0"
    },
    {
      "line": "Apart from getting sеrious with a lady",
      "annotations": {},
      "timestamp": "0"
    },
    {
      "line": "That shit half sucks and puts a lot of bulk on you",
      "annotations": {},
      "timestamp": "0"
    }
  ]
}