{
  "song_title": "How I lose it",
  "writer": "Frith Hilton",
  "release_date": "June 4, 2023",
  "cover": "https://frithhilton.com.ng/musicpool/covers/8/206.jpg",
  "mp3_url": "https://frithhilton.com.ng/mp3/8/23.)How I lose it.mp3",
  "duration": 89.65224489795918,
  "id": "206",
  "lyrics": [
    {
      "line": "[Intro]",
      "annotations": {},
      "timestamp": "0"
    },
    {
      "line": "Missing you",
      "annotations": {},
      "timestamp": "0"
    },
    {
      "line": "Missing you",
      "annotations": {},
      "timestamp": "0"
    },
    {
      "line": "Then why hold it back",
      "annotations": {},
      "timestamp": "0"
    },
    {
      "line": "Let the words",
      "annotations": {},
      "timestamp": "0"
    },
    {
      "line": "I ‘on’t really mean",
      "annotations": {},
      "timestamp": "0"
    },
    {
      "line": "",
      "annotations": {},
      "timestamp": "0"
    },
    {
      "line": "[Verse 1]",
      "annotations": {},
      "timestamp": "0"
    },
    {
      "line": "When he is down for you",
      "annotations": {},
      "timestamp": "0"
    },
    {
      "line": "He’s down, real down",
      "annotations": {},
      "timestamp": "0"
    },
    {
      "line": "How I lose my damn mind",
      "annotations": {},
      "timestamp": "0"
    },
    {
      "line": "When he is down for you",
      "annotations": {},
      "timestamp": "0"
    },
    {
      "line": "He’s down",
      "annotations": {},
      "timestamp": "0"
    },
    {
      "line": "How I goddamn lose my mind",
      "annotations": {},
      "timestamp": "0"
    },
    {
      "line": "Take my love",
      "annotations": {},
      "timestamp": "0"
    },
    {
      "line": "It’s a fight when you got it",
      "annotations": {},
      "timestamp": "0"
    },
    {
      "line": "Don’t know ma",
      "annotations": {},
      "timestamp": "0"
    },
    {
      "line": "How I lose it",
      "annotations": {},
      "timestamp": "0"
    },
    {
      "line": "Take my love girl",
      "annotations": {},
      "timestamp": "0"
    },
    {
      "line": "When you got it",
      "annotations": {},
      "timestamp": "0"
    },
    {
      "line": "I can’t put a finger how I lose you",
      "annotations": {},
      "timestamp": "0"
    },
    {
      "line": "Talk to me",
      "annotations": {},
      "timestamp": "0"
    },
    {
      "line": "Don’t you hold back",
      "annotations": {},
      "timestamp": "0"
    },
    {
      "line": "My heart it is on wait",
      "annotations": {},
      "timestamp": "0"
    },
    {
      "line": "It is not going back",
      "annotations": {},
      "timestamp": "0"
    },
    {
      "line": "Nothing ever phases me",
      "annotations": {},
      "timestamp": "0"
    },
    {
      "line": "It is just this love",
      "annotations": {},
      "timestamp": "0"
    },
    {
      "line": "I don’t want yours fizzling out",
      "annotations": {},
      "timestamp": "0"
    },
    {
      "line": "We got about a minute to hold it down",
      "annotations": {},
      "timestamp": "0"
    },
    {
      "line": "I ‘on’t know if my mind is slowly soaring around",
      "annotations": {},
      "timestamp": "0"
    },
    {
      "line": "",
      "annotations": {},
      "timestamp": "0"
    },
    {
      "line": "[Outro]",
      "annotations": {},
      "timestamp": "0"
    },
    {
      "line": "Cut that shit out",
      "annotations": {},
      "timestamp": "0"
    },
    {
      "line": "I changed my mind",
      "annotations": {},
      "timestamp": "0"
    },
    {
      "line": "Thank you",
      "annotations": {},
      "timestamp": "0"
    }
  ]
}