{
  "song_title": "Home",
  "writer": "Frith Hilton",
  "release_date": "September 24, 2022",
  "cover": "https://frithhilton.com.ng/musicpool/covers/6/126.jpg",
  "mp3_url": "https://frithhilton.com.ng/mp3/6/1. Home.mp3",
  "duration": 96.47020408163266,
  "id": "126",
  "lyrics": [
    {
      "line": "[Intro]",
      "annotations": {},
      "timestamp": "0"
    },
    {
      "line": "I’m making a song for mariam",
      "annotations": {},
      "timestamp": "0"
    },
    {
      "line": "",
      "annotations": {},
      "timestamp": "0"
    },
    {
      "line": "[Verse 1]",
      "annotations": {},
      "timestamp": "0"
    },
    {
      "line": "Cos, of course I love her",
      "annotations": {},
      "timestamp": "0"
    },
    {
      "line": "I can’t deny it",
      "annotations": {},
      "timestamp": "0"
    },
    {
      "line": "She had me through the rover",
      "annotations": {},
      "timestamp": "0"
    },
    {
      "line": "That’s no bower",
      "annotations": {},
      "timestamp": "0"
    },
    {
      "line": "damn I get her right now",
      "annotations": {},
      "timestamp": "0"
    },
    {
      "line": "It’s not about when",
      "annotations": {},
      "timestamp": "0"
    },
    {
      "line": "She’s got me floating",
      "annotations": {},
      "timestamp": "0"
    },
    {
      "line": "This is so verdict",
      "annotations": {},
      "timestamp": "0"
    },
    {
      "line": "Valid and I know",
      "annotations": {},
      "timestamp": "0"
    },
    {
      "line": "Letting known",
      "annotations": {},
      "timestamp": "0"
    },
    {
      "line": "She’s the air in the moon",
      "annotations": {},
      "timestamp": "0"
    },
    {
      "line": "But I just wanna go home",
      "annotations": {},
      "timestamp": "0"
    },
    {
      "line": "And I know",
      "annotations": {},
      "timestamp": "0"
    },
    {
      "line": "She’s the winning comb",
      "annotations": {},
      "timestamp": "0"
    },
    {
      "line": "Eff in the moon",
      "annotations": {},
      "timestamp": "0"
    },
    {
      "line": "But I just wanna go home",
      "annotations": {},
      "timestamp": "0"
    },
    {
      "line": "When we’re apart",
      "annotations": {},
      "timestamp": "0"
    },
    {
      "line": "Can’t get the quay",
      "annotations": {},
      "timestamp": "0"
    },
    {
      "line": "Yes, she has me feeling like this sorry",
      "annotations": {},
      "timestamp": "0"
    },
    {
      "line": "She’s everything I ever wanted",
      "annotations": {},
      "timestamp": "0"
    },
    {
      "line": "I can’t deny it",
      "annotations": {},
      "timestamp": "0"
    },
    {
      "line": "I forget every girl I know",
      "annotations": {},
      "timestamp": "0"
    },
    {
      "line": "I’ma freaking light it now",
      "annotations": {},
      "timestamp": "0"
    },
    {
      "line": "She’s the kinda girl",
      "annotations": {},
      "timestamp": "0"
    },
    {
      "line": "That make you ride, the chauffeur",
      "annotations": {},
      "timestamp": "0"
    },
    {
      "line": "Dishevelled",
      "annotations": {},
      "timestamp": "0"
    },
    {
      "line": "Like dance like it’s over",
      "annotations": {},
      "timestamp": "0"
    },
    {
      "line": "I’m acting like a codger",
      "annotations": {},
      "timestamp": "0"
    },
    {
      "line": "She’s my ever nova",
      "annotations": {},
      "timestamp": "0"
    },
    {
      "line": "She’s the colour sweating",
      "annotations": {},
      "timestamp": "0"
    },
    {
      "line": "On everything that I am saying",
      "annotations": {},
      "timestamp": "0"
    }
  ]
}