{
  "song_title": "Gargoyle",
  "writer": "Frith Hilton",
  "release_date": "October 6, 2022",
  "cover": "https://frithhilton.com.ng/musicpool/covers/6/129.jpg",
  "mp3_url": "https://frithhilton.com.ng/mp3/6/4. Gargoyle.mp3",
  "duration": 100.96326530612245,
  "id": "129",
  "lyrics": [
    {
      "line": "[ intro ]",
      "annotations": {},
      "timestamp": "0"
    },
    {
      "line": "I can’t hear them",
      "annotations": {},
      "timestamp": "0"
    },
    {
      "line": "I can",
      "annotations": {},
      "timestamp": "0"
    },
    {
      "line": "Lose a girl",
      "annotations": {},
      "timestamp": "0"
    },
    {
      "line": "On my watch",
      "annotations": {},
      "timestamp": "0"
    },
    {
      "line": "It’s her . . . probably a way out",
      "annotations": {},
      "timestamp": "0"
    },
    {
      "line": "Pulling on my strings",
      "annotations": {},
      "timestamp": "0"
    },
    {
      "line": "I call a lease out",
      "annotations": {},
      "timestamp": "0"
    },
    {
      "line": "Me and my mind",
      "annotations": {},
      "timestamp": "0"
    },
    {
      "line": "We’re on our way out",
      "annotations": {},
      "timestamp": "0"
    },
    {
      "line": "",
      "annotations": {},
      "timestamp": "0"
    },
    {
      "line": "[Verse 1]",
      "annotations": {},
      "timestamp": "0"
    },
    {
      "line": "Hurdling lest it cut suddenly",
      "annotations": {},
      "timestamp": "0"
    },
    {
      "line": "I spit mandarin inure acrophonic",
      "annotations": {},
      "timestamp": "0"
    },
    {
      "line": "Missing like it’s pleasure",
      "annotations": {},
      "timestamp": "0"
    },
    {
      "line": "I’m twisted with this torture",
      "annotations": {},
      "timestamp": "0"
    },
    {
      "line": "Me and anne listen",
      "annotations": {},
      "timestamp": "0"
    },
    {
      "line": "Shinto breathing on ma manteau",
      "annotations": {},
      "timestamp": "0"
    },
    {
      "line": "Darker thoughts than biretta",
      "annotations": {},
      "timestamp": "0"
    },
    {
      "line": "Polished shoes for december",
      "annotations": {},
      "timestamp": "0"
    },
    {
      "line": "This is genitalia all out",
      "annotations": {},
      "timestamp": "0"
    },
    {
      "line": "Fingering for some clout",
      "annotations": {},
      "timestamp": "0"
    },
    {
      "line": "Scrawny hunk on some cash",
      "annotations": {},
      "timestamp": "0"
    },
    {
      "line": "damn, am far out",
      "annotations": {},
      "timestamp": "0"
    },
    {
      "line": "Oa, life after life",
      "annotations": {},
      "timestamp": "0"
    },
    {
      "line": "Writ large, soi disant",
      "annotations": {},
      "timestamp": "0"
    },
    {
      "line": "(muckamuck)",
      "annotations": {},
      "timestamp": "0"
    },
    {
      "line": "Botched up brain",
      "annotations": {},
      "timestamp": "0"
    },
    {
      "line": "Had it away",
      "annotations": {},
      "timestamp": "0"
    },
    {
      "line": "Weed through lungs",
      "annotations": {},
      "timestamp": "0"
    },
    {
      "line": "Taper off",
      "annotations": {},
      "timestamp": "0"
    },
    {
      "line": "Bleeding heart",
      "annotations": {},
      "timestamp": "0"
    },
    {
      "line": "Shot it away",
      "annotations": {},
      "timestamp": "0"
    },
    {
      "line": "What is love",
      "annotations": {},
      "timestamp": "0"
    },
    {
      "line": "What is love",
      "annotations": {},
      "timestamp": "0"
    },
    {
      "line": "Had to ask twicе",
      "annotations": {},
      "timestamp": "0"
    },
    {
      "line": "Hit that girl no shelf price",
      "annotations": {},
      "timestamp": "0"
    },
    {
      "line": "I was like what’s that",
      "annotations": {},
      "timestamp": "0"
    },
    {
      "line": "",
      "annotations": {},
      "timestamp": "0"
    },
    {
      "line": "[Bridge]",
      "annotations": {},
      "timestamp": "0"
    },
    {
      "line": "Somеthing’s not right in my cup",
      "annotations": {},
      "timestamp": "0"
    },
    {
      "line": "I don’t feel right",
      "annotations": {},
      "timestamp": "0"
    },
    {
      "line": "All my odds haughty, haughty, yo",
      "annotations": {},
      "timestamp": "0"
    },
    {
      "line": "My girl’s lost",
      "annotations": {},
      "timestamp": "0"
    },
    {
      "line": "Oh",
      "annotations": {},
      "timestamp": "0"
    },
    {
      "line": "Yeah you lost oh",
      "annotations": {},
      "timestamp": "0"
    },
    {
      "line": "That she lost oh",
      "annotations": {},
      "timestamp": "0"
    },
    {
      "line": "Yeah you lost oh",
      "annotations": {},
      "timestamp": "0"
    },
    {
      "line": "Yes she lost oh",
      "annotations": {},
      "timestamp": "0"
    },
    {
      "line": "Yeah you lost oh",
      "annotations": {},
      "timestamp": "0"
    },
    {
      "line": "That she lost oh",
      "annotations": {},
      "timestamp": "0"
    },
    {
      "line": "Yeah you lost oh",
      "annotations": {},
      "timestamp": "0"
    },
    {
      "line": "That she lost oh",
      "annotations": {},
      "timestamp": "0"
    },
    {
      "line": "",
      "annotations": {},
      "timestamp": "0"
    },
    {
      "line": "[Chorus]",
      "annotations": {},
      "timestamp": "0"
    },
    {
      "line": "Feels likes I can’t get my dance right",
      "annotations": {},
      "timestamp": "0"
    },
    {
      "line": "Capricious ass on a night out",
      "annotations": {},
      "timestamp": "0"
    },
    {
      "line": "Adze set to the shards of my past life",
      "annotations": {},
      "timestamp": "0"
    },
    {
      "line": "Feels like I can’t get my dance right",
      "annotations": {},
      "timestamp": "0"
    },
    {
      "line": "Capricious ass on a night out",
      "annotations": {},
      "timestamp": "0"
    },
    {
      "line": "Adze set to the shards of my past life",
      "annotations": {},
      "timestamp": "0"
    },
    {
      "line": "",
      "annotations": {},
      "timestamp": "0"
    },
    {
      "line": "[Outro]",
      "annotations": {},
      "timestamp": "0"
    },
    {
      "line": "Hold up!",
      "annotations": {},
      "timestamp": "0"
    },
    {
      "line": "Woke up feeling like a dilly handed with milli",
      "annotations": {},
      "timestamp": "0"
    },
    {
      "line": "Expensive by her sash",
      "annotations": {},
      "timestamp": "0"
    },
    {
      "line": "Why you blame it on the",
      "annotations": {},
      "timestamp": "0"
    },
    {
      "line": "",
      "annotations": {},
      "timestamp": "0"
    },
    {
      "line": "[?]",
      "annotations": {},
      "timestamp": "0"
    }
  ]
}