{
  "song_title": "Thoth",
  "writer": "Frith Hilton",
  "release_date": "October 8, 2022",
  "cover": "https://frithhilton.com.ng/musicpool/covers/6/132.jpg",
  "mp3_url": "https://frithhilton.com.ng/mp3/6/6. Thoth.mp3",
  "duration": 143.28163265306122,
  "id": "132",
  "lyrics": [
    {
      "line": "[Intro]",
      "annotations": {},
      "timestamp": "0"
    },
    {
      "line": "Lies, they tell lies",
      "annotations": {},
      "timestamp": "0"
    },
    {
      "line": "Ah oh oh",
      "annotations": {},
      "timestamp": "0"
    },
    {
      "line": "Don’t sell you’re that now",
      "annotations": {},
      "timestamp": "0"
    },
    {
      "line": "Don’t be that way",
      "annotations": {},
      "timestamp": "0"
    },
    {
      "line": "Don’t say that now",
      "annotations": {},
      "timestamp": "0"
    },
    {
      "line": "",
      "annotations": {},
      "timestamp": "0"
    },
    {
      "line": "[Verse 1]",
      "annotations": {},
      "timestamp": "0"
    },
    {
      "line": "Clue in",
      "annotations": {},
      "timestamp": "0"
    },
    {
      "line": "Thoth in",
      "annotations": {},
      "timestamp": "0"
    },
    {
      "line": "My head’s on me",
      "annotations": {},
      "timestamp": "0"
    },
    {
      "line": "It’s not leaving",
      "annotations": {},
      "timestamp": "0"
    },
    {
      "line": "I’m holding",
      "annotations": {},
      "timestamp": "0"
    },
    {
      "line": "I’m feeling holy",
      "annotations": {},
      "timestamp": "0"
    },
    {
      "line": "Don’t you give me that",
      "annotations": {},
      "timestamp": "0"
    },
    {
      "line": "Give me that",
      "annotations": {},
      "timestamp": "0"
    },
    {
      "line": "Touching my pain",
      "annotations": {},
      "timestamp": "0"
    },
    {
      "line": "Oh oh",
      "annotations": {},
      "timestamp": "0"
    },
    {
      "line": "Touch here my pain",
      "annotations": {},
      "timestamp": "0"
    },
    {
      "line": "When you whisper in my ear",
      "annotations": {},
      "timestamp": "0"
    },
    {
      "line": "I feel lot better",
      "annotations": {},
      "timestamp": "0"
    },
    {
      "line": "Feel lot better",
      "annotations": {},
      "timestamp": "0"
    },
    {
      "line": "When you call my name",
      "annotations": {},
      "timestamp": "0"
    },
    {
      "line": "A filo wear on",
      "annotations": {},
      "timestamp": "0"
    },
    {
      "line": "I found you",
      "annotations": {},
      "timestamp": "0"
    },
    {
      "line": "My orbit from the start",
      "annotations": {},
      "timestamp": "0"
    },
    {
      "line": "My thought than I ever could plot",
      "annotations": {},
      "timestamp": "0"
    },
    {
      "line": "I front you",
      "annotations": {},
      "timestamp": "0"
    },
    {
      "line": "Maybe from a dime",
      "annotations": {},
      "timestamp": "0"
    },
    {
      "line": "I lost my centre",
      "annotations": {},
      "timestamp": "0"
    },
    {
      "line": "Searing the best of you",
      "annotations": {},
      "timestamp": "0"
    },
    {
      "line": "Could be stuck on a couple photos",
      "annotations": {},
      "timestamp": "0"
    },
    {
      "line": "My h ll",
      "annotations": {},
      "timestamp": "0"
    },
    {
      "line": "Mile lost away",
      "annotations": {},
      "timestamp": "0"
    },
    {
      "line": "Now I'm feeling",
      "annotations": {},
      "timestamp": "0"
    },
    {
      "line": "I’m not sure",
      "annotations": {},
      "timestamp": "0"
    },
    {
      "line": "Currеnts bound to you",
      "annotations": {},
      "timestamp": "0"
    },
    {
      "line": "Is it one or is it two",
      "annotations": {},
      "timestamp": "0"
    },
    {
      "line": "What’s my bond in the zoo",
      "annotations": {},
      "timestamp": "0"
    },
    {
      "line": "And em doors not on you",
      "annotations": {},
      "timestamp": "0"
    }
  ]
}