{
  "duration": 168.3069387755102,
  "song_title": "Can’t hide your theme",
  "writer": "Frith Hilton",
  "release_date": "November 11, 2022",
  "cover": "https://frithhilton.com.ng/musicpool/covers/6/136.jpg",
  "id": "136",
  "lyrics": [
    {
      "line": "[Intro]",
      "annotations": {},
      "timestamp": "0"
    },
    {
      "line": "Oh we’re here",
      "annotations": {},
      "timestamp": "0"
    },
    {
      "line": "",
      "annotations": {},
      "timestamp": "0"
    },
    {
      "line": "[Verse 1]",
      "annotations": {},
      "timestamp": "0"
    },
    {
      "line": "I’m feeling like I woke up",
      "annotations": {},
      "timestamp": "0"
    },
    {
      "line": "On the right side of the bed",
      "annotations": {},
      "timestamp": "0"
    },
    {
      "line": "Bed, peer pair",
      "annotations": {},
      "timestamp": "0"
    },
    {
      "line": "I’m feeling like I woke up",
      "annotations": {},
      "timestamp": "0"
    },
    {
      "line": "On the right side of the bed",
      "annotations": {},
      "timestamp": "0"
    },
    {
      "line": "Paired with peer",
      "annotations": {},
      "timestamp": "0"
    },
    {
      "line": "I wanna hear your thoughts",
      "annotations": {},
      "timestamp": "0"
    },
    {
      "line": "Can you tell me with a smile",
      "annotations": {},
      "timestamp": "0"
    },
    {
      "line": "Her lie is on purse",
      "annotations": {},
      "timestamp": "0"
    },
    {
      "line": "I just want you here",
      "annotations": {},
      "timestamp": "0"
    },
    {
      "line": "I need to focus on you some more",
      "annotations": {},
      "timestamp": "0"
    },
    {
      "line": "I got nothing but this rain pour",
      "annotations": {},
      "timestamp": "0"
    },
    {
      "line": "It’s had me feeling like",
      "annotations": {},
      "timestamp": "0"
    },
    {
      "line": "This ain’t nothing more",
      "annotations": {},
      "timestamp": "0"
    },
    {
      "line": "Nothing more",
      "annotations": {},
      "timestamp": "0"
    },
    {
      "line": "And I know what to feel",
      "annotations": {},
      "timestamp": "0"
    },
    {
      "line": "Feel, feel, feel, feel, feel",
      "annotations": {},
      "timestamp": "0"
    },
    {
      "line": "And I know what I feel",
      "annotations": {},
      "timestamp": "0"
    },
    {
      "line": "",
      "annotations": {},
      "timestamp": "0"
    },
    {
      "line": "[Verse 2]",
      "annotations": {},
      "timestamp": "0"
    },
    {
      "line": "I’m calling on your tel",
      "annotations": {},
      "timestamp": "0"
    },
    {
      "line": "But you say nothing",
      "annotations": {},
      "timestamp": "0"
    },
    {
      "line": "I’m all time high",
      "annotations": {},
      "timestamp": "0"
    },
    {
      "line": "When she know no reading",
      "annotations": {},
      "timestamp": "0"
    },
    {
      "line": "You know I can’t hide your theme",
      "annotations": {},
      "timestamp": "0"
    },
    {
      "line": "When you’rе offending him",
      "annotations": {},
      "timestamp": "0"
    },
    {
      "line": "Theo wherе is your ass",
      "annotations": {},
      "timestamp": "0"
    },
    {
      "line": "It’s your sou",
      "annotations": {},
      "timestamp": "0"
    },
    {
      "line": "It’s fine, he’s fine",
      "annotations": {},
      "timestamp": "0"
    },
    {
      "line": "It’s just us two",
      "annotations": {},
      "timestamp": "0"
    },
    {
      "line": "And she knows",
      "annotations": {},
      "timestamp": "0"
    },
    {
      "line": "No zit on him",
      "annotations": {},
      "timestamp": "0"
    },
    {
      "line": "He’s fine",
      "annotations": {},
      "timestamp": "0"
    },
    {
      "line": "He’s fine",
      "annotations": {},
      "timestamp": "0"
    },
    {
      "line": "I’m locking it on you",
      "annotations": {},
      "timestamp": "0"
    },
    {
      "line": "Fapping my pants",
      "annotations": {},
      "timestamp": "0"
    },
    {
      "line": "And p ss on you",
      "annotations": {},
      "timestamp": "0"
    },
    {
      "line": "Cure my thoughts",
      "annotations": {},
      "timestamp": "0"
    },
    {
      "line": "Card, damn! it’s on you",
      "annotations": {},
      "timestamp": "0"
    },
    {
      "line": "Can I hit you like a real junkie homie yo?",
      "annotations": {},
      "timestamp": "0"
    },
    {
      "line": "Is something like that enough?",
      "annotations": {},
      "timestamp": "0"
    }
  ]
}