{
  "song_title": "The pain you need",
  "writer": "Frith Hilton",
  "release_date": "November 20, 2022",
  "cover": "https://frithhilton.com.ng/musicpool/covers/6/138.jpg",
  "mp3_url": "https://frithhilton.com.ng/mp3/6/13. The pain you need.mp3",
  "duration": 117.4465306122449,
  "id": "138",
  "lyrics": [
    {
      "line": "[Verse 1]",
      "annotations": {},
      "timestamp": "0"
    },
    {
      "line": "Does it ever come down",
      "annotations": {},
      "timestamp": "0"
    },
    {
      "line": "You pay to need",
      "annotations": {},
      "timestamp": "0"
    },
    {
      "line": "The pain you need",
      "annotations": {},
      "timestamp": "0"
    },
    {
      "line": "Is it heaven in that room then",
      "annotations": {},
      "timestamp": "0"
    },
    {
      "line": "Does he ever come down",
      "annotations": {},
      "timestamp": "0"
    },
    {
      "line": "You pay to need",
      "annotations": {},
      "timestamp": "0"
    },
    {
      "line": "The pain you need",
      "annotations": {},
      "timestamp": "0"
    },
    {
      "line": "Done with heaven now",
      "annotations": {},
      "timestamp": "0"
    },
    {
      "line": "Does he ever come down",
      "annotations": {},
      "timestamp": "0"
    },
    {
      "line": "The bay you need",
      "annotations": {},
      "timestamp": "0"
    },
    {
      "line": "You’ve been near",
      "annotations": {},
      "timestamp": "0"
    },
    {
      "line": "Here about asking the same questions",
      "annotations": {},
      "timestamp": "0"
    },
    {
      "line": "Does he even know you are dinned",
      "annotations": {},
      "timestamp": "0"
    },
    {
      "line": "Ever hail",
      "annotations": {},
      "timestamp": "0"
    },
    {
      "line": "Does it ever",
      "annotations": {},
      "timestamp": "0"
    },
    {
      "line": "Will you ever come down",
      "annotations": {},
      "timestamp": "0"
    },
    {
      "line": "You pay to need",
      "annotations": {},
      "timestamp": "0"
    },
    {
      "line": "The pain you need",
      "annotations": {},
      "timestamp": "0"
    },
    {
      "line": "Pain in your ears",
      "annotations": {},
      "timestamp": "0"
    },
    {
      "line": "Stay over",
      "annotations": {},
      "timestamp": "0"
    },
    {
      "line": "Does it ever say enough then",
      "annotations": {},
      "timestamp": "0"
    },
    {
      "line": "Is it over?",
      "annotations": {},
      "timestamp": "0"
    },
    {
      "line": "Does it ever say, visiting",
      "annotations": {},
      "timestamp": "0"
    },
    {
      "line": "I’m salient, meddling",
      "annotations": {},
      "timestamp": "0"
    },
    {
      "line": "Losing it on bed",
      "annotations": {},
      "timestamp": "0"
    },
    {
      "line": "All I ever had",
      "annotations": {},
      "timestamp": "0"
    },
    {
      "line": "Was it? never enough in there (oh oh)",
      "annotations": {},
      "timestamp": "0"
    },
    {
      "line": "Then I had a pay",
      "annotations": {},
      "timestamp": "0"
    },
    {
      "line": "How I had her fucking down",
      "annotations": {},
      "timestamp": "0"
    },
    {
      "line": "And I had a card",
      "annotations": {},
      "timestamp": "0"
    },
    {
      "line": "And I swiped her level right",
      "annotations": {},
      "timestamp": "0"
    },
    {
      "line": "Does it ever come down",
      "annotations": {},
      "timestamp": "0"
    },
    {
      "line": "Does it bid to me?",
      "annotations": {},
      "timestamp": "0"
    },
    {
      "line": "Does it reign on me",
      "annotations": {},
      "timestamp": "0"
    },
    {
      "line": "Do I ever feel pain (pain)",
      "annotations": {},
      "timestamp": "0"
    },
    {
      "line": "Will I ever know",
      "annotations": {},
      "timestamp": "0"
    },
    {
      "line": "When he never",
      "annotations": {},
      "timestamp": "0"
    },
    {
      "line": "He has a car",
      "annotations": {},
      "timestamp": "0"
    },
    {
      "line": "Will I ever know",
      "annotations": {},
      "timestamp": "0"
    },
    {
      "line": "Will he ever have an end?",
      "annotations": {},
      "timestamp": "0"
    },
    {
      "line": "Right now I am lost in my head",
      "annotations": {},
      "timestamp": "0"
    },
    {
      "line": "Doesn’t it mean it is the end",
      "annotations": {},
      "timestamp": "0"
    },
    {
      "line": "When I hit the fucking end",
      "annotations": {},
      "timestamp": "0"
    },
    {
      "line": "Doesn’t mean it’s not the car",
      "annotations": {},
      "timestamp": "0"
    },
    {
      "line": "Ah!",
      "annotations": {},
      "timestamp": "0"
    },
    {
      "line": "Will I ever get it right?",
      "annotations": {},
      "timestamp": "0"
    },
    {
      "line": "How many questions",
      "annotations": {},
      "timestamp": "0"
    },
    {
      "line": "That will never make it to the rhyme",
      "annotations": {},
      "timestamp": "0"
    },
    {
      "line": "Will I ever get a pen",
      "annotations": {},
      "timestamp": "0"
    },
    {
      "line": "So many questions that will never get . .",
      "annotations": {},
      "timestamp": "0"
    },
    {
      "line": "Then leak a way",
      "annotations": {},
      "timestamp": "0"
    },
    {
      "line": "Can I convince you",
      "annotations": {},
      "timestamp": "0"
    },
    {
      "line": "Can hand you a chew",
      "annotations": {},
      "timestamp": "0"
    },
    {
      "line": "Canary mark my tools",
      "annotations": {},
      "timestamp": "0"
    },
    {
      "line": "Can I bet a dew",
      "annotations": {},
      "timestamp": "0"
    },
    {
      "line": "Can a lever ever get a leak",
      "annotations": {},
      "timestamp": "0"
    },
    {
      "line": "That I went for food",
      "annotations": {},
      "timestamp": "0"
    },
    {
      "line": "If it was for real",
      "annotations": {},
      "timestamp": "0"
    },
    {
      "line": "Wish she ever knew",
      "annotations": {},
      "timestamp": "0"
    },
    {
      "line": "It is nothing new",
      "annotations": {},
      "timestamp": "0"
    },
    {
      "line": "Nothing new",
      "annotations": {},
      "timestamp": "0"
    },
    {
      "line": "My love for you",
      "annotations": {},
      "timestamp": "0"
    },
    {
      "line": "Like a harpoon",
      "annotations": {},
      "timestamp": "0"
    },
    {
      "line": "It is nothing new",
      "annotations": {},
      "timestamp": "0"
    },
    {
      "line": "It is nothing new",
      "annotations": {},
      "timestamp": "0"
    },
    {
      "line": "This ready gun",
      "annotations": {},
      "timestamp": "0"
    },
    {
      "line": "If you’re repping",
      "annotations": {},
      "timestamp": "0"
    }
  ]
}