{
  "song_title": "Mona Lisa",
  "writer": "Frith Hilton",
  "release_date": "November 29, 2022",
  "cover": "https://frithhilton.com.ng/musicpool/covers/6/139.jpg",
  "mp3_url": "https://frithhilton.com.ng/mp3/6/14. Mona Lisa.mp3",
  "duration": 128.47020408163266,
  "id": "139",
  "lyrics": [
    {
      "line": "[Intro]",
      "annotations": {},
      "timestamp": "0"
    },
    {
      "line": "I am here all alone",
      "annotations": {},
      "timestamp": "0"
    },
    {
      "line": "Thinking of you",
      "annotations": {},
      "timestamp": "0"
    },
    {
      "line": "Your smile",
      "annotations": {},
      "timestamp": "0"
    },
    {
      "line": "Your mona lisa smile",
      "annotations": {},
      "timestamp": "0"
    },
    {
      "line": "",
      "annotations": {},
      "timestamp": "0"
    },
    {
      "line": "[Verse 1]",
      "annotations": {},
      "timestamp": "0"
    },
    {
      "line": "Hey there mona lisa",
      "annotations": {},
      "timestamp": "0"
    },
    {
      "line": "Can I have your time",
      "annotations": {},
      "timestamp": "0"
    },
    {
      "line": "Hurt alissa",
      "annotations": {},
      "timestamp": "0"
    },
    {
      "line": "Never get hurt",
      "annotations": {},
      "timestamp": "0"
    },
    {
      "line": "Dad there is no receipt",
      "annotations": {},
      "timestamp": "0"
    },
    {
      "line": "She never leaves me; gone",
      "annotations": {},
      "timestamp": "0"
    },
    {
      "line": "Weighed down busy",
      "annotations": {},
      "timestamp": "0"
    },
    {
      "line": "And my thoughts always right",
      "annotations": {},
      "timestamp": "0"
    },
    {
      "line": "And my loss on the sawdust",
      "annotations": {},
      "timestamp": "0"
    },
    {
      "line": "Tune raid vim",
      "annotations": {},
      "timestamp": "0"
    },
    {
      "line": "We’ll be fine",
      "annotations": {},
      "timestamp": "0"
    },
    {
      "line": "Stay with me",
      "annotations": {},
      "timestamp": "0"
    },
    {
      "line": "Hello mona lisa",
      "annotations": {},
      "timestamp": "0"
    },
    {
      "line": "Hello mona lisa",
      "annotations": {},
      "timestamp": "0"
    },
    {
      "line": "Can I have your name",
      "annotations": {},
      "timestamp": "0"
    },
    {
      "line": "My only mood now",
      "annotations": {},
      "timestamp": "0"
    },
    {
      "line": "Hello mona lisa",
      "annotations": {},
      "timestamp": "0"
    },
    {
      "line": "Hello mona lisa",
      "annotations": {},
      "timestamp": "0"
    },
    {
      "line": "Can I have your ears right now",
      "annotations": {},
      "timestamp": "0"
    },
    {
      "line": "I don’t wanna wake up",
      "annotations": {},
      "timestamp": "0"
    },
    {
      "line": "Travel day, type of day",
      "annotations": {},
      "timestamp": "0"
    },
    {
      "line": "I don’t wanna wake up",
      "annotations": {},
      "timestamp": "0"
    },
    {
      "line": "Cab or car",
      "annotations": {},
      "timestamp": "0"
    },
    {
      "line": "My calling card",
      "annotations": {},
      "timestamp": "0"
    },
    {
      "line": "",
      "annotations": {},
      "timestamp": "0"
    },
    {
      "line": "[Verse 2]",
      "annotations": {},
      "timestamp": "0"
    },
    {
      "line": "Deep in the sea uneducated",
      "annotations": {},
      "timestamp": "0"
    },
    {
      "line": "Hide on two",
      "annotations": {},
      "timestamp": "0"
    },
    {
      "line": "My mind is always lost on your twos",
      "annotations": {},
      "timestamp": "0"
    },
    {
      "line": "Making up your face tease",
      "annotations": {},
      "timestamp": "0"
    },
    {
      "line": "It’s all I ever do",
      "annotations": {},
      "timestamp": "0"
    },
    {
      "line": "I don’t really know",
      "annotations": {},
      "timestamp": "0"
    },
    {
      "line": "What a seal, what a fool",
      "annotations": {},
      "timestamp": "0"
    },
    {
      "line": "Think I'm a fool for you",
      "annotations": {},
      "timestamp": "0"
    },
    {
      "line": "Make a heart beep",
      "annotations": {},
      "timestamp": "0"
    },
    {
      "line": "But for you",
      "annotations": {},
      "timestamp": "0"
    },
    {
      "line": "Most of the time",
      "annotations": {},
      "timestamp": "0"
    },
    {
      "line": "I’m la la lover",
      "annotations": {},
      "timestamp": "0"
    },
    {
      "line": "Hand your name",
      "annotations": {},
      "timestamp": "0"
    }
  ]
}