{
  "song_title": "Street lights",
  "writer": "Frith Hilton",
  "release_date": "September 24, 2022",
  "cover": "https://frithhilton.com.ng/musicpool/covers/6/141.jpg",
  "mp3_url": "https://frithhilton.com.ng/mp3/6/16. Street lights.mp3",
  "duration": 197.53795918367348,
  "id": "141",
  "lyrics": [
    {
      "line": "[Intro]",
      "annotations": {},
      "timestamp": "0"
    },
    {
      "line": "Tell me what you see with the shitty eyes",
      "annotations": {},
      "timestamp": "0"
    },
    {
      "line": "Armed with a taser",
      "annotations": {},
      "timestamp": "0"
    },
    {
      "line": "I’m calling but you’re not hearing",
      "annotations": {},
      "timestamp": "0"
    },
    {
      "line": "The walls spell your years",
      "annotations": {},
      "timestamp": "0"
    },
    {
      "line": "Say we sealing",
      "annotations": {},
      "timestamp": "0"
    },
    {
      "line": "It was veel nine",
      "annotations": {},
      "timestamp": "0"
    },
    {
      "line": "I see none",
      "annotations": {},
      "timestamp": "0"
    },
    {
      "line": "How long are you holding on to this",
      "annotations": {},
      "timestamp": "0"
    },
    {
      "line": "",
      "annotations": {},
      "timestamp": "0"
    },
    {
      "line": "[Verse 1]",
      "annotations": {},
      "timestamp": "0"
    },
    {
      "line": "My tears falling",
      "annotations": {},
      "timestamp": "0"
    },
    {
      "line": "They don’t . . .",
      "annotations": {},
      "timestamp": "0"
    },
    {
      "line": "Be here now",
      "annotations": {},
      "timestamp": "0"
    },
    {
      "line": "Saying the year that they hold",
      "annotations": {},
      "timestamp": "0"
    },
    {
      "line": "Homie the left I do",
      "annotations": {},
      "timestamp": "0"
    },
    {
      "line": "And I know it hurts to feel low",
      "annotations": {},
      "timestamp": "0"
    },
    {
      "line": "When it sucks still",
      "annotations": {},
      "timestamp": "0"
    },
    {
      "line": "To be in love",
      "annotations": {},
      "timestamp": "0"
    },
    {
      "line": "A call away",
      "annotations": {},
      "timestamp": "0"
    },
    {
      "line": "It tears, veils, the day",
      "annotations": {},
      "timestamp": "0"
    },
    {
      "line": "Tell me what you see with the street light",
      "annotations": {},
      "timestamp": "0"
    },
    {
      "line": "Cos I don’t see",
      "annotations": {},
      "timestamp": "0"
    },
    {
      "line": "Tell me what you still see with the street lights",
      "annotations": {},
      "timestamp": "0"
    },
    {
      "line": "Is it that I don’t see",
      "annotations": {},
      "timestamp": "0"
    },
    {
      "line": "",
      "annotations": {},
      "timestamp": "0"
    },
    {
      "line": "[Verse 2]",
      "annotations": {},
      "timestamp": "0"
    },
    {
      "line": "So it started with the familiar",
      "annotations": {},
      "timestamp": "0"
    },
    {
      "line": "Wе just started from the:",
      "annotations": {},
      "timestamp": "0"
    },
    {
      "line": "All thesе is bison",
      "annotations": {},
      "timestamp": "0"
    },
    {
      "line": "And I was he rs ing",
      "annotations": {},
      "timestamp": "0"
    },
    {
      "line": "Ignore the swap team",
      "annotations": {},
      "timestamp": "0"
    },
    {
      "line": "It’s kissing in the h ll we are in",
      "annotations": {},
      "timestamp": "0"
    },
    {
      "line": "I don’t really know",
      "annotations": {},
      "timestamp": "0"
    },
    {
      "line": "How it goes",
      "annotations": {},
      "timestamp": "0"
    },
    {
      "line": "If it is true",
      "annotations": {},
      "timestamp": "0"
    },
    {
      "line": "Or it is wrong",
      "annotations": {},
      "timestamp": "0"
    },
    {
      "line": "I just feel",
      "annotations": {},
      "timestamp": "0"
    },
    {
      "line": "That I am here",
      "annotations": {},
      "timestamp": "0"
    },
    {
      "line": "And I know",
      "annotations": {},
      "timestamp": "0"
    },
    {
      "line": "How I'm goad",
      "annotations": {},
      "timestamp": "0"
    },
    {
      "line": "You who is beta",
      "annotations": {},
      "timestamp": "0"
    },
    {
      "line": "You who is better",
      "annotations": {},
      "timestamp": "0"
    },
    {
      "line": "Her row better",
      "annotations": {},
      "timestamp": "0"
    },
    {
      "line": "You will steer",
      "annotations": {},
      "timestamp": "0"
    },
    {
      "line": "Handle your stool in",
      "annotations": {},
      "timestamp": "0"
    },
    {
      "line": "And I feel that I'm better",
      "annotations": {},
      "timestamp": "0"
    },
    {
      "line": "Doesn’t matter",
      "annotations": {},
      "timestamp": "0"
    },
    {
      "line": "I’m a kong",
      "annotations": {},
      "timestamp": "0"
    },
    {
      "line": "Happy betting",
      "annotations": {},
      "timestamp": "0"
    },
    {
      "line": "Here they say",
      "annotations": {},
      "timestamp": "0"
    },
    {
      "line": "Doesn’t matter",
      "annotations": {},
      "timestamp": "0"
    },
    {
      "line": "How it goes",
      "annotations": {},
      "timestamp": "0"
    },
    {
      "line": "How it goes",
      "annotations": {},
      "timestamp": "0"
    },
    {
      "line": "How it goes",
      "annotations": {},
      "timestamp": "0"
    },
    {
      "line": "Cosmic hull",
      "annotations": {},
      "timestamp": "0"
    },
    {
      "line": "Does he still hurt",
      "annotations": {},
      "timestamp": "0"
    },
    {
      "line": "Does he do",
      "annotations": {},
      "timestamp": "0"
    },
    {
      "line": "My love always buying",
      "annotations": {},
      "timestamp": "0"
    },
    {
      "line": "Give me a clue",
      "annotations": {},
      "timestamp": "0"
    },
    {
      "line": "I don’t really know if it is true",
      "annotations": {},
      "timestamp": "0"
    },
    {
      "line": "Means I ain’t laying on the best of me",
      "annotations": {},
      "timestamp": "0"
    },
    {
      "line": "Failing the year I am not deceiving",
      "annotations": {},
      "timestamp": "0"
    },
    {
      "line": "The calling, and praying that I take all the doors",
      "annotations": {},
      "timestamp": "0"
    },
    {
      "line": "Zip in on her",
      "annotations": {},
      "timestamp": "0"
    },
    {
      "line": "Dumb brain out here",
      "annotations": {},
      "timestamp": "0"
    },
    {
      "line": "When it is no when I am busy",
      "annotations": {},
      "timestamp": "0"
    },
    {
      "line": "To the day when I frock my head in known",
      "annotations": {},
      "timestamp": "0"
    },
    {
      "line": "Hope you are the anecdote",
      "annotations": {},
      "timestamp": "0"
    },
    {
      "line": "The naniq thaws",
      "annotations": {},
      "timestamp": "0"
    },
    {
      "line": "Two worlds apart",
      "annotations": {},
      "timestamp": "0"
    },
    {
      "line": "Two worlds, a prose",
      "annotations": {},
      "timestamp": "0"
    },
    {
      "line": "I’m mowing my conscience",
      "annotations": {},
      "timestamp": "0"
    },
    {
      "line": "Does he feast",
      "annotations": {},
      "timestamp": "0"
    },
    {
      "line": "Does he riddle",
      "annotations": {},
      "timestamp": "0"
    },
    {
      "line": "",
      "annotations": {},
      "timestamp": "0"
    },
    {
      "line": "[Outro]",
      "annotations": {},
      "timestamp": "0"
    },
    {
      "line": "(laughter)",
      "annotations": {},
      "timestamp": "0"
    },
    {
      "line": "fuck this aux cord",
      "annotations": {},
      "timestamp": "0"
    }
  ]
}