{
  "song_title": "Pro hac vice",
  "writer": "Frith Hilton",
  "release_date": "December 3, 2022",
  "cover": "https://frithhilton.com.ng/musicpool/covers/6/143.jpg",
  "mp3_url": "https://frithhilton.com.ng/mp3/6/18. Pro hac vice.mp3",
  "duration": 112.77061224489796,
  "id": "143",
  "lyrics": [
    {
      "line": "[Intro]",
      "annotations": {},
      "timestamp": "0"
    },
    {
      "line": "And you go",
      "annotations": {},
      "timestamp": "0"
    },
    {
      "line": "It is another hail",
      "annotations": {},
      "timestamp": "0"
    },
    {
      "line": "Oh she halve her deuces",
      "annotations": {},
      "timestamp": "0"
    },
    {
      "line": "Sailing, and you go",
      "annotations": {},
      "timestamp": "0"
    },
    {
      "line": "It’s another veer",
      "annotations": {},
      "timestamp": "0"
    },
    {
      "line": "Oh she’d rather you lose it",
      "annotations": {},
      "timestamp": "0"
    },
    {
      "line": "",
      "annotations": {},
      "timestamp": "0"
    },
    {
      "line": "[Verse 1]",
      "annotations": {},
      "timestamp": "0"
    },
    {
      "line": "Eh! pro hac vice",
      "annotations": {},
      "timestamp": "0"
    },
    {
      "line": "You should take your bag",
      "annotations": {},
      "timestamp": "0"
    },
    {
      "line": "Telling you",
      "annotations": {},
      "timestamp": "0"
    },
    {
      "line": "There is no marring your vim",
      "annotations": {},
      "timestamp": "0"
    },
    {
      "line": "I’m other you",
      "annotations": {},
      "timestamp": "0"
    },
    {
      "line": "I wanna love you",
      "annotations": {},
      "timestamp": "0"
    },
    {
      "line": "You should learn",
      "annotations": {},
      "timestamp": "0"
    },
    {
      "line": "Weigh your none",
      "annotations": {},
      "timestamp": "0"
    },
    {
      "line": "When you want what you want",
      "annotations": {},
      "timestamp": "0"
    },
    {
      "line": "I can’t get it right",
      "annotations": {},
      "timestamp": "0"
    },
    {
      "line": "When you are gone",
      "annotations": {},
      "timestamp": "0"
    },
    {
      "line": "My mind is lost",
      "annotations": {},
      "timestamp": "0"
    },
    {
      "line": "Summon me like a p wn",
      "annotations": {},
      "timestamp": "0"
    },
    {
      "line": "You should let me never lose it",
      "annotations": {},
      "timestamp": "0"
    },
    {
      "line": "Oh! pro hac vice",
      "annotations": {},
      "timestamp": "0"
    },
    {
      "line": "You should get your bags back",
      "annotations": {},
      "timestamp": "0"
    },
    {
      "line": "There is no taking a vial sip",
      "annotations": {},
      "timestamp": "0"
    },
    {
      "line": "I’m locking on my tay tempt",
      "annotations": {},
      "timestamp": "0"
    },
    {
      "line": "Take your vial sip",
      "annotations": {},
      "timestamp": "0"
    },
    {
      "line": "Momma told me",
      "annotations": {},
      "timestamp": "0"
    },
    {
      "line": "I could buy your lie; I sip",
      "annotations": {},
      "timestamp": "0"
    },
    {
      "line": "Maybe if I see it",
      "annotations": {},
      "timestamp": "0"
    },
    {
      "line": "Then think it out",
      "annotations": {},
      "timestamp": "0"
    },
    {
      "line": "I’m not sure what is ringing loud",
      "annotations": {},
      "timestamp": "0"
    },
    {
      "line": "It is no matter who is talking back",
      "annotations": {},
      "timestamp": "0"
    },
    {
      "line": "It is just my heart that is burning hard dear",
      "annotations": {},
      "timestamp": "0"
    },
    {
      "line": "Harder",
      "annotations": {},
      "timestamp": "0"
    },
    {
      "line": "Fig it in love",
      "annotations": {},
      "timestamp": "0"
    },
    {
      "line": "You should never look it in",
      "annotations": {},
      "timestamp": "0"
    },
    {
      "line": "Like another pun",
      "annotations": {},
      "timestamp": "0"
    },
    {
      "line": "I’m not sure what is different on the law",
      "annotations": {},
      "timestamp": "0"
    },
    {
      "line": "All you ever do is make me feel lost",
      "annotations": {},
      "timestamp": "0"
    },
    {
      "line": "Make me feel a lot",
      "annotations": {},
      "timestamp": "0"
    },
    {
      "line": "Make me feel lost",
      "annotations": {},
      "timestamp": "0"
    },
    {
      "line": "You should never take your rib from me",
      "annotations": {},
      "timestamp": "0"
    },
    {
      "line": "You make me feel lost",
      "annotations": {},
      "timestamp": "0"
    },
    {
      "line": "You make me feel a lot",
      "annotations": {},
      "timestamp": "0"
    }
  ]
}