{
  "song_title": "Cobber momma",
  "writer": "Frith Hilton",
  "release_date": "December 2, 2022",
  "cover": "https://frithhilton.com.ng/musicpool/covers/6/144.jpg",
  "mp3_url": "https://frithhilton.com.ng/mp3/6/19. Cobber momma.mp3",
  "duration": 91.63755102040817,
  "id": "144",
  "lyrics": [
    {
      "line": "[Verse 1]",
      "annotations": {},
      "timestamp": "0"
    },
    {
      "line": "Every rack deal",
      "annotations": {},
      "timestamp": "0"
    },
    {
      "line": "Every other girl",
      "annotations": {},
      "timestamp": "0"
    },
    {
      "line": "She telling me that",
      "annotations": {},
      "timestamp": "0"
    },
    {
      "line": "She’s a yorker",
      "annotations": {},
      "timestamp": "0"
    },
    {
      "line": "A do, a jewel",
      "annotations": {},
      "timestamp": "0"
    },
    {
      "line": "Every other girl",
      "annotations": {},
      "timestamp": "0"
    },
    {
      "line": "Everywhere I go",
      "annotations": {},
      "timestamp": "0"
    },
    {
      "line": "You will see her when she tell me",
      "annotations": {},
      "timestamp": "0"
    },
    {
      "line": "That she deliver",
      "annotations": {},
      "timestamp": "0"
    },
    {
      "line": "You are done",
      "annotations": {},
      "timestamp": "0"
    },
    {
      "line": "Envy that girl",
      "annotations": {},
      "timestamp": "0"
    },
    {
      "line": "Everywhere you’re girl",
      "annotations": {},
      "timestamp": "0"
    },
    {
      "line": "Momma told me",
      "annotations": {},
      "timestamp": "0"
    },
    {
      "line": "She may never",
      "annotations": {},
      "timestamp": "0"
    },
    {
      "line": "Never love again",
      "annotations": {},
      "timestamp": "0"
    },
    {
      "line": "Heavy your curl",
      "annotations": {},
      "timestamp": "0"
    },
    {
      "line": "Hey you",
      "annotations": {},
      "timestamp": "0"
    },
    {
      "line": "Here we go",
      "annotations": {},
      "timestamp": "0"
    },
    {
      "line": "Many told mе",
      "annotations": {},
      "timestamp": "0"
    },
    {
      "line": "She will be mine",
      "annotations": {},
      "timestamp": "0"
    },
    {
      "line": "Whеn she says yes",
      "annotations": {},
      "timestamp": "0"
    },
    {
      "line": "They say it",
      "annotations": {},
      "timestamp": "0"
    },
    {
      "line": "Come over",
      "annotations": {},
      "timestamp": "0"
    },
    {
      "line": "You are mine",
      "annotations": {},
      "timestamp": "0"
    },
    {
      "line": "Come over",
      "annotations": {},
      "timestamp": "0"
    },
    {
      "line": "We started a party",
      "annotations": {},
      "timestamp": "0"
    },
    {
      "line": "Give me nova insane",
      "annotations": {},
      "timestamp": "0"
    },
    {
      "line": "Come over you’re mine",
      "annotations": {},
      "timestamp": "0"
    },
    {
      "line": "Cobber momma",
      "annotations": {},
      "timestamp": "0"
    },
    {
      "line": "I’m yours",
      "annotations": {},
      "timestamp": "0"
    },
    {
      "line": "It’s no bothersome",
      "annotations": {},
      "timestamp": "0"
    },
    {
      "line": "Takedown, this feeling eh",
      "annotations": {},
      "timestamp": "0"
    },
    {
      "line": "Hey, a man in love ed",
      "annotations": {},
      "timestamp": "0"
    },
    {
      "line": "A man will love it",
      "annotations": {},
      "timestamp": "0"
    },
    {
      "line": "A man will love it better than a duke",
      "annotations": {},
      "timestamp": "0"
    },
    {
      "line": "And he will bet a gift for it",
      "annotations": {},
      "timestamp": "0"
    },
    {
      "line": "A man will love it",
      "annotations": {},
      "timestamp": "0"
    },
    {
      "line": "A man will love it",
      "annotations": {},
      "timestamp": "0"
    },
    {
      "line": "A man will love it",
      "annotations": {},
      "timestamp": "0"
    },
    {
      "line": "Better than . . . I tell you",
      "annotations": {},
      "timestamp": "0"
    },
    {
      "line": "Then you better go for it",
      "annotations": {},
      "timestamp": "0"
    }
  ]
}