{
  "song_title": "Get that education",
  "writer": "Frith Hilton",
  "release_date": "December 2, 2022",
  "cover": "https://frithhilton.com.ng/musicpool/covers/6/145.jpg",
  "mp3_url": "https://frithhilton.com.ng/mp3/6/20. Get that education.mp3",
  "duration": 124.70857142857143,
  "id": "145",
  "lyrics": [
    {
      "line": "[Intro]",
      "annotations": {},
      "timestamp": "0"
    },
    {
      "line": "Oh you got pain",
      "annotations": {},
      "timestamp": "0"
    },
    {
      "line": "Beautiful meme",
      "annotations": {},
      "timestamp": "0"
    },
    {
      "line": "Black final glass",
      "annotations": {},
      "timestamp": "0"
    },
    {
      "line": "You are the way",
      "annotations": {},
      "timestamp": "0"
    },
    {
      "line": "You always were",
      "annotations": {},
      "timestamp": "0"
    },
    {
      "line": "You make your cool gains",
      "annotations": {},
      "timestamp": "0"
    },
    {
      "line": "",
      "annotations": {},
      "timestamp": "0"
    },
    {
      "line": "[Chorus]",
      "annotations": {},
      "timestamp": "0"
    },
    {
      "line": "She says get that education",
      "annotations": {},
      "timestamp": "0"
    },
    {
      "line": "‘fore it snows me",
      "annotations": {},
      "timestamp": "0"
    },
    {
      "line": "How many bars till it gets real",
      "annotations": {},
      "timestamp": "0"
    },
    {
      "line": "Demystifying the realising",
      "annotations": {},
      "timestamp": "0"
    },
    {
      "line": "She says spats in place",
      "annotations": {},
      "timestamp": "0"
    },
    {
      "line": "Cards on face",
      "annotations": {},
      "timestamp": "0"
    },
    {
      "line": "Call a date",
      "annotations": {},
      "timestamp": "0"
    },
    {
      "line": "",
      "annotations": {},
      "timestamp": "0"
    },
    {
      "line": "[Verse 1]",
      "annotations": {},
      "timestamp": "0"
    },
    {
      "line": "Warts and all on balance",
      "annotations": {},
      "timestamp": "0"
    },
    {
      "line": "Paul done dead relatives",
      "annotations": {},
      "timestamp": "0"
    },
    {
      "line": "Cacophony can’t sit on this",
      "annotations": {},
      "timestamp": "0"
    },
    {
      "line": "I’ll refute it",
      "annotations": {},
      "timestamp": "0"
    },
    {
      "line": "Bon sens opportune it",
      "annotations": {},
      "timestamp": "0"
    },
    {
      "line": "Time mimesis",
      "annotations": {},
      "timestamp": "0"
    },
    {
      "line": "Like you and I",
      "annotations": {},
      "timestamp": "0"
    },
    {
      "line": "Just wailing",
      "annotations": {},
      "timestamp": "0"
    },
    {
      "line": "Beat a barf",
      "annotations": {},
      "timestamp": "0"
    },
    {
      "line": "Hit the dash",
      "annotations": {},
      "timestamp": "0"
    },
    {
      "line": "In the mine",
      "annotations": {},
      "timestamp": "0"
    },
    {
      "line": "Fallow the line",
      "annotations": {},
      "timestamp": "0"
    },
    {
      "line": "Be the man",
      "annotations": {},
      "timestamp": "0"
    },
    {
      "line": "Lakе with a dan",
      "annotations": {},
      "timestamp": "0"
    },
    {
      "line": "Hunches, me and mine",
      "annotations": {},
      "timestamp": "0"
    },
    {
      "line": "Just mе and my train",
      "annotations": {},
      "timestamp": "0"
    },
    {
      "line": "All week",
      "annotations": {},
      "timestamp": "0"
    },
    {
      "line": "Falling, dwelling, whirling",
      "annotations": {},
      "timestamp": "0"
    },
    {
      "line": "Broad in",
      "annotations": {},
      "timestamp": "0"
    },
    {
      "line": "You know I am back where your loving",
      "annotations": {},
      "timestamp": "0"
    },
    {
      "line": "You know I am back with the love in",
      "annotations": {},
      "timestamp": "0"
    },
    {
      "line": "You know I am back with the loving",
      "annotations": {},
      "timestamp": "0"
    },
    {
      "line": "And I never go",
      "annotations": {},
      "timestamp": "0"
    },
    {
      "line": "Any goal on it",
      "annotations": {},
      "timestamp": "0"
    },
    {
      "line": "I’m full on then",
      "annotations": {},
      "timestamp": "0"
    },
    {
      "line": "She in the bed",
      "annotations": {},
      "timestamp": "0"
    },
    {
      "line": "Silver lane",
      "annotations": {},
      "timestamp": "0"
    }
  ]
}