{
  "song_title": "Christmas sleepover",
  "writer": "Frith Hilton",
  "release_date": "November 30, 2022",
  "cover": "https://frithhilton.com.ng/musicpool/covers/6/147.jpg",
  "mp3_url": "https://frithhilton.com.ng/mp3/6/22. Christmas sleepover.mp3",
  "duration": 111.6995918367347,
  "id": "147",
  "lyrics": [
    {
      "line": "[Intro]",
      "annotations": {},
      "timestamp": "0"
    },
    {
      "line": "Woah oh oh",
      "annotations": {},
      "timestamp": "0"
    },
    {
      "line": "Would you say you are gold",
      "annotations": {},
      "timestamp": "0"
    },
    {
      "line": "",
      "annotations": {},
      "timestamp": "0"
    },
    {
      "line": "[Verse 1]",
      "annotations": {},
      "timestamp": "0"
    },
    {
      "line": "I can’t take my love away",
      "annotations": {},
      "timestamp": "0"
    },
    {
      "line": "It doesn’t count when you say no",
      "annotations": {},
      "timestamp": "0"
    },
    {
      "line": "I can’t take my love away",
      "annotations": {},
      "timestamp": "0"
    },
    {
      "line": "It doesn’t count when you say no",
      "annotations": {},
      "timestamp": "0"
    },
    {
      "line": "Beaver touch",
      "annotations": {},
      "timestamp": "0"
    },
    {
      "line": "Here with you",
      "annotations": {},
      "timestamp": "0"
    },
    {
      "line": "You really here, right?",
      "annotations": {},
      "timestamp": "0"
    },
    {
      "line": "Believe your love",
      "annotations": {},
      "timestamp": "0"
    },
    {
      "line": "When you hold me tight",
      "annotations": {},
      "timestamp": "0"
    },
    {
      "line": "",
      "annotations": {},
      "timestamp": "0"
    },
    {
      "line": "[Chorus]",
      "annotations": {},
      "timestamp": "0"
    },
    {
      "line": "My telling",
      "annotations": {},
      "timestamp": "0"
    },
    {
      "line": "Would be alright, loving",
      "annotations": {},
      "timestamp": "0"
    },
    {
      "line": "Unless I won’t be there",
      "annotations": {},
      "timestamp": "0"
    },
    {
      "line": "It is rehab",
      "annotations": {},
      "timestamp": "0"
    },
    {
      "line": "",
      "annotations": {},
      "timestamp": "0"
    },
    {
      "line": "[Verse 2]",
      "annotations": {},
      "timestamp": "0"
    },
    {
      "line": "Some say my intentions could be a crime",
      "annotations": {},
      "timestamp": "0"
    },
    {
      "line": "Some say my time don’t rhyme alright",
      "annotations": {},
      "timestamp": "0"
    },
    {
      "line": "And I don’t really know if it’s a real kite",
      "annotations": {},
      "timestamp": "0"
    },
    {
      "line": "But I am floating to you",
      "annotations": {},
      "timestamp": "0"
    },
    {
      "line": "I just need summer gad",
      "annotations": {},
      "timestamp": "0"
    },
    {
      "line": "How we roll",
      "annotations": {},
      "timestamp": "0"
    },
    {
      "line": "How we spеak",
      "annotations": {},
      "timestamp": "0"
    },
    {
      "line": "Doesn’t ever say vеtting, vetting vetted",
      "annotations": {},
      "timestamp": "0"
    },
    {
      "line": "Ah!",
      "annotations": {},
      "timestamp": "0"
    },
    {
      "line": "How we go really slow when we dance",
      "annotations": {},
      "timestamp": "0"
    },
    {
      "line": "",
      "annotations": {},
      "timestamp": "0"
    },
    {
      "line": "[Outro]",
      "annotations": {},
      "timestamp": "0"
    },
    {
      "line": "Instrumental",
      "annotations": {},
      "timestamp": "0"
    }
  ]
}