{
  "song_title": "Dirty laundry",
  "writer": "Frith Hilton",
  "release_date": "June 14, 2024",
  "cover": "https://frithhilton.com.ng/musicpool/covers/13/286.jpg",
  "mp3_url": "https://frithhilton.com.ng/mp3/13/3.)Dirty Laundry.mp3",
  "duration": 135.648,
  "id": "286",
  "lyrics": [
    {
      "line": "[Intro]",
      "annotations": {},
      "timestamp": "0"
    },
    {
      "line": "I smell dirty laundry",
      "annotations": {},
      "timestamp": "0"
    },
    {
      "line": "But it isn’t on me",
      "annotations": {},
      "timestamp": "0"
    },
    {
      "line": "Nothing foul though",
      "annotations": {},
      "timestamp": "0"
    },
    {
      "line": "",
      "annotations": {},
      "timestamp": "0"
    },
    {
      "line": "[Verse 1]",
      "annotations": {},
      "timestamp": "0"
    },
    {
      "line": "Liking how I get it out",
      "annotations": {},
      "timestamp": "0"
    },
    {
      "line": "It’s dark in here",
      "annotations": {},
      "timestamp": "0"
    },
    {
      "line": "I better let some light in",
      "annotations": {},
      "timestamp": "0"
    },
    {
      "line": "My talk is all of fad aided",
      "annotations": {},
      "timestamp": "0"
    },
    {
      "line": "Validated",
      "annotations": {},
      "timestamp": "0"
    },
    {
      "line": "I don’t ever make it sway",
      "annotations": {},
      "timestamp": "0"
    },
    {
      "line": "Appreciated, it’s how she brings it back",
      "annotations": {},
      "timestamp": "0"
    },
    {
      "line": "Down on here",
      "annotations": {},
      "timestamp": "0"
    },
    {
      "line": "",
      "annotations": {},
      "timestamp": "0"
    },
    {
      "line": "[Chorus]",
      "annotations": {},
      "timestamp": "0"
    },
    {
      "line": "And I like it",
      "annotations": {},
      "timestamp": "0"
    },
    {
      "line": "Like it, like it if she put down right here",
      "annotations": {},
      "timestamp": "0"
    },
    {
      "line": "And I like it",
      "annotations": {},
      "timestamp": "0"
    },
    {
      "line": "I could go out of my way",
      "annotations": {},
      "timestamp": "0"
    },
    {
      "line": "Just to say that",
      "annotations": {},
      "timestamp": "0"
    },
    {
      "line": "I want to hit it in the back",
      "annotations": {},
      "timestamp": "0"
    },
    {
      "line": "Take it right back to where you started",
      "annotations": {},
      "timestamp": "0"
    },
    {
      "line": "Tell me how you love me one more time",
      "annotations": {},
      "timestamp": "0"
    },
    {
      "line": "",
      "annotations": {},
      "timestamp": "0"
    },
    {
      "line": "[Verse 2]",
      "annotations": {},
      "timestamp": "0"
    },
    {
      "line": "And I never switch",
      "annotations": {},
      "timestamp": "0"
    },
    {
      "line": "Like, taking my feelings like put in the backpack",
      "annotations": {},
      "timestamp": "0"
    },
    {
      "line": "I never go out without my lunch pack",
      "annotations": {},
      "timestamp": "0"
    },
    {
      "line": "Asking what I put out",
      "annotations": {},
      "timestamp": "0"
    },
    {
      "line": "B tt over a dangling heart",
      "annotations": {},
      "timestamp": "0"
    },
    {
      "line": "Lifting where I put my cart",
      "annotations": {},
      "timestamp": "0"
    },
    {
      "line": "And I told my lover it is stacks",
      "annotations": {},
      "timestamp": "0"
    },
    {
      "line": "",
      "annotations": {},
      "timestamp": "0"
    },
    {
      "line": "[Verse 3]",
      "annotations": {},
      "timestamp": "0"
    },
    {
      "line": "It is all I bring to the table",
      "annotations": {},
      "timestamp": "0"
    },
    {
      "line": "Except you want some more of love",
      "annotations": {},
      "timestamp": "0"
    },
    {
      "line": "Got my dear idea like a heart heal",
      "annotations": {},
      "timestamp": "0"
    },
    {
      "line": "Say you want my sorrow dead",
      "annotations": {},
      "timestamp": "0"
    },
    {
      "line": "I’mma dry the laundry in the hall of perfect",
      "annotations": {},
      "timestamp": "0"
    },
    {
      "line": "How you like it",
      "annotations": {},
      "timestamp": "0"
    },
    {
      "line": "Well she ever get it how it is perfect",
      "annotations": {},
      "timestamp": "0"
    },
    {
      "line": "Girl, how you like it",
      "annotations": {},
      "timestamp": "0"
    },
    {
      "line": "",
      "annotations": {},
      "timestamp": "0"
    },
    {
      "line": "[Outro]",
      "annotations": {},
      "timestamp": "0"
    },
    {
      "line": "And I'm on here error",
      "annotations": {},
      "timestamp": "0"
    },
    {
      "line": "And I'm on here, a heir",
      "annotations": {},
      "timestamp": "0"
    },
    {
      "line": "Like tidy",
      "annotations": {},
      "timestamp": "0"
    }
  ]
}