{
  "song_title": "Undecided",
  "writer": "Frith Hilton",
  "release_date": "July 12, 2024",
  "cover": "https://frithhilton.com.ng/musicpool/covers/13/289.jpg",
  "mp3_url": "https://frithhilton.com.ng/mp3/13/6.)Undecided.mp3",
  "duration": 132.444,
  "id": "289",
  "lyrics": [
    {
      "line": "[Intro]",
      "annotations": {},
      "timestamp": "0"
    },
    {
      "line": "Yeah",
      "annotations": {},
      "timestamp": "0"
    },
    {
      "line": "Fresh boy chilling",
      "annotations": {},
      "timestamp": "0"
    },
    {
      "line": "Plotting for this wide",
      "annotations": {},
      "timestamp": "0"
    },
    {
      "line": "And I'm not gonna stop",
      "annotations": {},
      "timestamp": "0"
    },
    {
      "line": "I got a damn hide",
      "annotations": {},
      "timestamp": "0"
    },
    {
      "line": "It’s all on the puff",
      "annotations": {},
      "timestamp": "0"
    },
    {
      "line": "Hey",
      "annotations": {},
      "timestamp": "0"
    },
    {
      "line": "",
      "annotations": {},
      "timestamp": "0"
    },
    {
      "line": "[Chorus]",
      "annotations": {},
      "timestamp": "0"
    },
    {
      "line": "She got my heart in a box",
      "annotations": {},
      "timestamp": "0"
    },
    {
      "line": "And she knows it",
      "annotations": {},
      "timestamp": "0"
    },
    {
      "line": "She got my love where we go",
      "annotations": {},
      "timestamp": "0"
    },
    {
      "line": "Where it surfaces",
      "annotations": {},
      "timestamp": "0"
    },
    {
      "line": "And her mood is certain",
      "annotations": {},
      "timestamp": "0"
    },
    {
      "line": "I’m undecided, undecided",
      "annotations": {},
      "timestamp": "0"
    },
    {
      "line": "With these hours in",
      "annotations": {},
      "timestamp": "0"
    },
    {
      "line": "She got my heart in a box",
      "annotations": {},
      "timestamp": "0"
    },
    {
      "line": "She got my heart where it’s obvious",
      "annotations": {},
      "timestamp": "0"
    },
    {
      "line": "And I'm right here",
      "annotations": {},
      "timestamp": "0"
    },
    {
      "line": "I’m undecided, I'm undecided, I'm undecided",
      "annotations": {},
      "timestamp": "0"
    },
    {
      "line": "",
      "annotations": {},
      "timestamp": "0"
    },
    {
      "line": "[Verse 1]",
      "annotations": {},
      "timestamp": "0"
    },
    {
      "line": "With these hoes and thеse foes",
      "annotations": {},
      "timestamp": "0"
    },
    {
      "line": "And thesе look at those",
      "annotations": {},
      "timestamp": "0"
    },
    {
      "line": "I’m tryna get her hidden",
      "annotations": {},
      "timestamp": "0"
    },
    {
      "line": "Like his evil morning",
      "annotations": {},
      "timestamp": "0"
    },
    {
      "line": "How she holds",
      "annotations": {},
      "timestamp": "0"
    },
    {
      "line": "She a whole zit",
      "annotations": {},
      "timestamp": "0"
    },
    {
      "line": "A hoe said it’s for a lap",
      "annotations": {},
      "timestamp": "0"
    },
    {
      "line": "Saying, nothing while I make a song now",
      "annotations": {},
      "timestamp": "0"
    },
    {
      "line": "And I know that my is love not imposed",
      "annotations": {},
      "timestamp": "0"
    },
    {
      "line": "And man know that my love is all hers",
      "annotations": {},
      "timestamp": "0"
    },
    {
      "line": "All hers",
      "annotations": {},
      "timestamp": "0"
    },
    {
      "line": "But I'm stuck on the side death, undecided",
      "annotations": {},
      "timestamp": "0"
    },
    {
      "line": "Cos I still wanna hit that",
      "annotations": {},
      "timestamp": "0"
    },
    {
      "line": "She got a ass that make a man",
      "annotations": {},
      "timestamp": "0"
    },
    {
      "line": "Wanna pick the morning to the fall",
      "annotations": {},
      "timestamp": "0"
    },
    {
      "line": "Mourning to the song",
      "annotations": {},
      "timestamp": "0"
    },
    {
      "line": "Telling is it a fin or a haul",
      "annotations": {},
      "timestamp": "0"
    },
    {
      "line": "",
      "annotations": {},
      "timestamp": "0"
    },
    {
      "line": "[Verse 2]",
      "annotations": {},
      "timestamp": "0"
    },
    {
      "line": "Oh, I just had to go",
      "annotations": {},
      "timestamp": "0"
    },
    {
      "line": "Oh, I just had to go",
      "annotations": {},
      "timestamp": "0"
    },
    {
      "line": "With one on the side",
      "annotations": {},
      "timestamp": "0"
    },
    {
      "line": "Often undecided",
      "annotations": {},
      "timestamp": "0"
    },
    {
      "line": "With one on the side",
      "annotations": {},
      "timestamp": "0"
    },
    {
      "line": "I’m often undecided",
      "annotations": {},
      "timestamp": "0"
    },
    {
      "line": "I’m often undecided",
      "annotations": {},
      "timestamp": "0"
    },
    {
      "line": "And I know where my heart lies",
      "annotations": {},
      "timestamp": "0"
    },
    {
      "line": "I wanna be a damn king",
      "annotations": {},
      "timestamp": "0"
    },
    {
      "line": "I wanna be a damn prince",
      "annotations": {},
      "timestamp": "0"
    },
    {
      "line": "And I know where my love lie",
      "annotations": {},
      "timestamp": "0"
    },
    {
      "line": "I wanna be a damn king",
      "annotations": {},
      "timestamp": "0"
    },
    {
      "line": "damn, she’s so pretty",
      "annotations": {},
      "timestamp": "0"
    },
    {
      "line": "",
      "annotations": {},
      "timestamp": "0"
    },
    {
      "line": "[Outro]",
      "annotations": {},
      "timestamp": "0"
    },
    {
      "line": "Acting like a",
      "annotations": {},
      "timestamp": "0"
    },
    {
      "line": "Yeah",
      "annotations": {},
      "timestamp": "0"
    },
    {
      "line": "Sharing your summer",
      "annotations": {},
      "timestamp": "0"
    }
  ]
}