{
  "song_title": "Different",
  "writer": "Frith Hilton",
  "release_date": "July 12, 2024",
  "cover": "https://frithhilton.com.ng/musicpool/covers/13/290.jpg",
  "mp3_url": "https://frithhilton.com.n/mp3/13/7.)Different.mp3",
  "duration": 112.716,
  "id": "290",
  "lyrics": [
    {
      "line": "[Intro]",
      "annotations": {},
      "timestamp": "0"
    },
    {
      "line": "Stay with me",
      "annotations": {},
      "timestamp": "0"
    },
    {
      "line": "I’m hoping that it’d be the more vivid",
      "annotations": {},
      "timestamp": "0"
    },
    {
      "line": "",
      "annotations": {},
      "timestamp": "0"
    },
    {
      "line": "[Chorus]",
      "annotations": {},
      "timestamp": "0"
    },
    {
      "line": "Stay with me",
      "annotations": {},
      "timestamp": "0"
    },
    {
      "line": "I’m hoping that it’d be more vivid",
      "annotations": {},
      "timestamp": "0"
    },
    {
      "line": "I keep pondering",
      "annotations": {},
      "timestamp": "0"
    },
    {
      "line": "I keep wondering",
      "annotations": {},
      "timestamp": "0"
    },
    {
      "line": "If I'm on the right track",
      "annotations": {},
      "timestamp": "0"
    },
    {
      "line": "I keep wondering",
      "annotations": {},
      "timestamp": "0"
    },
    {
      "line": "I keep pondering",
      "annotations": {},
      "timestamp": "0"
    },
    {
      "line": "If I'm on the right track",
      "annotations": {},
      "timestamp": "0"
    },
    {
      "line": "",
      "annotations": {},
      "timestamp": "0"
    },
    {
      "line": "[Verse 1]",
      "annotations": {},
      "timestamp": "0"
    },
    {
      "line": "When I see you I get b tterflies",
      "annotations": {},
      "timestamp": "0"
    },
    {
      "line": "Come with me tell me that",
      "annotations": {},
      "timestamp": "0"
    },
    {
      "line": "I’m different",
      "annotations": {},
      "timestamp": "0"
    },
    {
      "line": "How I make you flutter",
      "annotations": {},
      "timestamp": "0"
    },
    {
      "line": "How I make you dream",
      "annotations": {},
      "timestamp": "0"
    },
    {
      "line": "What do you think of me",
      "annotations": {},
      "timestamp": "0"
    },
    {
      "line": "Is it different",
      "annotations": {},
      "timestamp": "0"
    },
    {
      "line": "Is it better",
      "annotations": {},
      "timestamp": "0"
    },
    {
      "line": "Am I better",
      "annotations": {},
      "timestamp": "0"
    },
    {
      "line": "",
      "annotations": {},
      "timestamp": "0"
    },
    {
      "line": "[Outro]",
      "annotations": {},
      "timestamp": "0"
    },
    {
      "line": "Fresh boy chilling",
      "annotations": {},
      "timestamp": "0"
    }
  ]
}