{
  "song_title": "Session 8",
  "writer": "Frith Hilton",
  "release_date": "July 16, 2024",
  "cover": "https://frithhilton.com.ng/musicpool/covers/13/291.jpg",
  "mp3_url": "https://frithhilton.com.ng/mp3/13/8.)Session 8.mp3",
  "duration": 153.252,
  "id": "291",
  "lyrics": [
    {
      "line": "[Intro]",
      "annotations": {},
      "timestamp": "0.00"
    },
    {
      "line": "Fresh boy chilling",
      "annotations": {},
      "timestamp": "8.09"
    },
    {
      "line": "",
      "annotations": {},
      "timestamp": "0"
    },
    {
      "line": "[Chorus]",
      "annotations": {},
      "timestamp": "11.91"
    },
    {
      "line": "Not looking back with my hand on my fort",
      "annotations": {},
      "timestamp": "19.26"
    },
    {
      "line": "Oh you’re looking for someone dull",
      "annotations": {},
      "timestamp": "21.40"
    },
    {
      "line": "Leaped her train",
      "annotations": {},
      "timestamp": "22.65"
    },
    {
      "line": "Not my fault",
      "annotations": {},
      "timestamp": "23.13"
    },
    {
      "line": "Easy nut",
      "annotations": {},
      "timestamp": "24.27"
    },
    {
      "line": "Is it not",
      "annotations": {},
      "timestamp": "25.00"
    },
    {
      "line": "Looking like I got a bed",
      "annotations": {},
      "timestamp": "25.95"
    },
    {
      "line": "With zero feeling",
      "annotations": {},
      "timestamp": "27.21"
    },
    {
      "line": "Girl who got",
      "annotations": {},
      "timestamp": "27.88"
    },
    {
      "line": "Girl who got no bun",
      "annotations": {},
      "timestamp": "28.19"
    },
    {
      "line": "I’ll die looking out with my hand on my fort",
      "annotations": {},
      "timestamp": "28.61"
    },
    {
      "line": "Oh my gawd",
      "annotations": {},
      "timestamp": "30.66"
    },
    {
      "line": "I saw an envelope hanging with some fraud",
      "annotations": {},
      "timestamp": "31.19"
    },
    {
      "line": "Height of my shirt",
      "annotations": {},
      "timestamp": "33.19"
    },
    {
      "line": "Hope to clean them in a flood",
      "annotations": {},
      "timestamp": "34.23"
    },
    {
      "line": "I fed same dud? odd",
      "annotations": {},
      "timestamp": "36.02"
    },
    {
      "line": "",
      "annotations": {},
      "timestamp": "0"
    },
    {
      "line": "[Verse 1]",
      "annotations": {},
      "timestamp": "38.79"
    },
    {
      "line": "Kinness, to your nest",
      "annotations": {},
      "timestamp": "39.49"
    },
    {
      "line": "Him next, all I want is your noise",
      "annotations": {},
      "timestamp": "43.07"
    },
    {
      "line": "Illness, heal me next, fullness",
      "annotations": {},
      "timestamp": "47.71"
    },
    {
      "line": "Your noise, all I want is theo the nerd",
      "annotations": {},
      "timestamp": "52.18"
    },
    {
      "line": "Girl you got my heart",
      "annotations": {},
      "timestamp": "56.12"
    },
    {
      "line": "Heart",
      "annotations": {},
      "timestamp": "58.13"
    },
    {
      "line": "And I can’t come down",
      "annotations": {},
      "timestamp": "59.42"
    },
    {
      "line": "Can’t come down",
      "annotations": {},
      "timestamp": "62.12"
    },
    {
      "line": "Girl you got my heart",
      "annotations": {},
      "timestamp": "64.41"
    },
    {
      "line": "Oh, take my stairs",
      "annotations": {},
      "timestamp": "67.41"
    },
    {
      "line": "It’d suck if you’re vote",
      "annotations": {},
      "timestamp": "70.05"
    },
    {
      "line": "Trust your votе cos I fell whole",
      "annotations": {},
      "timestamp": "72.41"
    },
    {
      "line": "Ending, no we arе at the start",
      "annotations": {},
      "timestamp": "75.93"
    },
    {
      "line": "And I don’t care who’s chart",
      "annotations": {},
      "timestamp": "77.65"
    },
    {
      "line": "All alone I was shy",
      "annotations": {},
      "timestamp": "80.98"
    },
    {
      "line": "All along in the court with you",
      "annotations": {},
      "timestamp": "82.26"
    },
    {
      "line": "",
      "annotations": {},
      "timestamp": "0"
    },
    {
      "line": "[Chorus]",
      "annotations": {},
      "timestamp": "84.62"
    },
    {
      "line": "Not looking back with my hand on my fort",
      "annotations": {},
      "timestamp": "85.16"
    },
    {
      "line": "Oh you’re looking for someone dull",
      "annotations": {},
      "timestamp": "86.77"
    },
    {
      "line": "Leaped her train",
      "annotations": {},
      "timestamp": "88.00"
    },
    {
      "line": "Not my fault",
      "annotations": {},
      "timestamp": "89.00"
    },
    {
      "line": "Easy nut",
      "annotations": {},
      "timestamp": "89.68"
    },
    {
      "line": "Is it not",
      "annotations": {},
      "timestamp": "90.32"
    },
    {
      "line": "Looking like I got a bed",
      "annotations": {},
      "timestamp": "91.05"
    },
    {
      "line": "With zero feeling",
      "annotations": {},
      "timestamp": "92.04"
    },
    {
      "line": "Girl who got",
      "annotations": {},
      "timestamp": "93.05"
    },
    {
      "line": "Girl who got no bun",
      "annotations": {},
      "timestamp": "93.69"
    },
    {
      "line": "I’ll die looking out with my hand on my fort",
      "annotations": {},
      "timestamp": "94.01"
    },
    {
      "line": "Oh my gawd",
      "annotations": {},
      "timestamp": "95.63"
    },
    {
      "line": "I saw an envelope hanging with some fraud",
      "annotations": {},
      "timestamp": "96.67"
    },
    {
      "line": "Height of my shirt",
      "annotations": {},
      "timestamp": "97.81"
    },
    {
      "line": "Hope to clean them in a flood",
      "annotations": {},
      "timestamp": "99.31"
    },
    {
      "line": "I fed same dud? odd",
      "annotations": {},
      "timestamp": "101.45"
    }
  ]
}