{
  "song_title": "Back to the store",
  "writer": "Frith Hilton",
  "release_date": "July 21, 2024",
  "cover": "https://frithhilton.com.ng/musicpool/covers/13/293.jpg",
  "mp3_url": "https://frithhilton.com.ng/mp3/13/10.)Back to the store.mp3",
  "duration": 137.232,
  "id": "293",
  "lyrics": [
    {
      "line": "[Intro]",
      "annotations": {},
      "timestamp": "0"
    },
    {
      "line": "Fresh boy chilling",
      "annotations": {},
      "timestamp": "0"
    },
    {
      "line": "We could fly to the party of the night",
      "annotations": {},
      "timestamp": "0"
    },
    {
      "line": "",
      "annotations": {},
      "timestamp": "0"
    },
    {
      "line": "[Verse 1]",
      "annotations": {},
      "timestamp": "0"
    },
    {
      "line": "I feel my time always frays away",
      "annotations": {},
      "timestamp": "0"
    },
    {
      "line": "When I'm with you, my lover",
      "annotations": {},
      "timestamp": "0"
    },
    {
      "line": "I feel that my overrate is not for revving",
      "annotations": {},
      "timestamp": "0"
    },
    {
      "line": "My number is still the same",
      "annotations": {},
      "timestamp": "0"
    },
    {
      "line": "",
      "annotations": {},
      "timestamp": "0"
    },
    {
      "line": "[Chorus]",
      "annotations": {},
      "timestamp": "0"
    },
    {
      "line": "But I always hear you",
      "annotations": {},
      "timestamp": "0"
    },
    {
      "line": "How you call my name",
      "annotations": {},
      "timestamp": "0"
    },
    {
      "line": "How you say",
      "annotations": {},
      "timestamp": "0"
    },
    {
      "line": "You held the same way too",
      "annotations": {},
      "timestamp": "0"
    },
    {
      "line": "I get off the ground",
      "annotations": {},
      "timestamp": "0"
    },
    {
      "line": "And I say",
      "annotations": {},
      "timestamp": "0"
    },
    {
      "line": "Are you coming back to the store",
      "annotations": {},
      "timestamp": "0"
    },
    {
      "line": "Cos I want something from here",
      "annotations": {},
      "timestamp": "0"
    },
    {
      "line": "Back there, I hear it’s better at the start",
      "annotations": {},
      "timestamp": "0"
    },
    {
      "line": "",
      "annotations": {},
      "timestamp": "0"
    },
    {
      "line": "[Verse 2]",
      "annotations": {},
      "timestamp": "0"
    },
    {
      "line": "We’re out of spin",
      "annotations": {},
      "timestamp": "0"
    },
    {
      "line": "Tell me about it",
      "annotations": {},
      "timestamp": "0"
    },
    {
      "line": "Cos you’re never around",
      "annotations": {},
      "timestamp": "0"
    },
    {
      "line": "I’m always about it",
      "annotations": {},
      "timestamp": "0"
    },
    {
      "line": "When I hear you got a frown",
      "annotations": {},
      "timestamp": "0"
    },
    {
      "line": "And when I see you smilе",
      "annotations": {},
      "timestamp": "0"
    },
    {
      "line": "I want something from the store",
      "annotations": {},
      "timestamp": "0"
    },
    {
      "line": "Is it somеthing beasty",
      "annotations": {},
      "timestamp": "0"
    },
    {
      "line": "I’m on my mane",
      "annotations": {},
      "timestamp": "0"
    },
    {
      "line": "Oh, it’ll work",
      "annotations": {},
      "timestamp": "0"
    },
    {
      "line": "",
      "annotations": {},
      "timestamp": "0"
    },
    {
      "line": "[Chorus]",
      "annotations": {},
      "timestamp": "0"
    },
    {
      "line": "But I always hear you",
      "annotations": {},
      "timestamp": "0"
    },
    {
      "line": "How you call my name",
      "annotations": {},
      "timestamp": "0"
    },
    {
      "line": "How you say",
      "annotations": {},
      "timestamp": "0"
    },
    {
      "line": "You held the same way too",
      "annotations": {},
      "timestamp": "0"
    },
    {
      "line": "I get off the ground",
      "annotations": {},
      "timestamp": "0"
    },
    {
      "line": "And I say",
      "annotations": {},
      "timestamp": "0"
    },
    {
      "line": "Are you coming back to the store",
      "annotations": {},
      "timestamp": "0"
    },
    {
      "line": "Cos I want something from here",
      "annotations": {},
      "timestamp": "0"
    },
    {
      "line": "Back there, I hear it’s better at the start",
      "annotations": {},
      "timestamp": "0"
    }
  ]
}