{
  "duration": 227.736,
  "song_title": "Sorry I’m alive",
  "writer": "Frith Hilton",
  "release_date": "July 23, 2024",
  "cover": "https://frithhilton.com.ng/musicpool/covers/13/294.jpg",
  "id": "294",
  "lyrics": [
    {
      "line": "[Intro]",
      "annotations": {},
      "timestamp": "0"
    },
    {
      "line": "Fresh boy chilling",
      "annotations": {},
      "timestamp": "0"
    },
    {
      "line": "",
      "annotations": {},
      "timestamp": "0"
    },
    {
      "line": "[Verse 1]",
      "annotations": {},
      "timestamp": "0"
    },
    {
      "line": "Despising what I can’t place a finger with a felling",
      "annotations": {},
      "timestamp": "0"
    },
    {
      "line": "Hope it visits, my healing",
      "annotations": {},
      "timestamp": "0"
    },
    {
      "line": "Cos I try, I cry",
      "annotations": {},
      "timestamp": "0"
    },
    {
      "line": "I ply my lane on chill",
      "annotations": {},
      "timestamp": "0"
    },
    {
      "line": "All the few gratings of me here",
      "annotations": {},
      "timestamp": "0"
    },
    {
      "line": "Swathes the floor",
      "annotations": {},
      "timestamp": "0"
    },
    {
      "line": "And I wake to my demise",
      "annotations": {},
      "timestamp": "0"
    },
    {
      "line": "Afraid I don’t weed out the best of me",
      "annotations": {},
      "timestamp": "0"
    },
    {
      "line": "",
      "annotations": {},
      "timestamp": "0"
    },
    {
      "line": "[Verse 2]",
      "annotations": {},
      "timestamp": "0"
    },
    {
      "line": "Wishing on a few loves apart",
      "annotations": {},
      "timestamp": "0"
    },
    {
      "line": "I see my growing stride",
      "annotations": {},
      "timestamp": "0"
    },
    {
      "line": "Faster I try",
      "annotations": {},
      "timestamp": "0"
    },
    {
      "line": "Looking down on everything I can pray too",
      "annotations": {},
      "timestamp": "0"
    },
    {
      "line": "Maybe it’s all I have",
      "annotations": {},
      "timestamp": "0"
    },
    {
      "line": "I try to be kind with myself",
      "annotations": {},
      "timestamp": "0"
    },
    {
      "line": "Hoping for something better than this",
      "annotations": {},
      "timestamp": "0"
    },
    {
      "line": "Not just this",
      "annotations": {},
      "timestamp": "0"
    },
    {
      "line": "Hoping for something better than my curfew",
      "annotations": {},
      "timestamp": "0"
    },
    {
      "line": "And all the time I spend away",
      "annotations": {},
      "timestamp": "0"
    },
    {
      "line": "Away with my problems",
      "annotations": {},
      "timestamp": "0"
    },
    {
      "line": "Away with my hеart aches",
      "annotations": {},
      "timestamp": "0"
    },
    {
      "line": "Away with nothing but",
      "annotations": {},
      "timestamp": "0"
    },
    {
      "line": "Sorry I'm alive",
      "annotations": {},
      "timestamp": "0"
    },
    {
      "line": "Wishing on a death",
      "annotations": {},
      "timestamp": "0"
    },
    {
      "line": "Whilе I'm wishing on a debt of life",
      "annotations": {},
      "timestamp": "0"
    },
    {
      "line": "Wishing on paradise",
      "annotations": {},
      "timestamp": "0"
    },
    {
      "line": "While I keep it inside",
      "annotations": {},
      "timestamp": "0"
    }
  ]
}