{
  "song_title": "Long way home",
  "writer": "Frith Hilton",
  "release_date": "July 24, 2024",
  "cover": "https://frithhilton.com.ng/musicpool/covers/13/295.jpg",
  "mp3_url": "https://frithhilton.com.ng/mp3/13/12.)Long way home.mp3",
  "duration": 125.964,
  "id": "295",
  "lyrics": [
    {
      "line": "I [intro]",
      "annotations": {},
      "timestamp": "0"
    },
    {
      "line": "Come on!",
      "annotations": {},
      "timestamp": "0"
    },
    {
      "line": "Fresh boy chilling",
      "annotations": {},
      "timestamp": "0"
    },
    {
      "line": "",
      "annotations": {},
      "timestamp": "0"
    },
    {
      "line": "[Verse 1]",
      "annotations": {},
      "timestamp": "0"
    },
    {
      "line": "Fishing out",
      "annotations": {},
      "timestamp": "0"
    },
    {
      "line": "Busy out",
      "annotations": {},
      "timestamp": "0"
    },
    {
      "line": "I’m not coming home tonight",
      "annotations": {},
      "timestamp": "0"
    },
    {
      "line": "Wanna have some fun with some pretty girls",
      "annotations": {},
      "timestamp": "0"
    },
    {
      "line": "Out here is where I wanna die girl",
      "annotations": {},
      "timestamp": "0"
    },
    {
      "line": "",
      "annotations": {},
      "timestamp": "0"
    },
    {
      "line": "[Chorus]",
      "annotations": {},
      "timestamp": "0"
    },
    {
      "line": "You calling me home",
      "annotations": {},
      "timestamp": "0"
    },
    {
      "line": "And I can’t say no",
      "annotations": {},
      "timestamp": "0"
    },
    {
      "line": "I just wanna take a long way home",
      "annotations": {},
      "timestamp": "0"
    },
    {
      "line": "For the love",
      "annotations": {},
      "timestamp": "0"
    },
    {
      "line": "For the love",
      "annotations": {},
      "timestamp": "0"
    },
    {
      "line": "Taking the long way home",
      "annotations": {},
      "timestamp": "0"
    },
    {
      "line": "For the love",
      "annotations": {},
      "timestamp": "0"
    },
    {
      "line": "For the love",
      "annotations": {},
      "timestamp": "0"
    },
    {
      "line": "",
      "annotations": {},
      "timestamp": "0"
    },
    {
      "line": "[Verse 2]",
      "annotations": {},
      "timestamp": "0"
    },
    {
      "line": "I give myself away tonight",
      "annotations": {},
      "timestamp": "0"
    },
    {
      "line": "For you, and you, that pretty blonde too",
      "annotations": {},
      "timestamp": "0"
    },
    {
      "line": "She got a ass",
      "annotations": {},
      "timestamp": "0"
    },
    {
      "line": "That make me wanna jump",
      "annotations": {},
      "timestamp": "0"
    },
    {
      "line": "I scored too",
      "annotations": {},
      "timestamp": "0"
    },
    {
      "line": "Not just on assistance",
      "annotations": {},
      "timestamp": "0"
    },
    {
      "line": "",
      "annotations": {},
      "timestamp": "0"
    },
    {
      "line": "[Chorus]",
      "annotations": {},
      "timestamp": "0"
    },
    {
      "line": "You calling me home",
      "annotations": {},
      "timestamp": "0"
    },
    {
      "line": "And I can’t say no",
      "annotations": {},
      "timestamp": "0"
    },
    {
      "line": "I just wanna take a long way home",
      "annotations": {},
      "timestamp": "0"
    },
    {
      "line": "For the love",
      "annotations": {},
      "timestamp": "0"
    },
    {
      "line": "For the lovе",
      "annotations": {},
      "timestamp": "0"
    },
    {
      "line": "Taking the long way home",
      "annotations": {},
      "timestamp": "0"
    },
    {
      "line": "For the lovе",
      "annotations": {},
      "timestamp": "0"
    },
    {
      "line": "For the love",
      "annotations": {},
      "timestamp": "0"
    }
  ]
}