{
  "song_title": "Field of faeries",
  "writer": "Frith Hilton",
  "release_date": "July 25, 2024",
  "cover": "https://frithhilton.com.ng/musicpool/covers/13/296.jpg",
  "mp3_url": "https://frithhilton.com.ng/mp3/13/13.)Field of faeries.mp3",
  "duration": 180.108,
  "id": "296",
  "lyrics": [
    {
      "line": "[Intro]",
      "annotations": {},
      "timestamp": "0"
    },
    {
      "line": "Fresh boy chilling",
      "annotations": {},
      "timestamp": "0"
    },
    {
      "line": "",
      "annotations": {},
      "timestamp": "0"
    },
    {
      "line": "[Verse 1]",
      "annotations": {},
      "timestamp": "0"
    },
    {
      "line": "Too caught up to say",
      "annotations": {},
      "timestamp": "0"
    },
    {
      "line": "What I truly feel",
      "annotations": {},
      "timestamp": "0"
    },
    {
      "line": "Nothing in my heart",
      "annotations": {},
      "timestamp": "0"
    },
    {
      "line": "That will probably k!ll me",
      "annotations": {},
      "timestamp": "0"
    },
    {
      "line": "I’m on this",
      "annotations": {},
      "timestamp": "0"
    },
    {
      "line": "Too high tent",
      "annotations": {},
      "timestamp": "0"
    },
    {
      "line": "On your ebullitions I rely",
      "annotations": {},
      "timestamp": "0"
    },
    {
      "line": "When I see you here",
      "annotations": {},
      "timestamp": "0"
    },
    {
      "line": "I mean it too much",
      "annotations": {},
      "timestamp": "0"
    },
    {
      "line": "Feeling too lauded for this",
      "annotations": {},
      "timestamp": "0"
    },
    {
      "line": "And right now I get it off",
      "annotations": {},
      "timestamp": "0"
    },
    {
      "line": "Wherever I'm seeing your face",
      "annotations": {},
      "timestamp": "0"
    },
    {
      "line": "Who isn’t in my head",
      "annotations": {},
      "timestamp": "0"
    },
    {
      "line": "",
      "annotations": {},
      "timestamp": "0"
    },
    {
      "line": "[Verse 2]",
      "annotations": {},
      "timestamp": "0"
    },
    {
      "line": "Telling how with this over again",
      "annotations": {},
      "timestamp": "0"
    },
    {
      "line": "I stall you a mile away",
      "annotations": {},
      "timestamp": "0"
    },
    {
      "line": "Instead you need a field of faeries",
      "annotations": {},
      "timestamp": "0"
    },
    {
      "line": "And I unct you there",
      "annotations": {},
      "timestamp": "0"
    },
    {
      "line": "What could be mine",
      "annotations": {},
      "timestamp": "0"
    },
    {
      "line": "Not couldn’t be mine",
      "annotations": {},
      "timestamp": "0"
    },
    {
      "line": "How I fill the airway",
      "annotations": {},
      "timestamp": "0"
    },
    {
      "line": "So written in stone",
      "annotations": {},
      "timestamp": "0"
    },
    {
      "line": "That house I'm forever",
      "annotations": {},
      "timestamp": "0"
    }
  ]
}