{
  "song_title": "Magical",
  "writer": "Frith Hilton",
  "release_date": "July 26, 2024",
  "cover": "https://frithhilton.com.ng/musicpool/covers/13/297.jpg",
  "mp3_url": "https://frithhilton.com.ng/mp3/13/14.)Magical.mp3",
  "duration": 179.568,
  "id": "297",
  "lyrics": [
    {
      "line": "[Intro]",
      "annotations": {},
      "timestamp": "0"
    },
    {
      "line": "Fresh boy chilling",
      "annotations": {},
      "timestamp": "0"
    },
    {
      "line": "",
      "annotations": {},
      "timestamp": "0"
    },
    {
      "line": "[Verse 1]",
      "annotations": {},
      "timestamp": "0"
    },
    {
      "line": "Ever ever had it, a girl",
      "annotations": {},
      "timestamp": "0"
    },
    {
      "line": "Have you ever had a best friend",
      "annotations": {},
      "timestamp": "0"
    },
    {
      "line": "How you ever @ the girl",
      "annotations": {},
      "timestamp": "0"
    },
    {
      "line": "I got a best friend",
      "annotations": {},
      "timestamp": "0"
    },
    {
      "line": "I got a girl",
      "annotations": {},
      "timestamp": "0"
    },
    {
      "line": "She never asks too much",
      "annotations": {},
      "timestamp": "0"
    },
    {
      "line": "Always got my back",
      "annotations": {},
      "timestamp": "0"
    },
    {
      "line": "And she’s coming for the bark here",
      "annotations": {},
      "timestamp": "0"
    },
    {
      "line": "I got a girl",
      "annotations": {},
      "timestamp": "0"
    },
    {
      "line": "She got a best friend",
      "annotations": {},
      "timestamp": "0"
    },
    {
      "line": "Telling everyone",
      "annotations": {},
      "timestamp": "0"
    },
    {
      "line": "That should be me and not no one",
      "annotations": {},
      "timestamp": "0"
    },
    {
      "line": "And I'm packing my bag low",
      "annotations": {},
      "timestamp": "0"
    },
    {
      "line": "When you get offended",
      "annotations": {},
      "timestamp": "0"
    },
    {
      "line": "Ghetto fiend yeah",
      "annotations": {},
      "timestamp": "0"
    },
    {
      "line": "I’m gawking my bag low",
      "annotations": {},
      "timestamp": "0"
    },
    {
      "line": "You’ll get your fee",
      "annotations": {},
      "timestamp": "0"
    },
    {
      "line": "Get your fee",
      "annotations": {},
      "timestamp": "0"
    },
    {
      "line": "",
      "annotations": {},
      "timestamp": "0"
    },
    {
      "line": "[Bridge]",
      "annotations": {},
      "timestamp": "0"
    },
    {
      "line": "Yeah, I made hеr my girl",
      "annotations": {},
      "timestamp": "0"
    },
    {
      "line": "She never turns mе down",
      "annotations": {},
      "timestamp": "0"
    },
    {
      "line": "She never turned me down",
      "annotations": {},
      "timestamp": "0"
    },
    {
      "line": "Yeah, I got a girl",
      "annotations": {},
      "timestamp": "0"
    },
    {
      "line": "",
      "annotations": {},
      "timestamp": "0"
    },
    {
      "line": "[Chorus]",
      "annotations": {},
      "timestamp": "0"
    },
    {
      "line": "Isn’t it magical",
      "annotations": {},
      "timestamp": "0"
    },
    {
      "line": "How we’re still in love",
      "annotations": {},
      "timestamp": "0"
    },
    {
      "line": "Isn’t it magical",
      "annotations": {},
      "timestamp": "0"
    },
    {
      "line": "How you still got my back",
      "annotations": {},
      "timestamp": "0"
    },
    {
      "line": "How you still got my back",
      "annotations": {},
      "timestamp": "0"
    },
    {
      "line": "Isn’t it magical",
      "annotations": {},
      "timestamp": "0"
    },
    {
      "line": "How we’re still in love",
      "annotations": {},
      "timestamp": "0"
    },
    {
      "line": "Isn’t it magical",
      "annotations": {},
      "timestamp": "0"
    },
    {
      "line": "How you still got my back",
      "annotations": {},
      "timestamp": "0"
    },
    {
      "line": "",
      "annotations": {},
      "timestamp": "0"
    },
    {
      "line": "[Verse 2]",
      "annotations": {},
      "timestamp": "0"
    },
    {
      "line": "I never had time for work girls",
      "annotations": {},
      "timestamp": "0"
    },
    {
      "line": "I could say",
      "annotations": {},
      "timestamp": "0"
    },
    {
      "line": "I’d even rhyme it with a note that says",
      "annotations": {},
      "timestamp": "0"
    },
    {
      "line": "Looking like pinocchio",
      "annotations": {},
      "timestamp": "0"
    },
    {
      "line": "Acting like I'm dud to you",
      "annotations": {},
      "timestamp": "0"
    },
    {
      "line": "Girl you should know that",
      "annotations": {},
      "timestamp": "0"
    },
    {
      "line": "I’m all but the latter to you",
      "annotations": {},
      "timestamp": "0"
    },
    {
      "line": "And my lies in this",
      "annotations": {},
      "timestamp": "0"
    },
    {
      "line": "Figuring it out",
      "annotations": {},
      "timestamp": "0"
    },
    {
      "line": "Acting it out",
      "annotations": {},
      "timestamp": "0"
    },
    {
      "line": "Telling you",
      "annotations": {},
      "timestamp": "0"
    },
    {
      "line": "I’mma try and love you real out",
      "annotations": {},
      "timestamp": "0"
    },
    {
      "line": "Saying it with a seared edge",
      "annotations": {},
      "timestamp": "0"
    }
  ]
}