{
  "song_title": "Got a bitch a valve",
  "writer": "Frith Hilton",
  "release_date": "December 14, 2021",
  "cover": "https://frithhilton.com.ng/musicpool/covers/3/47.jpg",
  "mp3_url": "https://frithhilton.com.ng/mp3/3/4.) Got a bitch a valve.mp3",
  "duration": 167.23591836734693,
  "id": "47",
  "lyrics": [
    {
      "line": "[Intro]",
      "annotations": {},
      "timestamp": "0"
    },
    {
      "line": "Yeah!",
      "annotations": {},
      "timestamp": "0"
    },
    {
      "line": "",
      "annotations": {},
      "timestamp": "0"
    },
    {
      "line": "[Refrain]",
      "annotations": {},
      "timestamp": "0"
    },
    {
      "line": "Uh!",
      "annotations": {},
      "timestamp": "0"
    },
    {
      "line": "Hello",
      "annotations": {},
      "timestamp": "0"
    },
    {
      "line": "It was you",
      "annotations": {},
      "timestamp": "0"
    },
    {
      "line": "But does it add up (up)",
      "annotations": {},
      "timestamp": "0"
    },
    {
      "line": "Hello",
      "annotations": {},
      "timestamp": "0"
    },
    {
      "line": "Buzzing",
      "annotations": {},
      "timestamp": "0"
    },
    {
      "line": "Girl we stay right up",
      "annotations": {},
      "timestamp": "0"
    },
    {
      "line": "My loves in you love",
      "annotations": {},
      "timestamp": "0"
    },
    {
      "line": "So hyped up",
      "annotations": {},
      "timestamp": "0"
    },
    {
      "line": "My feeling running on her love like drop top",
      "annotations": {},
      "timestamp": "0"
    },
    {
      "line": "Tryna get back into my skin",
      "annotations": {},
      "timestamp": "0"
    },
    {
      "line": "Wrapped up",
      "annotations": {},
      "timestamp": "0"
    },
    {
      "line": "Bop stop",
      "annotations": {},
      "timestamp": "0"
    },
    {
      "line": "Since your rap up",
      "annotations": {},
      "timestamp": "0"
    },
    {
      "line": "Her pinch and I get back in my skin",
      "annotations": {},
      "timestamp": "0"
    },
    {
      "line": "Door stop, stop, stop, snap",
      "annotations": {},
      "timestamp": "0"
    },
    {
      "line": "Gotta tell me how it damn goes",
      "annotations": {},
      "timestamp": "0"
    },
    {
      "line": "I think I'm living it up wretched up",
      "annotations": {},
      "timestamp": "0"
    },
    {
      "line": "Anything you need up",
      "annotations": {},
      "timestamp": "0"
    },
    {
      "line": "All your low, highs didn’t get to me",
      "annotations": {},
      "timestamp": "0"
    },
    {
      "line": "Like the top when it is just you and I?",
      "annotations": {},
      "timestamp": "0"
    },
    {
      "line": "Just you and I",
      "annotations": {},
      "timestamp": "0"
    },
    {
      "line": "The stall with these words don’t ever pin me down",
      "annotations": {},
      "timestamp": "0"
    },
    {
      "line": "Bust on your third toe loud",
      "annotations": {},
      "timestamp": "0"
    },
    {
      "line": "Wouldn’t even tell me",
      "annotations": {},
      "timestamp": "0"
    },
    {
      "line": "Got a bitch a valve",
      "annotations": {},
      "timestamp": "0"
    },
    {
      "line": "She could be mine",
      "annotations": {},
      "timestamp": "0"
    },
    {
      "line": "If she not just, to take choo (jimmy choo)",
      "annotations": {},
      "timestamp": "0"
    },
    {
      "line": "Lost in this corridor drawed in",
      "annotations": {},
      "timestamp": "0"
    },
    {
      "line": "With a lime juice in my cup",
      "annotations": {},
      "timestamp": "0"
    },
    {
      "line": "Save the club issues",
      "annotations": {},
      "timestamp": "0"
    }
  ]
}