{
  "song_title": "Tom",
  "writer": "Frith Hilton",
  "release_date": "January 22, 2022",
  "cover": "https://frithhilton.com.ng/musicpool/covers/3/48.jpg",
  "mp3_url": "https://frithhilton.com.ng/mp3/3/5.) Tom.mp3",
  "duration": 90.01795918367347,
  "id": "48",
  "lyrics": [
    {
      "line": "[Intro]",
      "annotations": {},
      "timestamp": "0"
    },
    {
      "line": "High key kirk",
      "annotations": {},
      "timestamp": "0"
    },
    {
      "line": "Yeah!",
      "annotations": {},
      "timestamp": "0"
    },
    {
      "line": "",
      "annotations": {},
      "timestamp": "0"
    },
    {
      "line": "[Verse 1]",
      "annotations": {},
      "timestamp": "0"
    },
    {
      "line": "Uh!",
      "annotations": {},
      "timestamp": "0"
    },
    {
      "line": "Back to the past time",
      "annotations": {},
      "timestamp": "0"
    },
    {
      "line": "How it feels I",
      "annotations": {},
      "timestamp": "0"
    },
    {
      "line": "Can’t get it right",
      "annotations": {},
      "timestamp": "0"
    },
    {
      "line": "I ‘on’t know if I am dreaming",
      "annotations": {},
      "timestamp": "0"
    },
    {
      "line": "I got a beamer torch",
      "annotations": {},
      "timestamp": "0"
    },
    {
      "line": "But that’s not what’s missing",
      "annotations": {},
      "timestamp": "0"
    },
    {
      "line": "So I put my fucking mind on the pushing",
      "annotations": {},
      "timestamp": "0"
    },
    {
      "line": "Niggers trying to put me on the fucking eleven",
      "annotations": {},
      "timestamp": "0"
    },
    {
      "line": "I clock out when it’s time",
      "annotations": {},
      "timestamp": "0"
    },
    {
      "line": "That’s seven",
      "annotations": {},
      "timestamp": "0"
    },
    {
      "line": "I’ll be in the place",
      "annotations": {},
      "timestamp": "0"
    },
    {
      "line": "I’ll be like . . .",
      "annotations": {},
      "timestamp": "0"
    },
    {
      "line": "Tom! tom!",
      "annotations": {},
      "timestamp": "0"
    },
    {
      "line": "It’s what I'm fucking thinking about",
      "annotations": {},
      "timestamp": "0"
    },
    {
      "line": "My empty sores are no longer even sharp",
      "annotations": {},
      "timestamp": "0"
    },
    {
      "line": "Rack a cut",
      "annotations": {},
      "timestamp": "0"
    },
    {
      "line": "In a body of like who better?",
      "annotations": {},
      "timestamp": "0"
    },
    {
      "line": "Oh oh",
      "annotations": {},
      "timestamp": "0"
    },
    {
      "line": "I’m fucking trading out here",
      "annotations": {},
      "timestamp": "0"
    },
    {
      "line": "Tryna duck a girl . . . disturb my life",
      "annotations": {},
      "timestamp": "0"
    },
    {
      "line": "On a fucking wire",
      "annotations": {},
      "timestamp": "0"
    },
    {
      "line": "But I'm not walking sober",
      "annotations": {},
      "timestamp": "0"
    },
    {
      "line": "Too much in my fucking cup to give a fuck about:",
      "annotations": {},
      "timestamp": "0"
    },
    {
      "line": "What is love?",
      "annotations": {},
      "timestamp": "0"
    },
    {
      "line": "I like the vibе, but I like . . .",
      "annotations": {},
      "timestamp": "0"
    }
  ]
}