{
  "duration": 170.08326530612246,
  "song_title": "Still can’t swim",
  "writer": "Frith Hilton",
  "release_date": "December 25, 2021",
  "cover": "https://frithhilton.com.ng/musicpool/covers/3/49.jpg",
  "id": "49",
  "lyrics": [
    {
      "line": "[Verse 1]",
      "annotations": {},
      "timestamp": "0"
    },
    {
      "line": "I never had another one",
      "annotations": {},
      "timestamp": "0"
    },
    {
      "line": "You were my patootie",
      "annotations": {},
      "timestamp": "0"
    },
    {
      "line": "And you left before a huddler",
      "annotations": {},
      "timestamp": "0"
    },
    {
      "line": "Now I'm lost with it all",
      "annotations": {},
      "timestamp": "0"
    },
    {
      "line": "Lost in the drench of the words",
      "annotations": {},
      "timestamp": "0"
    },
    {
      "line": "You were the one",
      "annotations": {},
      "timestamp": "0"
    },
    {
      "line": "Never had another patootie",
      "annotations": {},
      "timestamp": "0"
    },
    {
      "line": "Yeah! so if I took",
      "annotations": {},
      "timestamp": "0"
    },
    {
      "line": "Tell me now if it feels better",
      "annotations": {},
      "timestamp": "0"
    },
    {
      "line": "Now I took a slip",
      "annotations": {},
      "timestamp": "0"
    },
    {
      "line": "Now I feel I earned a dip",
      "annotations": {},
      "timestamp": "0"
    },
    {
      "line": "Whoa baby",
      "annotations": {},
      "timestamp": "0"
    },
    {
      "line": "She’ll never speak ill",
      "annotations": {},
      "timestamp": "0"
    },
    {
      "line": "Take my love and give it away",
      "annotations": {},
      "timestamp": "0"
    },
    {
      "line": "She’ll never stay here",
      "annotations": {},
      "timestamp": "0"
    },
    {
      "line": "Take my soul and shred it; the pages",
      "annotations": {},
      "timestamp": "0"
    },
    {
      "line": "I read your words",
      "annotations": {},
      "timestamp": "0"
    },
    {
      "line": "They weren’t for me",
      "annotations": {},
      "timestamp": "0"
    },
    {
      "line": "Won’t you keep your lies",
      "annotations": {},
      "timestamp": "0"
    },
    {
      "line": "I took your worth",
      "annotations": {},
      "timestamp": "0"
    },
    {
      "line": "And all I feel is a mess away",
      "annotations": {},
      "timestamp": "0"
    },
    {
      "line": "I couldn’t breathe; your pen",
      "annotations": {},
      "timestamp": "0"
    },
    {
      "line": "Again and the word, are they meant for me?",
      "annotations": {},
      "timestamp": "0"
    },
    {
      "line": "But you gave warning signs",
      "annotations": {},
      "timestamp": "0"
    },
    {
      "line": "I’ll just fade away instead",
      "annotations": {},
      "timestamp": "0"
    },
    {
      "line": "Reading, with it, leg in",
      "annotations": {},
      "timestamp": "0"
    },
    {
      "line": "We got a forever moment",
      "annotations": {},
      "timestamp": "0"
    },
    {
      "line": "And we lost it",
      "annotations": {},
      "timestamp": "0"
    },
    {
      "line": "Reading, reading, reading",
      "annotations": {},
      "timestamp": "0"
    },
    {
      "line": "We had her for a moment",
      "annotations": {},
      "timestamp": "0"
    },
    {
      "line": "But we lost it",
      "annotations": {},
      "timestamp": "0"
    },
    {
      "line": "Uh!",
      "annotations": {},
      "timestamp": "0"
    },
    {
      "line": "Trip, trip",
      "annotations": {},
      "timestamp": "0"
    },
    {
      "line": "It’s a trip eh!",
      "annotations": {},
      "timestamp": "0"
    },
    {
      "line": "She get to be",
      "annotations": {},
      "timestamp": "0"
    },
    {
      "line": "Don’t you be there",
      "annotations": {},
      "timestamp": "0"
    },
    {
      "line": "I won’t hold you back",
      "annotations": {},
      "timestamp": "0"
    },
    {
      "line": "We all out here",
      "annotations": {},
      "timestamp": "0"
    },
    {
      "line": "We trying to do some loving",
      "annotations": {},
      "timestamp": "0"
    },
    {
      "line": "Proving, you profane",
      "annotations": {},
      "timestamp": "0"
    },
    {
      "line": "Been out here living",
      "annotations": {},
      "timestamp": "0"
    },
    {
      "line": "Nothing comes bad at me",
      "annotations": {},
      "timestamp": "0"
    },
    {
      "line": "So are your boys",
      "annotations": {},
      "timestamp": "0"
    },
    {
      "line": "And you wh0re the girls; says you fucked",
      "annotations": {},
      "timestamp": "0"
    },
    {
      "line": "Now I chide for it",
      "annotations": {},
      "timestamp": "0"
    },
    {
      "line": "All the genders",
      "annotations": {},
      "timestamp": "0"
    },
    {
      "line": "I won’t be acting like I ain’t got pulse",
      "annotations": {},
      "timestamp": "0"
    },
    {
      "line": "To hold your fucking . .",
      "annotations": {},
      "timestamp": "0"
    },
    {
      "line": "It smells out",
      "annotations": {},
      "timestamp": "0"
    },
    {
      "line": "I ‘on’t really care",
      "annotations": {},
      "timestamp": "0"
    },
    {
      "line": "Its all about it; my sin now",
      "annotations": {},
      "timestamp": "0"
    }
  ]
}