{
  "song_title": "Lili Fallon",
  "writer": "Frith Hilton",
  "release_date": "January 5, 2022",
  "cover": "https://frithhilton.com.ng/musicpool/covers/3/51.jpg",
  "mp3_url": "https://frithhilton.com.ng/mp3/3/8.) Lili Fallon.mp3",
  "duration": 154.5142857142857,
  "id": "51",
  "lyrics": [
    {
      "line": "[Into]",
      "annotations": {},
      "timestamp": "0"
    },
    {
      "line": "Oh oh",
      "annotations": {},
      "timestamp": "0"
    },
    {
      "line": "Take me away now",
      "annotations": {},
      "timestamp": "0"
    },
    {
      "line": "",
      "annotations": {},
      "timestamp": "0"
    },
    {
      "line": "[Verse 1]",
      "annotations": {},
      "timestamp": "0"
    },
    {
      "line": "I’m feeling like a cardboard",
      "annotations": {},
      "timestamp": "0"
    },
    {
      "line": "Sawed off",
      "annotations": {},
      "timestamp": "0"
    },
    {
      "line": "Say I'm feeling like this got born",
      "annotations": {},
      "timestamp": "0"
    },
    {
      "line": "Sewed on",
      "annotations": {},
      "timestamp": "0"
    },
    {
      "line": "Um",
      "annotations": {},
      "timestamp": "0"
    },
    {
      "line": "She’s caught in me",
      "annotations": {},
      "timestamp": "0"
    },
    {
      "line": "Cut into me",
      "annotations": {},
      "timestamp": "0"
    },
    {
      "line": "Help a start",
      "annotations": {},
      "timestamp": "0"
    },
    {
      "line": "I keep holding on",
      "annotations": {},
      "timestamp": "0"
    },
    {
      "line": "Ingot",
      "annotations": {},
      "timestamp": "0"
    },
    {
      "line": "Leaving it on",
      "annotations": {},
      "timestamp": "0"
    },
    {
      "line": "My law is on another touch",
      "annotations": {},
      "timestamp": "0"
    },
    {
      "line": "And you let it go",
      "annotations": {},
      "timestamp": "0"
    },
    {
      "line": "All the time I make a saving learning",
      "annotations": {},
      "timestamp": "0"
    },
    {
      "line": "I can’t get my eye off you",
      "annotations": {},
      "timestamp": "0"
    },
    {
      "line": "You when you look that way",
      "annotations": {},
      "timestamp": "0"
    },
    {
      "line": "",
      "annotations": {},
      "timestamp": "0"
    },
    {
      "line": "[Bridge]",
      "annotations": {},
      "timestamp": "0"
    },
    {
      "line": "Sipping, sipping",
      "annotations": {},
      "timestamp": "0"
    },
    {
      "line": "I can’t let it go now",
      "annotations": {},
      "timestamp": "0"
    },
    {
      "line": "Ooh ooh",
      "annotations": {},
      "timestamp": "0"
    },
    {
      "line": "I’m bleeding, bleeding",
      "annotations": {},
      "timestamp": "0"
    },
    {
      "line": "I can’t let it go now",
      "annotations": {},
      "timestamp": "0"
    },
    {
      "line": "Measure our darn love",
      "annotations": {},
      "timestamp": "0"
    },
    {
      "line": "I’m churning",
      "annotations": {},
      "timestamp": "0"
    },
    {
      "line": "Churning",
      "annotations": {},
      "timestamp": "0"
    },
    {
      "line": "And it is coming down on you",
      "annotations": {},
      "timestamp": "0"
    },
    {
      "line": "On you",
      "annotations": {},
      "timestamp": "0"
    },
    {
      "line": "I’m churning",
      "annotations": {},
      "timestamp": "0"
    },
    {
      "line": "Churning",
      "annotations": {},
      "timestamp": "0"
    },
    {
      "line": "And it is coming down on you",
      "annotations": {},
      "timestamp": "0"
    },
    {
      "line": "",
      "annotations": {},
      "timestamp": "0"
    },
    {
      "line": "[Verse 2]",
      "annotations": {},
      "timestamp": "0"
    },
    {
      "line": "Is it enough now that I found heaven boy on you?",
      "annotations": {},
      "timestamp": "0"
    },
    {
      "line": "Is it enough?",
      "annotations": {},
      "timestamp": "0"
    },
    {
      "line": "Is it enough?",
      "annotations": {},
      "timestamp": "0"
    },
    {
      "line": "Bleeding",
      "annotations": {},
      "timestamp": "0"
    },
    {
      "line": "Will worn out",
      "annotations": {},
      "timestamp": "0"
    },
    {
      "line": "My th rn",
      "annotations": {},
      "timestamp": "0"
    },
    {
      "line": "Is your heart",
      "annotations": {},
      "timestamp": "0"
    },
    {
      "line": "My scorn",
      "annotations": {},
      "timestamp": "0"
    },
    {
      "line": "Is everything",
      "annotations": {},
      "timestamp": "0"
    },
    {
      "line": "I’m hanging on at the leeway",
      "annotations": {},
      "timestamp": "0"
    },
    {
      "line": "To the scar",
      "annotations": {},
      "timestamp": "0"
    },
    {
      "line": "To the stop",
      "annotations": {},
      "timestamp": "0"
    },
    {
      "line": "That won’t let it go",
      "annotations": {},
      "timestamp": "0"
    },
    {
      "line": "My enough ain’t naught",
      "annotations": {},
      "timestamp": "0"
    },
    {
      "line": "Ending all parade",
      "annotations": {},
      "timestamp": "0"
    }
  ]
}