{
  "song_title": "Forest",
  "writer": "Frith Hilton",
  "release_date": "January 14, 2022",
  "cover": "",
  "mp3_url": "",
  "duration": 187.74204081632652,
  "id": "54",
  "lyrics": [
  {
    "line": "[Intro]",
    "annotations": {}
  },
  {
    "line": "(Coughs)",
    "annotations": {}
  },
  {
    "line": "",
    "annotations": {}
  },
  {
    "line": "[Verse 1]",
    "annotations": {}
  },
  {
    "line": "I don't want me, a beater",
    "annotations": {}
  },
  {
    "line": "I just need a sipper",
    "annotations": {}
  },
  {
    "line": "I’ma be better",
    "annotations": {}
  },
  {
    "line": "If I don't think of it too much",
    "annotations": {}
  },
  {
    "line": "She'll let me know",
    "annotations": {}
  },
  {
    "line": "If it falls first when I'm alone",
    "annotations": {}
  },
  {
    "line": "",
    "annotations": {}
  },
  {
    "line": "[Chorus]",
    "annotations": {}
  },
  {
    "line": "I got love",
    "annotations": {}
  },
  {
    "line": "I got love",
    "annotations": {}
  },
  {
    "line": "I'll still bend me over",
    "annotations": {}
  },
  {
    "line": "",
    "annotations": {}
  },
  {
    "line": "[Verse 2]",
    "annotations": {}
  },
  {
    "line": "Does it tell when a tree falls in a forest",
    "annotations": {}
  },
  {
    "line": "I'm in love",
    "annotations": {}
  },
  {
    "line": "I can't get you",
    "annotations": {}
  },
  {
    "line": "I'm annulling",
    "annotations": {}
  },
  {
    "line": "",
    "annotations": {}
  },
  {
    "line": "[Outro]",
    "annotations": {}
  },
  {
    "line": "Something like that",
    "annotations": {}
  }]
}
