{
  "song_title": "Something simple",
  "writer": "Frith Hilton",
  "release_date": "December 28, 2021",
  "cover": "https://frithhilton.com.ng/musicpool/covers/3/58.jpg",
  "mp3_url": "https://frithhilton.com.ng/mp3/3/15.) Something simple.mp3",
  "duration": 124.86530612244898,
  "id": "58",
  "lyrics": [
    {
      "line": "[Chorus]",
      "annotations": {},
      "timestamp": "0"
    },
    {
      "line": "Tell me something simple",
      "annotations": {},
      "timestamp": "0"
    },
    {
      "line": "If this all right",
      "annotations": {},
      "timestamp": "0"
    },
    {
      "line": "We can get it",
      "annotations": {},
      "timestamp": "0"
    },
    {
      "line": "Just tell me something really simple",
      "annotations": {},
      "timestamp": "0"
    },
    {
      "line": "It’s a drilly ride we can kick it",
      "annotations": {},
      "timestamp": "0"
    },
    {
      "line": "Cos I don’t wanna be stuck in the motion with you",
      "annotations": {},
      "timestamp": "0"
    },
    {
      "line": "Ah!",
      "annotations": {},
      "timestamp": "0"
    },
    {
      "line": "I don’t wanna be stuck in the muddle with you",
      "annotations": {},
      "timestamp": "0"
    },
    {
      "line": "I just wanna get it right",
      "annotations": {},
      "timestamp": "0"
    },
    {
      "line": "Can you tell me something simple?",
      "annotations": {},
      "timestamp": "0"
    },
    {
      "line": "Something simple",
      "annotations": {},
      "timestamp": "0"
    },
    {
      "line": "Eh!",
      "annotations": {},
      "timestamp": "0"
    },
    {
      "line": "Cos it’s something simple",
      "annotations": {},
      "timestamp": "0"
    },
    {
      "line": "Yeah!",
      "annotations": {},
      "timestamp": "0"
    },
    {
      "line": "",
      "annotations": {},
      "timestamp": "0"
    },
    {
      "line": "[Verse 1]",
      "annotations": {},
      "timestamp": "0"
    },
    {
      "line": "I’ll be stuck on a rev with you",
      "annotations": {},
      "timestamp": "0"
    },
    {
      "line": "Chasing your love down a one way street",
      "annotations": {},
      "timestamp": "0"
    },
    {
      "line": "My heart won’t let the fetter escape",
      "annotations": {},
      "timestamp": "0"
    },
    {
      "line": "I want you gripping me in your love",
      "annotations": {},
      "timestamp": "0"
    },
    {
      "line": "Your spot is wherе I wanna touch",
      "annotations": {},
      "timestamp": "0"
    },
    {
      "line": "Can I can I hold on?",
      "annotations": {},
      "timestamp": "0"
    },
    {
      "line": "Your door is where I wanna stand on in felicity",
      "annotations": {},
      "timestamp": "0"
    },
    {
      "line": "How you makе me (how you make me)",
      "annotations": {},
      "timestamp": "0"
    },
    {
      "line": "Is all fuzz enough (hey! hey! hey!)",
      "annotations": {},
      "timestamp": "0"
    },
    {
      "line": "How you hold me is all fuzz enough",
      "annotations": {},
      "timestamp": "0"
    },
    {
      "line": "Hey! hey! hey!",
      "annotations": {},
      "timestamp": "0"
    },
    {
      "line": "",
      "annotations": {},
      "timestamp": "0"
    },
    {
      "line": "[Outro]",
      "annotations": {},
      "timestamp": "0"
    },
    {
      "line": "This has been a transmission to lili reinhart",
      "annotations": {},
      "timestamp": "0"
    },
    {
      "line": "Nightswan stamp!",
      "annotations": {},
      "timestamp": "0"
    },
    {
      "line": "Transmission out",
      "annotations": {},
      "timestamp": "0"
    }
  ]
}