{
  "song_title": "Aperient flow",
  "writer": "Frith Hilton",
  "release_date": "January 8, 2022",
  "cover": "https://frithhilton.com.ng/musicpool/covers/3/59.jpg",
  "mp3_url": "https://frithhilton.com.ng/mp3/3/16.) Aperient flow.mp3",
  "duration": 178.65142857142857,
  "id": "59",
  "lyrics": [
    {
      "line": "[Intro]",
      "annotations": {},
      "timestamp": "0"
    },
    {
      "line": "(hiccup)",
      "annotations": {},
      "timestamp": "0"
    },
    {
      "line": "Whoa oh she not giver",
      "annotations": {},
      "timestamp": "0"
    },
    {
      "line": "My girl, she a lover",
      "annotations": {},
      "timestamp": "0"
    },
    {
      "line": "Two fingers down",
      "annotations": {},
      "timestamp": "0"
    },
    {
      "line": "I’m feeling like I might always be a dealer of art",
      "annotations": {},
      "timestamp": "0"
    },
    {
      "line": "You make me a dealer",
      "annotations": {},
      "timestamp": "0"
    },
    {
      "line": "",
      "annotations": {},
      "timestamp": "0"
    },
    {
      "line": "[Verse 1]",
      "annotations": {},
      "timestamp": "0"
    },
    {
      "line": "I swear you wanna see her",
      "annotations": {},
      "timestamp": "0"
    },
    {
      "line": "Making you feel like this ain’t nobody",
      "annotations": {},
      "timestamp": "0"
    },
    {
      "line": "Eh!",
      "annotations": {},
      "timestamp": "0"
    },
    {
      "line": "My demons and my fate",
      "annotations": {},
      "timestamp": "0"
    },
    {
      "line": "They ain’t nobody",
      "annotations": {},
      "timestamp": "0"
    },
    {
      "line": "She has my mind jut up like a lover",
      "annotations": {},
      "timestamp": "0"
    },
    {
      "line": "I’m always so self conscious",
      "annotations": {},
      "timestamp": "0"
    },
    {
      "line": "I think I lost a thought",
      "annotations": {},
      "timestamp": "0"
    },
    {
      "line": "Back to the plot",
      "annotations": {},
      "timestamp": "0"
    },
    {
      "line": "Never got an evil girl",
      "annotations": {},
      "timestamp": "0"
    },
    {
      "line": "That’s what this is on",
      "annotations": {},
      "timestamp": "0"
    },
    {
      "line": "All my dawn is always about you",
      "annotations": {},
      "timestamp": "0"
    },
    {
      "line": "Sweet chop",
      "annotations": {},
      "timestamp": "0"
    },
    {
      "line": "L!cking it up",
      "annotations": {},
      "timestamp": "0"
    },
    {
      "line": "Tweaking my soul",
      "annotations": {},
      "timestamp": "0"
    },
    {
      "line": "Is that a read up?",
      "annotations": {},
      "timestamp": "0"
    },
    {
      "line": "I’m always caught up in your knead up",
      "annotations": {},
      "timestamp": "0"
    },
    {
      "line": "And she knows that I'ma linking it up",
      "annotations": {},
      "timestamp": "0"
    },
    {
      "line": "Oh oh",
      "annotations": {},
      "timestamp": "0"
    },
    {
      "line": "Don’t you leave me",
      "annotations": {},
      "timestamp": "0"
    },
    {
      "line": "I’ll be calling in an no ozone",
      "annotations": {},
      "timestamp": "0"
    },
    {
      "line": "Oh, oh, hmm",
      "annotations": {},
      "timestamp": "0"
    },
    {
      "line": "Picking me out",
      "annotations": {},
      "timestamp": "0"
    },
    {
      "line": "She’s picking my label",
      "annotations": {},
      "timestamp": "0"
    },
    {
      "line": "I’m not sorry, the lay on",
      "annotations": {},
      "timestamp": "0"
    },
    {
      "line": "You say you’ll . . . I’ll be on it too",
      "annotations": {},
      "timestamp": "0"
    },
    {
      "line": "Too we can level it up",
      "annotations": {},
      "timestamp": "0"
    },
    {
      "line": "Round it lever of two",
      "annotations": {},
      "timestamp": "0"
    },
    {
      "line": "",
      "annotations": {},
      "timestamp": "0"
    },
    {
      "line": "[Chorus]",
      "annotations": {},
      "timestamp": "0"
    },
    {
      "line": "You’re my aperient flow",
      "annotations": {},
      "timestamp": "0"
    },
    {
      "line": "My aperient flow",
      "annotations": {},
      "timestamp": "0"
    },
    {
      "line": "You’re my aperient flow",
      "annotations": {},
      "timestamp": "0"
    },
    {
      "line": "You make me lose it all",
      "annotations": {},
      "timestamp": "0"
    },
    {
      "line": "",
      "annotations": {},
      "timestamp": "0"
    },
    {
      "line": "[Chorus]",
      "annotations": {},
      "timestamp": "0"
    },
    {
      "line": "You’re my aperient flow",
      "annotations": {},
      "timestamp": "0"
    },
    {
      "line": "My aperient flow",
      "annotations": {},
      "timestamp": "0"
    },
    {
      "line": "You’re my aperient flow",
      "annotations": {},
      "timestamp": "0"
    },
    {
      "line": "You make me lose it all",
      "annotations": {},
      "timestamp": "0"
    },
    {
      "line": "",
      "annotations": {},
      "timestamp": "0"
    },
    {
      "line": "[Chorus]",
      "annotations": {},
      "timestamp": "0"
    },
    {
      "line": "You’re my aperient flow",
      "annotations": {},
      "timestamp": "0"
    },
    {
      "line": "My aperient flow",
      "annotations": {},
      "timestamp": "0"
    },
    {
      "line": "You’re my aperient flow",
      "annotations": {},
      "timestamp": "0"
    },
    {
      "line": "You make me lose it all",
      "annotations": {},
      "timestamp": "0"
    }
  ]
}