{
  "song_title": "Six",
  "writer": "Frith Hilton",
  "release_date": "January 10, 2022",
  "cover": "https://frithhilton.com.ng/musicpool/covers/3/60.jpg",
  "mp3_url": "https://frithhilton.com.ng/mp3/3/17.) Six.mp3",
  "duration": 176.92734693877551,
  "id": "60",
  "lyrics": [
    {
      "line": "[Verse 1]",
      "annotations": {},
      "timestamp": "0"
    },
    {
      "line": "Hey!",
      "annotations": {},
      "timestamp": "0"
    },
    {
      "line": "And she noses",
      "annotations": {},
      "timestamp": "0"
    },
    {
      "line": "I’m a party young mule",
      "annotations": {},
      "timestamp": "0"
    },
    {
      "line": "I put her where she never gonzo",
      "annotations": {},
      "timestamp": "0"
    },
    {
      "line": "Yeah",
      "annotations": {},
      "timestamp": "0"
    },
    {
      "line": "And she knows I'm a party young mule",
      "annotations": {},
      "timestamp": "0"
    },
    {
      "line": "And I do it for square",
      "annotations": {},
      "timestamp": "0"
    },
    {
      "line": "And I do it for her",
      "annotations": {},
      "timestamp": "0"
    },
    {
      "line": "On my miles and goal",
      "annotations": {},
      "timestamp": "0"
    },
    {
      "line": "And I'm . . .",
      "annotations": {},
      "timestamp": "0"
    },
    {
      "line": "I’m tryna find a goal then serve her now",
      "annotations": {},
      "timestamp": "0"
    },
    {
      "line": "And I'm not even looking for no one now",
      "annotations": {},
      "timestamp": "0"
    },
    {
      "line": "And she knows that’s her",
      "annotations": {},
      "timestamp": "0"
    },
    {
      "line": "The side for sure",
      "annotations": {},
      "timestamp": "0"
    },
    {
      "line": "Eh!",
      "annotations": {},
      "timestamp": "0"
    },
    {
      "line": "I need it to take it back",
      "annotations": {},
      "timestamp": "0"
    },
    {
      "line": "Back to the time, and I had a pen, and a note",
      "annotations": {},
      "timestamp": "0"
    },
    {
      "line": "And I put this jot down",
      "annotations": {},
      "timestamp": "0"
    },
    {
      "line": "And I had to put my words for data",
      "annotations": {},
      "timestamp": "0"
    },
    {
      "line": "Make a li’l sales",
      "annotations": {},
      "timestamp": "0"
    },
    {
      "line": "And I'm out in the streets",
      "annotations": {},
      "timestamp": "0"
    },
    {
      "line": "Hiding the streets",
      "annotations": {},
      "timestamp": "0"
    },
    {
      "line": "Out with the game",
      "annotations": {},
      "timestamp": "0"
    },
    {
      "line": "Out with the dream",
      "annotations": {},
      "timestamp": "0"
    },
    {
      "line": "Out with the team",
      "annotations": {},
      "timestamp": "0"
    },
    {
      "line": "And I'm feeling like nothing can stop me now",
      "annotations": {},
      "timestamp": "0"
    },
    {
      "line": "So you better get ready for my halogen",
      "annotations": {},
      "timestamp": "0"
    },
    {
      "line": "Me on eulogy",
      "annotations": {},
      "timestamp": "0"
    },
    {
      "line": "",
      "annotations": {},
      "timestamp": "0"
    },
    {
      "line": "[?]",
      "annotations": {},
      "timestamp": "0"
    },
    {
      "line": "That explains all my good deeds",
      "annotations": {},
      "timestamp": "0"
    },
    {
      "line": "And everybody knows how I did",
      "annotations": {},
      "timestamp": "0"
    },
    {
      "line": "And I have the damn go well",
      "annotations": {},
      "timestamp": "0"
    },
    {
      "line": "",
      "annotations": {},
      "timestamp": "0"
    },
    {
      "line": "[?]",
      "annotations": {},
      "timestamp": "0"
    },
    {
      "line": "Send me your love",
      "annotations": {},
      "timestamp": "0"
    },
    {
      "line": "Bring your love",
      "annotations": {},
      "timestamp": "0"
    },
    {
      "line": "Let the tongue get the bed loud",
      "annotations": {},
      "timestamp": "0"
    },
    {
      "line": "Bring your love",
      "annotations": {},
      "timestamp": "0"
    },
    {
      "line": "Bring the love",
      "annotations": {},
      "timestamp": "0"
    },
    {
      "line": "Let the tongue make the bell, let it ring loud",
      "annotations": {},
      "timestamp": "0"
    },
    {
      "line": "Cos I'm not here to loaf",
      "annotations": {},
      "timestamp": "0"
    },
    {
      "line": "Just here for the loaf",
      "annotations": {},
      "timestamp": "0"
    },
    {
      "line": "Got my girl with me . . .",
      "annotations": {},
      "timestamp": "0"
    },
    {
      "line": "Gold",
      "annotations": {},
      "timestamp": "0"
    },
    {
      "line": "And she knows that I'm coming for her heart",
      "annotations": {},
      "timestamp": "0"
    },
    {
      "line": "Love’s not a thing when you live this way",
      "annotations": {},
      "timestamp": "0"
    },
    {
      "line": "Love’s not a thing when you love this way",
      "annotations": {},
      "timestamp": "0"
    },
    {
      "line": "Not no deed",
      "annotations": {},
      "timestamp": "0"
    },
    {
      "line": "I’m coming for this shit",
      "annotations": {},
      "timestamp": "0"
    },
    {
      "line": "All my homers rollers",
      "annotations": {},
      "timestamp": "0"
    },
    {
      "line": "And we down for the shit",
      "annotations": {},
      "timestamp": "0"
    },
    {
      "line": "Down for the shade",
      "annotations": {},
      "timestamp": "0"
    },
    {
      "line": "Down with a brick",
      "annotations": {},
      "timestamp": "0"
    },
    {
      "line": "And I'm down with the will",
      "annotations": {},
      "timestamp": "0"
    },
    {
      "line": "And I'm down with a lot of stitch",
      "annotations": {},
      "timestamp": "0"
    },
    {
      "line": "And I know that I'm down with the bill",
      "annotations": {},
      "timestamp": "0"
    },
    {
      "line": "And I'm out here to leak",
      "annotations": {},
      "timestamp": "0"
    },
    {
      "line": "If I down with the ditch",
      "annotations": {},
      "timestamp": "0"
    },
    {
      "line": "Like oh oh",
      "annotations": {},
      "timestamp": "0"
    },
    {
      "line": "I’m down when the telling is with you",
      "annotations": {},
      "timestamp": "0"
    },
    {
      "line": "I plummeted and I went for you",
      "annotations": {},
      "timestamp": "0"
    },
    {
      "line": "You’re never going hit the ground",
      "annotations": {},
      "timestamp": "0"
    },
    {
      "line": "Cos I'm out here with the s on my chest",
      "annotations": {},
      "timestamp": "0"
    },
    {
      "line": "Like them other haters",
      "annotations": {},
      "timestamp": "0"
    },
    {
      "line": "Them other fakers",
      "annotations": {},
      "timestamp": "0"
    },
    {
      "line": "They can hit the lakers",
      "annotations": {},
      "timestamp": "0"
    },
    {
      "line": "If they ever had a reason",
      "annotations": {},
      "timestamp": "0"
    },
    {
      "line": "Just to be a baker",
      "annotations": {},
      "timestamp": "0"
    },
    {
      "line": "I’m still acting like I got no wake up",
      "annotations": {},
      "timestamp": "0"
    },
    {
      "line": "But I hit the alarm",
      "annotations": {},
      "timestamp": "0"
    },
    {
      "line": "And that means that I'm ready for the day",
      "annotations": {},
      "timestamp": "0"
    },
    {
      "line": "I ain’t here for the loafing",
      "annotations": {},
      "timestamp": "0"
    },
    {
      "line": "Just here for the loaf",
      "annotations": {},
      "timestamp": "0"
    },
    {
      "line": "Said it twice",
      "annotations": {},
      "timestamp": "0"
    },
    {
      "line": "Just to feel like I'm down for a dove",
      "annotations": {},
      "timestamp": "0"
    },
    {
      "line": "Eh!",
      "annotations": {},
      "timestamp": "0"
    },
    {
      "line": "No time for playing",
      "annotations": {},
      "timestamp": "0"
    },
    {
      "line": "I’m just here",
      "annotations": {},
      "timestamp": "0"
    },
    {
      "line": "Put my legs on the pouffe",
      "annotations": {},
      "timestamp": "0"
    },
    {
      "line": "And I'm out",
      "annotations": {},
      "timestamp": "0"
    },
    {
      "line": "Puff!",
      "annotations": {},
      "timestamp": "0"
    },
    {
      "line": "Well fuck!",
      "annotations": {},
      "timestamp": "0"
    },
    {
      "line": "(hisses)",
      "annotations": {},
      "timestamp": "0"
    },
    {
      "line": "Ah!",
      "annotations": {},
      "timestamp": "0"
    }
  ]
}