{
  "song_title": "Outside",
  "writer": "Frith Hilton",
  "release_date": "January 23, 2022",
  "cover": "https://frithhilton.com.ng/musicpool/covers/3/62.jpg",
  "mp3_url": "https://frithhilton.com.ng/mp3/3/19.) Outside.mp3",
  "duration": 187.27183673469386,
  "id": "62",
  "lyrics": [
    {
      "line": "[Intro]",
      "annotations": {},
      "timestamp": "0"
    },
    {
      "line": "Always bout the paper",
      "annotations": {},
      "timestamp": "0"
    },
    {
      "line": "",
      "annotations": {},
      "timestamp": "0"
    },
    {
      "line": "[Verse 1]",
      "annotations": {},
      "timestamp": "0"
    },
    {
      "line": "Always by the corners",
      "annotations": {},
      "timestamp": "0"
    },
    {
      "line": "I ain’t even here yarn with her",
      "annotations": {},
      "timestamp": "0"
    },
    {
      "line": "Always avoided the corners",
      "annotations": {},
      "timestamp": "0"
    },
    {
      "line": "Nigga that’ll never run it up",
      "annotations": {},
      "timestamp": "0"
    },
    {
      "line": "Always bout the commas",
      "annotations": {},
      "timestamp": "0"
    },
    {
      "line": "Nigga never round it up",
      "annotations": {},
      "timestamp": "0"
    },
    {
      "line": "Running to the ceiling",
      "annotations": {},
      "timestamp": "0"
    },
    {
      "line": "Like never rat it up",
      "annotations": {},
      "timestamp": "0"
    },
    {
      "line": "Back in town",
      "annotations": {},
      "timestamp": "0"
    },
    {
      "line": "Run a signal to you",
      "annotations": {},
      "timestamp": "0"
    },
    {
      "line": "Had her calling me like",
      "annotations": {},
      "timestamp": "0"
    },
    {
      "line": "Nigga I say to you",
      "annotations": {},
      "timestamp": "0"
    },
    {
      "line": "I ball",
      "annotations": {},
      "timestamp": "0"
    },
    {
      "line": "You wanna be fucking this shit",
      "annotations": {},
      "timestamp": "0"
    },
    {
      "line": "Whoa",
      "annotations": {},
      "timestamp": "0"
    },
    {
      "line": "I’m still burning smoking this shit",
      "annotations": {},
      "timestamp": "0"
    },
    {
      "line": "Whoa",
      "annotations": {},
      "timestamp": "0"
    },
    {
      "line": "Never called a girl",
      "annotations": {},
      "timestamp": "0"
    },
    {
      "line": "Dreaming with this shit whoa",
      "annotations": {},
      "timestamp": "0"
    },
    {
      "line": "I’m still; one in this sheet",
      "annotations": {},
      "timestamp": "0"
    },
    {
      "line": "",
      "annotations": {},
      "timestamp": "0"
    },
    {
      "line": "[?]",
      "annotations": {},
      "timestamp": "0"
    },
    {
      "line": "The way you running to me",
      "annotations": {},
      "timestamp": "0"
    },
    {
      "line": "I don’t know how you got: I'm a new me",
      "annotations": {},
      "timestamp": "0"
    },
    {
      "line": "What is it like?",
      "annotations": {},
      "timestamp": "0"
    },
    {
      "line": "You’re calling in here",
      "annotations": {},
      "timestamp": "0"
    },
    {
      "line": "Romance, he’s had your years",
      "annotations": {},
      "timestamp": "0"
    },
    {
      "line": "I’ll be heading this year",
      "annotations": {},
      "timestamp": "0"
    },
    {
      "line": "Li’l mama is young on that shit",
      "annotations": {},
      "timestamp": "0"
    },
    {
      "line": "Nigga you’re acting like",
      "annotations": {},
      "timestamp": "0"
    },
    {
      "line": "They cut the shit on that shit",
      "annotations": {},
      "timestamp": "0"
    },
    {
      "line": "Nigga I'm still about this shit",
      "annotations": {},
      "timestamp": "0"
    },
    {
      "line": "Going through this cellulite",
      "annotations": {},
      "timestamp": "0"
    },
    {
      "line": "Niggers figured it out",
      "annotations": {},
      "timestamp": "0"
    },
    {
      "line": "Freckles on my fucking face",
      "annotations": {},
      "timestamp": "0"
    },
    {
      "line": "I can see ya",
      "annotations": {},
      "timestamp": "0"
    },
    {
      "line": "I was fucking with your smutty face",
      "annotations": {},
      "timestamp": "0"
    },
    {
      "line": "Everyday ya",
      "annotations": {},
      "timestamp": "0"
    },
    {
      "line": "Niggers fuel the tank",
      "annotations": {},
      "timestamp": "0"
    },
    {
      "line": "I’m fucking up like a razor",
      "annotations": {},
      "timestamp": "0"
    },
    {
      "line": "I’m not even with this shit",
      "annotations": {},
      "timestamp": "0"
    },
    {
      "line": "Denim moving",
      "annotations": {},
      "timestamp": "0"
    },
    {
      "line": "Like a garden",
      "annotations": {},
      "timestamp": "0"
    },
    {
      "line": "My fucking shirt",
      "annotations": {},
      "timestamp": "0"
    },
    {
      "line": "Like I ain’t got nothing to stake about",
      "annotations": {},
      "timestamp": "0"
    },
    {
      "line": "Like holding my manners",
      "annotations": {},
      "timestamp": "0"
    },
    {
      "line": "I won’t need to beat it",
      "annotations": {},
      "timestamp": "0"
    },
    {
      "line": "That case sipping",
      "annotations": {},
      "timestamp": "0"
    },
    {
      "line": "Knack in me",
      "annotations": {},
      "timestamp": "0"
    },
    {
      "line": "I’m not talking bout this shit",
      "annotations": {},
      "timestamp": "0"
    },
    {
      "line": "I’m just writing all my digits",
      "annotations": {},
      "timestamp": "0"
    },
    {
      "line": "Like Nigga that’s my feed",
      "annotations": {},
      "timestamp": "0"
    },
    {
      "line": "I don’t even give a fuck about nobody but me",
      "annotations": {},
      "timestamp": "0"
    },
    {
      "line": "Tryna talk to me",
      "annotations": {},
      "timestamp": "0"
    },
    {
      "line": "You need to fucking live it",
      "annotations": {},
      "timestamp": "0"
    },
    {
      "line": "Cos I'm cheating my mine",
      "annotations": {},
      "timestamp": "0"
    },
    {
      "line": "Lurking Niggers they ain’t got a seek in me",
      "annotations": {},
      "timestamp": "0"
    },
    {
      "line": "Surfing through the fucking tiles like",
      "annotations": {},
      "timestamp": "0"
    },
    {
      "line": "Nigga that’s my dreaming",
      "annotations": {},
      "timestamp": "0"
    },
    {
      "line": "I’m just fucking cloning on this bitches",
      "annotations": {},
      "timestamp": "0"
    },
    {
      "line": "While they acting up",
      "annotations": {},
      "timestamp": "0"
    },
    {
      "line": "I’m not giving . . .",
      "annotations": {},
      "timestamp": "0"
    },
    {
      "line": "Give her bro (what you even talking about?)",
      "annotations": {},
      "timestamp": "0"
    },
    {
      "line": "You caught the disease",
      "annotations": {},
      "timestamp": "0"
    },
    {
      "line": "Count the fucking pieces",
      "annotations": {},
      "timestamp": "0"
    },
    {
      "line": "Hit you from my heart",
      "annotations": {},
      "timestamp": "0"
    },
    {
      "line": "And you new Nigga that’s the thesis",
      "annotations": {},
      "timestamp": "0"
    },
    {
      "line": "Oh!",
      "annotations": {},
      "timestamp": "0"
    },
    {
      "line": "I’m raising all my shit",
      "annotations": {},
      "timestamp": "0"
    },
    {
      "line": "And I'm not fucking with nobody but ma . . .",
      "annotations": {},
      "timestamp": "0"
    },
    {
      "line": "I’m fucking taking this year",
      "annotations": {},
      "timestamp": "0"
    },
    {
      "line": "Cut it out boy",
      "annotations": {},
      "timestamp": "0"
    },
    {
      "line": "Cut it out ho",
      "annotations": {},
      "timestamp": "0"
    },
    {
      "line": "They be trying get me on the tangle",
      "annotations": {},
      "timestamp": "0"
    },
    {
      "line": "Like cut it out",
      "annotations": {},
      "timestamp": "0"
    },
    {
      "line": "I’m not stuck in no web",
      "annotations": {},
      "timestamp": "0"
    },
    {
      "line": "I’m just stuck in a recess",
      "annotations": {},
      "timestamp": "0"
    },
    {
      "line": "Like I'm trying get my mission;",
      "annotations": {},
      "timestamp": "0"
    },
    {
      "line": "Distance from y’all Motherfuckers",
      "annotations": {},
      "timestamp": "0"
    },
    {
      "line": "Tryna get me",
      "annotations": {},
      "timestamp": "0"
    },
    {
      "line": "Sit on a fucking Motherfucker",
      "annotations": {},
      "timestamp": "0"
    },
    {
      "line": "Like pretence",
      "annotations": {},
      "timestamp": "0"
    },
    {
      "line": "What you talking about?",
      "annotations": {},
      "timestamp": "0"
    },
    {
      "line": "I never even gave a fuck",
      "annotations": {},
      "timestamp": "0"
    },
    {
      "line": "I’m just tryna calm my fucking mind",
      "annotations": {},
      "timestamp": "0"
    },
    {
      "line": "Like Nigga aced the sea",
      "annotations": {},
      "timestamp": "0"
    },
    {
      "line": "For your milk still stuck on ibiza",
      "annotations": {},
      "timestamp": "0"
    },
    {
      "line": "Ibiza . . . ibiza",
      "annotations": {},
      "timestamp": "0"
    },
    {
      "line": "fuck a Nigga abuse her",
      "annotations": {},
      "timestamp": "0"
    },
    {
      "line": "(scoffing)",
      "annotations": {},
      "timestamp": "0"
    },
    {
      "line": "Nigga I'm not talking about you",
      "annotations": {},
      "timestamp": "0"
    },
    {
      "line": "I’m just tryna fuck with my mind up your shit yeah?",
      "annotations": {},
      "timestamp": "0"
    },
    {
      "line": "I’ll be in the place with my vein so popped out",
      "annotations": {},
      "timestamp": "0"
    },
    {
      "line": "Nigga I’ll be in this place",
      "annotations": {},
      "timestamp": "0"
    },
    {
      "line": "Cutting it off",
      "annotations": {},
      "timestamp": "0"
    },
    {
      "line": "Yeah",
      "annotations": {},
      "timestamp": "0"
    },
    {
      "line": "(huffing)",
      "annotations": {},
      "timestamp": "0"
    }
  ]
}