{
  "song_title": "Sound of tears",
  "writer": "Frith Hilton",
  "release_date": "January 18, 2022",
  "cover": "https://frithhilton.com.ng/musicpool/covers/3/64.jpg",
  "mp3_url": "https://frithhilton.com.ng/mp3/3/21.) Sound of tears.mp3",
  "duration": 225.09714285714287,
  "id": "64",
  "lyrics": [
    {
      "line": "[Intro]",
      "annotations": {},
      "timestamp": "0"
    },
    {
      "line": "All right",
      "annotations": {},
      "timestamp": "0"
    },
    {
      "line": "He not doing this again?",
      "annotations": {},
      "timestamp": "0"
    },
    {
      "line": "All right",
      "annotations": {},
      "timestamp": "0"
    },
    {
      "line": "",
      "annotations": {},
      "timestamp": "0"
    },
    {
      "line": "[Verse 1]",
      "annotations": {},
      "timestamp": "0"
    },
    {
      "line": "Love comes around",
      "annotations": {},
      "timestamp": "0"
    },
    {
      "line": "It doesn’t go around",
      "annotations": {},
      "timestamp": "0"
    },
    {
      "line": "Broke my heart twice",
      "annotations": {},
      "timestamp": "0"
    },
    {
      "line": "That’s not the sound of tears I want here",
      "annotations": {},
      "timestamp": "0"
    },
    {
      "line": "Sound of tears I wanna hear",
      "annotations": {},
      "timestamp": "0"
    },
    {
      "line": "Ah!",
      "annotations": {},
      "timestamp": "0"
    },
    {
      "line": "Love comes around",
      "annotations": {},
      "timestamp": "0"
    },
    {
      "line": "It doesn’t go around",
      "annotations": {},
      "timestamp": "0"
    },
    {
      "line": "Had my heart broken twice",
      "annotations": {},
      "timestamp": "0"
    },
    {
      "line": "That’s not the kind of tears I want to see",
      "annotations": {},
      "timestamp": "0"
    },
    {
      "line": "Yeah! yeah! yeah! yeah! yeah! yeah!",
      "annotations": {},
      "timestamp": "0"
    },
    {
      "line": "(snorts)",
      "annotations": {},
      "timestamp": "0"
    },
    {
      "line": "It is not the mission for the boys",
      "annotations": {},
      "timestamp": "0"
    },
    {
      "line": "Had to do it like I had the toys in the . . .",
      "annotations": {},
      "timestamp": "0"
    },
    {
      "line": "Massive",
      "annotations": {},
      "timestamp": "0"
    },
    {
      "line": "Pot massive",
      "annotations": {},
      "timestamp": "0"
    },
    {
      "line": "I ‘on’t give a fuck like",
      "annotations": {},
      "timestamp": "0"
    },
    {
      "line": "Tease this ish",
      "annotations": {},
      "timestamp": "0"
    },
    {
      "line": "Hold up",
      "annotations": {},
      "timestamp": "0"
    },
    {
      "line": "I’ll be with the bag in that fucks the most",
      "annotations": {},
      "timestamp": "0"
    },
    {
      "line": "I’m saying rile shit",
      "annotations": {},
      "timestamp": "0"
    },
    {
      "line": "That’s thе fucks the most",
      "annotations": {},
      "timestamp": "0"
    },
    {
      "line": "Like Nigga",
      "annotations": {},
      "timestamp": "0"
    },
    {
      "line": "I mean I ‘on’t givе the fucks the most",
      "annotations": {},
      "timestamp": "0"
    },
    {
      "line": "So better get it right",
      "annotations": {},
      "timestamp": "0"
    },
    {
      "line": "Like he sucks the most",
      "annotations": {},
      "timestamp": "0"
    },
    {
      "line": "To these other Niggers",
      "annotations": {},
      "timestamp": "0"
    },
    {
      "line": "I mean ‘em cunt Niggers",
      "annotations": {},
      "timestamp": "0"
    },
    {
      "line": "Y’all be acting like you ain’t go no court Niggers",
      "annotations": {},
      "timestamp": "0"
    },
    {
      "line": "I’ll be plotting like I got a fucking accu’ mirror",
      "annotations": {},
      "timestamp": "0"
    },
    {
      "line": "Neo never never told my top top tie",
      "annotations": {},
      "timestamp": "0"
    },
    {
      "line": "(laughing)",
      "annotations": {},
      "timestamp": "0"
    },
    {
      "line": "Acting like I got it right",
      "annotations": {},
      "timestamp": "0"
    },
    {
      "line": "But I got my heart broken twice",
      "annotations": {},
      "timestamp": "0"
    },
    {
      "line": "This is not the fucking . . .",
      "annotations": {},
      "timestamp": "0"
    },
    {
      "line": "Kind of tears I wanna cry",
      "annotations": {},
      "timestamp": "0"
    },
    {
      "line": "I swear",
      "annotations": {},
      "timestamp": "0"
    },
    {
      "line": "You’re where my fucking blood streams",
      "annotations": {},
      "timestamp": "0"
    },
    {
      "line": "Not my fucking blood",
      "annotations": {},
      "timestamp": "0"
    },
    {
      "line": "I mean, I love this queen",
      "annotations": {},
      "timestamp": "0"
    },
    {
      "line": "I could put her in the fucking right side",
      "annotations": {},
      "timestamp": "0"
    },
    {
      "line": "That’s what I mean",
      "annotations": {},
      "timestamp": "0"
    },
    {
      "line": "But I'm acting like a fucking mannequin",
      "annotations": {},
      "timestamp": "0"
    },
    {
      "line": "Cos I'm stuck in my bedroom",
      "annotations": {},
      "timestamp": "0"
    },
    {
      "line": "And I can’t get a restroom",
      "annotations": {},
      "timestamp": "0"
    },
    {
      "line": "I’ll be in the place spinning like I got the best zoom",
      "annotations": {},
      "timestamp": "0"
    },
    {
      "line": "Not fucking bassoon",
      "annotations": {},
      "timestamp": "0"
    },
    {
      "line": "I mean the the fucking best soon",
      "annotations": {},
      "timestamp": "0"
    },
    {
      "line": "My laser vision so fucking clear",
      "annotations": {},
      "timestamp": "0"
    },
    {
      "line": "Better come true like",
      "annotations": {},
      "timestamp": "0"
    },
    {
      "line": "I’m talking to my own fucking mind",
      "annotations": {},
      "timestamp": "0"
    },
    {
      "line": "Lyrical with this shit",
      "annotations": {},
      "timestamp": "0"
    },
    {
      "line": "Like I got the vigil in the air",
      "annotations": {},
      "timestamp": "0"
    },
    {
      "line": "You told me that she’ll be there",
      "annotations": {},
      "timestamp": "0"
    },
    {
      "line": "But I'm doing siri maybe",
      "annotations": {},
      "timestamp": "0"
    },
    {
      "line": "I got something wrong, but I'm just saying shit",
      "annotations": {},
      "timestamp": "0"
    },
    {
      "line": "It’s not clear",
      "annotations": {},
      "timestamp": "0"
    },
    {
      "line": "I got my beethoven had me down with some fake movies",
      "annotations": {},
      "timestamp": "0"
    },
    {
      "line": "Cos I ain’t got no money for some good netflix",
      "annotations": {},
      "timestamp": "0"
    },
    {
      "line": "Niggers courting around like they got the stockings",
      "annotations": {},
      "timestamp": "0"
    },
    {
      "line": "But I ain’t got no stockings",
      "annotations": {},
      "timestamp": "0"
    },
    {
      "line": "Still on these fucking streets",
      "annotations": {},
      "timestamp": "0"
    },
    {
      "line": "And the electricity is curt",
      "annotations": {},
      "timestamp": "0"
    },
    {
      "line": "Like Nigga that’s the century that I live in",
      "annotations": {},
      "timestamp": "0"
    },
    {
      "line": "Oh!",
      "annotations": {},
      "timestamp": "0"
    },
    {
      "line": "I’m talking twenty, twenty",
      "annotations": {},
      "timestamp": "0"
    },
    {
      "line": "While this Niggers are on it like they are fucking from cotton",
      "annotations": {},
      "timestamp": "0"
    },
    {
      "line": "Back to the shit that I was talking about",
      "annotations": {},
      "timestamp": "0"
    },
    {
      "line": "Had my heart broken twice",
      "annotations": {},
      "timestamp": "0"
    },
    {
      "line": "That’s not what I'm about",
      "annotations": {},
      "timestamp": "0"
    },
    {
      "line": "This is not the kind of tears I wanna be crying",
      "annotations": {},
      "timestamp": "0"
    },
    {
      "line": "It’s is not the fucking kind of tears I wanna be crying",
      "annotations": {},
      "timestamp": "0"
    },
    {
      "line": "Yeah! yeah!",
      "annotations": {},
      "timestamp": "0"
    },
    {
      "line": "Oh oh",
      "annotations": {},
      "timestamp": "0"
    },
    {
      "line": "It’s is not the fucking kind of tears I wanna be crying",
      "annotations": {},
      "timestamp": "0"
    },
    {
      "line": "Whoa!",
      "annotations": {},
      "timestamp": "0"
    },
    {
      "line": "Whoa! whoa!",
      "annotations": {},
      "timestamp": "0"
    },
    {
      "line": "Not gonna sell my soul till I'm fucking dying",
      "annotations": {},
      "timestamp": "0"
    },
    {
      "line": "shit!",
      "annotations": {},
      "timestamp": "0"
    }
  ]
}