{
  "duration": 108.74775510204081,
  "song_title": "I’m okay",
  "writer": "Frith Hilton",
  "release_date": "January 30, 2022",
  "cover": "https://frithhilton.com.ng/musicpool/covers/3/67.jpg",
  "id": "67",
  "lyrics": [
    {
      "line": "[Verse 1]",
      "annotations": {},
      "timestamp": "0"
    },
    {
      "line": "Well now I'm alone",
      "annotations": {},
      "timestamp": "0"
    },
    {
      "line": "I need no one",
      "annotations": {},
      "timestamp": "0"
    },
    {
      "line": "Yeah I will be better on my own",
      "annotations": {},
      "timestamp": "0"
    },
    {
      "line": "I’ll be that lonely pole",
      "annotations": {},
      "timestamp": "0"
    },
    {
      "line": "You ‘on’t need to dance over me",
      "annotations": {},
      "timestamp": "0"
    },
    {
      "line": "Just let me rest in peace",
      "annotations": {},
      "timestamp": "0"
    },
    {
      "line": "Alone, alone",
      "annotations": {},
      "timestamp": "0"
    },
    {
      "line": "I am better alone",
      "annotations": {},
      "timestamp": "0"
    },
    {
      "line": "So long",
      "annotations": {},
      "timestamp": "0"
    },
    {
      "line": "You know",
      "annotations": {},
      "timestamp": "0"
    },
    {
      "line": "It never comes down",
      "annotations": {},
      "timestamp": "0"
    },
    {
      "line": "Oh!",
      "annotations": {},
      "timestamp": "0"
    },
    {
      "line": "So my page reads I love you",
      "annotations": {},
      "timestamp": "0"
    },
    {
      "line": "Feeling like it’s not in line",
      "annotations": {},
      "timestamp": "0"
    },
    {
      "line": "No affected darling",
      "annotations": {},
      "timestamp": "0"
    },
    {
      "line": "See you on",
      "annotations": {},
      "timestamp": "0"
    },
    {
      "line": "Call me nand",
      "annotations": {},
      "timestamp": "0"
    },
    {
      "line": "Feeling it’s a lovely song",
      "annotations": {},
      "timestamp": "0"
    },
    {
      "line": "I’m pouring up",
      "annotations": {},
      "timestamp": "0"
    },
    {
      "line": "I know that I'm a lonely wrong",
      "annotations": {},
      "timestamp": "0"
    },
    {
      "line": "You’re the only delay",
      "annotations": {},
      "timestamp": "0"
    }
  ]
}