{
  "song_title": "No. 13 a bore",
  "writer": "Frith Hilton",
  "release_date": "December 31, 2022",
  "cover": "https://frithhilton.com.ng/musicpool/covers/3/56.jpg",
  "mp3_url": "https://frithhilton.com.ng/mp3/3/13.) No. 13 a bore.mp3",
  "duration": 161.28,
  "id": "56",
  "lyrics": [
    {
      "line": "[Chorus]",
      "annotations": {},
      "timestamp": "0"
    },
    {
      "line": "I’ll hold my gun",
      "annotations": {},
      "timestamp": "0"
    },
    {
      "line": "Traipse this lawn",
      "annotations": {},
      "timestamp": "0"
    },
    {
      "line": "For once this son",
      "annotations": {},
      "timestamp": "0"
    },
    {
      "line": "Inebriate ‘tween tote",
      "annotations": {},
      "timestamp": "0"
    },
    {
      "line": "",
      "annotations": {},
      "timestamp": "0"
    },
    {
      "line": "[Bridge]",
      "annotations": {},
      "timestamp": "0"
    },
    {
      "line": "Is it in (in and winning with love)",
      "annotations": {},
      "timestamp": "0"
    },
    {
      "line": "To lead with love? (ain’t never sure)",
      "annotations": {},
      "timestamp": "0"
    },
    {
      "line": "In healthy touch",
      "annotations": {},
      "timestamp": "0"
    },
    {
      "line": "Is it enough?",
      "annotations": {},
      "timestamp": "0"
    },
    {
      "line": "",
      "annotations": {},
      "timestamp": "0"
    },
    {
      "line": "[Verse 1]",
      "annotations": {},
      "timestamp": "0"
    },
    {
      "line": "Everything you did for my heart; a spod",
      "annotations": {},
      "timestamp": "0"
    },
    {
      "line": "No I thought two won’t let it kindle enough",
      "annotations": {},
      "timestamp": "0"
    },
    {
      "line": "Feel so used and washed off",
      "annotations": {},
      "timestamp": "0"
    },
    {
      "line": "I’m back to you",
      "annotations": {},
      "timestamp": "0"
    },
    {
      "line": "Tripping tripping like a chopper",
      "annotations": {},
      "timestamp": "0"
    },
    {
      "line": "I ain’t ever felt better",
      "annotations": {},
      "timestamp": "0"
    },
    {
      "line": "Now I'm counting the beats",
      "annotations": {},
      "timestamp": "0"
    },
    {
      "line": "Feeling like od",
      "annotations": {},
      "timestamp": "0"
    },
    {
      "line": "I’m like oh!",
      "annotations": {},
      "timestamp": "0"
    },
    {
      "line": "Dang!",
      "annotations": {},
      "timestamp": "0"
    },
    {
      "line": "Ding bong",
      "annotations": {},
      "timestamp": "0"
    },
    {
      "line": "Oh my gawd!",
      "annotations": {},
      "timestamp": "0"
    },
    {
      "line": "Back to you",
      "annotations": {},
      "timestamp": "0"
    },
    {
      "line": "Back to you",
      "annotations": {},
      "timestamp": "0"
    },
    {
      "line": "Feeling like this ain’t another you",
      "annotations": {},
      "timestamp": "0"
    },
    {
      "line": "No oh",
      "annotations": {},
      "timestamp": "0"
    },
    {
      "line": "This is not another me (oh oh oh)",
      "annotations": {},
      "timestamp": "0"
    },
    {
      "line": "Oh oh",
      "annotations": {},
      "timestamp": "0"
    },
    {
      "line": "We don’t need to haggle",
      "annotations": {},
      "timestamp": "0"
    },
    {
      "line": "Over you",
      "annotations": {},
      "timestamp": "0"
    },
    {
      "line": "Nothing, nothing",
      "annotations": {},
      "timestamp": "0"
    },
    {
      "line": "",
      "annotations": {},
      "timestamp": "0"
    },
    {
      "line": "[Chorus]",
      "annotations": {},
      "timestamp": "0"
    },
    {
      "line": "I’ll hold my gun",
      "annotations": {},
      "timestamp": "0"
    },
    {
      "line": "Traipse this lawn",
      "annotations": {},
      "timestamp": "0"
    },
    {
      "line": "For once this son",
      "annotations": {},
      "timestamp": "0"
    },
    {
      "line": "Inebriate ‘tween totе",
      "annotations": {},
      "timestamp": "0"
    },
    {
      "line": "",
      "annotations": {},
      "timestamp": "0"
    },
    {
      "line": "[Verse 2]",
      "annotations": {},
      "timestamp": "0"
    },
    {
      "line": "Something like that",
      "annotations": {},
      "timestamp": "0"
    },
    {
      "line": "Hey! beetlе, beetle, beetle",
      "annotations": {},
      "timestamp": "0"
    },
    {
      "line": "Chip, chipping lines",
      "annotations": {},
      "timestamp": "0"
    },
    {
      "line": "But I'm stuck in a nerve or nav",
      "annotations": {},
      "timestamp": "0"
    },
    {
      "line": "A name or a nerve",
      "annotations": {},
      "timestamp": "0"
    },
    {
      "line": "I ‘on’t really know",
      "annotations": {},
      "timestamp": "0"
    },
    {
      "line": "If I should write or jot it down",
      "annotations": {},
      "timestamp": "0"
    },
    {
      "line": "Write or jot it down",
      "annotations": {},
      "timestamp": "0"
    },
    {
      "line": "Ain’t that the same",
      "annotations": {},
      "timestamp": "0"
    },
    {
      "line": "I’ll just put it like",
      "annotations": {},
      "timestamp": "0"
    },
    {
      "line": "Binge, binge",
      "annotations": {},
      "timestamp": "0"
    },
    {
      "line": "My name on her next ring ring",
      "annotations": {},
      "timestamp": "0"
    },
    {
      "line": "I hope she call me",
      "annotations": {},
      "timestamp": "0"
    },
    {
      "line": "But she never does",
      "annotations": {},
      "timestamp": "0"
    },
    {
      "line": "So I'm stuck at the booth",
      "annotations": {},
      "timestamp": "0"
    },
    {
      "line": "Writing her songs like a drunk",
      "annotations": {},
      "timestamp": "0"
    },
    {
      "line": "Oh!",
      "annotations": {},
      "timestamp": "0"
    },
    {
      "line": "It’s no bam!",
      "annotations": {},
      "timestamp": "0"
    },
    {
      "line": "Still sipping that 818",
      "annotations": {},
      "timestamp": "0"
    },
    {
      "line": "But I lost the one",
      "annotations": {},
      "timestamp": "0"
    },
    {
      "line": "So I'm feeling like I might be a bore",
      "annotations": {},
      "timestamp": "0"
    },
    {
      "line": "(cries playfully)",
      "annotations": {},
      "timestamp": "0"
    }
  ]
}