{
  "song_title": "What’s next",
  "writer": "Frith Hilton",
  "release_date": "December 28, 2021",
  "cover": "https://frithhilton.com.ng/musicpool/covers/3/65.jpg",
  "id": "65",
  "lyrics": [
    {
      "line": "[Intro]",
      "annotations": {},
      "timestamp": "0"
    },
    {
      "line": "Yeah",
      "annotations": {},
      "timestamp": "0"
    },
    {
      "line": "Hmm, whoa",
      "annotations": {},
      "timestamp": "0"
    },
    {
      "line": "Sometimes it feels so sad",
      "annotations": {},
      "timestamp": "0"
    },
    {
      "line": "I 'on't know how I am feeling",
      "annotations": {},
      "timestamp": "0"
    },
    {
      "line": "I'm Feeling the higher no healing",
      "annotations": {},
      "timestamp": "0"
    },
    {
      "line": "I 'on't know how I am feeling",
      "annotations": {},
      "timestamp": "0"
    },
    {
      "line": "It feels lion lying on the ceiling",
      "annotations": {},
      "timestamp": "0"
    },
    {
      "line": "",
      "annotations": {},
      "timestamp": "0"
    },
    {
      "line": "[Verse 1]",
      "annotations": {},
      "timestamp": "0"
    },
    {
      "line": "Prattle pearls",
      "annotations": {},
      "timestamp": "0"
    },
    {
      "line": "I thought I'd be used to this now",
      "annotations": {},
      "timestamp": "0"
    },
    {
      "line": "I thought I . . ",
      "annotations": {},
      "timestamp": "0"
    },
    {
      "line": "Hmm",
      "annotations": {},
      "timestamp": "0"
    },
    {
      "line": "My mind is not right",
      "annotations": {},
      "timestamp": "0"
    },
    {
      "line": "My mind’s not right",
      "annotations": {},
      "timestamp": "0"
    },
    {
      "line": "I thought I had it all",
      "annotations": {},
      "timestamp": "0"
    },
    {
      "line": "Now it feels like I can't get it all like",
      "annotations": {},
      "timestamp": "0"
    },
    {
      "line": "Back to the past",
      "annotations": {},
      "timestamp": "0"
    },
    {
      "line": "Thought that I had a girl",
      "annotations": {},
      "timestamp": "0"
    },
    {
      "line": "She spoke to me now and it feels like am",
      "annotations": {},
      "timestamp": "0"
    },
    {
      "line": "Going round and picking crumbs",
      "annotations": {},
      "timestamp": "0"
    },
    {
      "line": "And lighting drums",
      "annotations": {},
      "timestamp": "0"
    },
    {
      "line": "Trying to sing her: they will all lie",
      "annotations": {},
      "timestamp": "0"
    },
    {
      "line": "That's her fucking tick",
      "annotations": {},
      "timestamp": "0"
    },
    {
      "line": "Put myself in a fucking kite",
      "annotations": {},
      "timestamp": "0"
    },
    {
      "line": "Now it feels that I’ma burn it all wired",
      "annotations": {},
      "timestamp": "0"
    },
    {
      "line": "Niggers never had it all",
      "annotations": {},
      "timestamp": "0"
    },
    {
      "line": "So, I'm on fire",
      "annotations": {},
      "timestamp": "0"
    },
    {
      "line": "I never put it down",
      "annotations": {},
      "timestamp": "0"
    },
    {
      "line": "So, I go higher",
      "annotations": {},
      "timestamp": "0"
    },
    {
      "line": "Higher, in my own fucking mind",
      "annotations": {},
      "timestamp": "0"
    },
    {
      "line": "Now I'm putting this shit",
      "annotations": {},
      "timestamp": "0"
    },
    {
      "line": "Lasso sort the bout",
      "annotations": {},
      "timestamp": "0"
    },
    {
      "line": "Had a fucking girl she was so damn rogue",
      "annotations": {},
      "timestamp": "0"
    },
    {
      "line": "Had to put her back where I fucking took my clothes",
      "annotations": {},
      "timestamp": "0"
    },
    {
      "line": "In the fucking closet",
      "annotations": {},
      "timestamp": "0"
    },
    {
      "line": "Better get used to it",
      "annotations": {},
      "timestamp": "0"
    },
    {
      "line": "I 'on't give a fuck about nobody",
      "annotations": {},
      "timestamp": "0"
    },
    {
      "line": "It is you in",
      "annotations": {},
      "timestamp": "0"
    },
    {
      "line": "I'm now fuck . . . nigga you’re screwing",
      "annotations": {},
      "timestamp": "0"
    },
    {
      "line": "Meh . . . Shit!",
      "annotations": {},
      "timestamp": "0"
    },
    {
      "line": "All right",
      "annotations": {},
      "timestamp": "0"
    },
    {
      "line": "Yeah, I am back",
      "annotations": {},
      "timestamp": "0"
    },
    {
      "line": "And these niggers better get it right",
      "annotations": {},
      "timestamp": "0"
    },
    {
      "line": "I won't ever fuck with the fucking wise",
      "annotations": {},
      "timestamp": "0"
    },
    {
      "line": "I'm on that fucking",
      "annotations": {},
      "timestamp": "0"
    },
    {
      "line": "You are a lie",
      "annotations": {},
      "timestamp": "0"
    },
    {
      "line": "Nigga had to put that shit in my own",
      "annotations": {},
      "timestamp": "0"
    },
    {
      "line": "My own, my omen",
      "annotations": {},
      "timestamp": "0"
    },
    {
      "line": "Meds",
      "annotations": {},
      "timestamp": "0"
    },
    {
      "line": "Bro! My own fucking meds",
      "annotations": {},
      "timestamp": "0"
    },
    {
      "line": "Now I'm doing all right",
      "annotations": {},
      "timestamp": "0"
    },
    {
      "line": "That's the fucking best vibe",
      "annotations": {},
      "timestamp": "0"
    },
    {
      "line": "I'll ever get",
      "annotations": {},
      "timestamp": "0"
    },
    {
      "line": "That's what they said",
      "annotations": {},
      "timestamp": "0"
    },
    {
      "line": "And now I'm better with this shit",
      "annotations": {},
      "timestamp": "0"
    },
    {
      "line": "That's what is next",
      "annotations": {},
      "timestamp": "0"
    },
    {
      "line": "I am",
      "annotations": {},
      "timestamp": "0"
    },
    {
      "line": "I should go on this shit one more time",
      "annotations": {},
      "timestamp": "0"
    },
    {
      "line": "I don’t know how you feel about that?",
      "annotations": {},
      "timestamp": "0"
    },
    {
      "line": "Let’s go",
      "annotations": {},
      "timestamp": "0"
    },
    {
      "line": "Come on",
      "annotations": {},
      "timestamp": "0"
    },
    {
      "line": "",
      "annotations": {},
      "timestamp": "0"
    },
    {
      "line": "[Outro]",
      "annotations": {},
      "timestamp": "0"
    },
    {
      "line": "I got a harpoon",
      "annotations": {},
      "timestamp": "0"
    },
    {
      "line": "I might shoot at you",
      "annotations": {},
      "timestamp": "0"
    },
    {
      "line": "I got a harpoon",
      "annotations": {},
      "timestamp": "0"
    },
    {
      "line": "I might shoot at you",
      "annotations": {},
      "timestamp": "0"
    },
    {
      "line": "Cos I'm in love with you",
      "annotations": {},
      "timestamp": "0"
    },
    {
      "line": "Love with you",
      "annotations": {},
      "timestamp": "0"
    },
    {
      "line": "Wanna sing it out to you",
      "annotations": {},
      "timestamp": "0"
    },
    {
      "line": "Gotta know it's true",
      "annotations": {},
      "timestamp": "0"
    },
    {
      "line": "True, true",
      "annotations": {},
      "timestamp": "0"
    },
    {
      "line": "I swear this is just the intro",
      "annotations": {},
      "timestamp": "0"
    },
    {
      "line": "I ain't even started yet",
      "annotations": {},
      "timestamp": "0"
    },
    {
      "line": "Wanna say I fucking love you",
      "annotations": {},
      "timestamp": "0"
    },
    {
      "line": "Better know 'cause",
      "annotations": {},
      "timestamp": "0"
    },
    {
      "line": "I might, might",
      "annotations": {},
      "timestamp": "0"
    },
    {
      "line": "Might shoot at you",
      "annotations": {},
      "timestamp": "0"
    },
    {
      "line": "Ah!",
      "annotations": {},
      "timestamp": "0"
    },
    {
      "line": "It’s just the intro",
      "annotations": {},
      "timestamp": "0"
    },
    {
      "line": "Yeah, I am cooking it up",
      "annotations": {},
      "timestamp": "0"
    },
    {
      "line": "In my own damn lab",
      "annotations": {},
      "timestamp": "0"
    }
  ]
}