{
  "song_title": "Curandera",
  "writer": "Frith Hilton",
  "release_date": "August 4, 2023",
  "cover": "https://frithhilton.com.ng/musicpool/covers/10/216.jpg",
  "id": "216",
  "lyrics": [
    {
      "line": "[Intro]",
      "annotations": {},
      "timestamp": "0"
    },
    {
      "line": "How about it?",
      "annotations": {},
      "timestamp": "0"
    },
    {
      "line": "Do I offer you in here?",
      "annotations": {},
      "timestamp": "0"
    },
    {
      "line": "How I feel the same",
      "annotations": {},
      "timestamp": "0"
    },
    {
      "line": "Can’t tell?",
      "annotations": {},
      "timestamp": "0"
    },
    {
      "line": "",
      "annotations": {},
      "timestamp": "0"
    },
    {
      "line": "[Verse 1]",
      "annotations": {},
      "timestamp": "0"
    },
    {
      "line": "Leaving in prada",
      "annotations": {},
      "timestamp": "0"
    },
    {
      "line": "I have another",
      "annotations": {},
      "timestamp": "0"
    },
    {
      "line": "Couple therapy is over",
      "annotations": {},
      "timestamp": "0"
    },
    {
      "line": "I know",
      "annotations": {},
      "timestamp": "0"
    },
    {
      "line": "My love doesn’t cover it",
      "annotations": {},
      "timestamp": "0"
    },
    {
      "line": "I’m linked to the peverse",
      "annotations": {},
      "timestamp": "0"
    },
    {
      "line": "I dream of you all the time",
      "annotations": {},
      "timestamp": "0"
    },
    {
      "line": "Part of something as long as me being pious",
      "annotations": {},
      "timestamp": "0"
    },
    {
      "line": "I hope that you will change to something better",
      "annotations": {},
      "timestamp": "0"
    },
    {
      "line": "I dole my mind like a tether",
      "annotations": {},
      "timestamp": "0"
    },
    {
      "line": "While sipping on his soul ride on kelvin",
      "annotations": {},
      "timestamp": "0"
    },
    {
      "line": "",
      "annotations": {},
      "timestamp": "0"
    },
    {
      "line": "[Bridge]",
      "annotations": {},
      "timestamp": "0"
    },
    {
      "line": "I’m never caving in",
      "annotations": {},
      "timestamp": "0"
    },
    {
      "line": "No, not on my lust",
      "annotations": {},
      "timestamp": "0"
    },
    {
      "line": "All my laws feels the same",
      "annotations": {},
      "timestamp": "0"
    },
    {
      "line": "I don’t go thеre",
      "annotations": {},
      "timestamp": "0"
    },
    {
      "line": "I don’t go buried",
      "annotations": {},
      "timestamp": "0"
    },
    {
      "line": "",
      "annotations": {},
      "timestamp": "0"
    },
    {
      "line": "[Verse 2]",
      "annotations": {},
      "timestamp": "0"
    },
    {
      "line": "It is still the samе",
      "annotations": {},
      "timestamp": "0"
    },
    {
      "line": "Sucking all the sieved",
      "annotations": {},
      "timestamp": "0"
    },
    {
      "line": "On my name",
      "annotations": {},
      "timestamp": "0"
    },
    {
      "line": "Leaving: they will say",
      "annotations": {},
      "timestamp": "0"
    },
    {
      "line": "Crystal way",
      "annotations": {},
      "timestamp": "0"
    },
    {
      "line": "Turkey, now I'm on fast",
      "annotations": {},
      "timestamp": "0"
    },
    {
      "line": "Peeling my bane",
      "annotations": {},
      "timestamp": "0"
    },
    {
      "line": "I’m not napping unto seeing you",
      "annotations": {},
      "timestamp": "0"
    },
    {
      "line": "Señor",
      "annotations": {},
      "timestamp": "0"
    },
    {
      "line": "I don’t think I ever see you",
      "annotations": {},
      "timestamp": "0"
    },
    {
      "line": "You paint the town",
      "annotations": {},
      "timestamp": "0"
    },
    {
      "line": "Something like be you",
      "annotations": {},
      "timestamp": "0"
    },
    {
      "line": "Meaning for all we are living",
      "annotations": {},
      "timestamp": "0"
    },
    {
      "line": "On tee ball",
      "annotations": {},
      "timestamp": "0"
    },
    {
      "line": "",
      "annotations": {},
      "timestamp": "0"
    },
    {
      "line": "[Outro]",
      "annotations": {},
      "timestamp": "0"
    },
    {
      "line": "The soul cunt",
      "annotations": {},
      "timestamp": "0"
    },
    {
      "line": "Like the salt I bathe in",
      "annotations": {},
      "timestamp": "0"
    },
    {
      "line": "The thief in all these case",
      "annotations": {},
      "timestamp": "0"
    },
    {
      "line": "I’ve been navy on this help",
      "annotations": {},
      "timestamp": "0"
    },
    {
      "line": "I’ve been taking this sip",
      "annotations": {},
      "timestamp": "0"
    },
    {
      "line": "Like it’s not the weight",
      "annotations": {},
      "timestamp": "0"
    },
    {
      "line": "I have been giving my neck",
      "annotations": {},
      "timestamp": "0"
    },
    {
      "line": "All these pain now",
      "annotations": {},
      "timestamp": "0"
    },
    {
      "line": "Hey!",
      "annotations": {},
      "timestamp": "0"
    },
    {
      "line": "Gawd",
      "annotations": {},
      "timestamp": "0"
    }
  ]
}