{
  "song_title": "Marilyn",
  "writer": "Frith Hilton",
  "release_date": "August 5, 2023",
  "cover": "https://frithhilton.com.ng/musicpool/covers/10/217.jpg",
  "id": "217",
  "lyrics": [
    {
      "line": "[Intro]",
      "annotations": {},
      "timestamp": "0"
    },
    {
      "line": "Hey, I know it",
      "annotations": {},
      "timestamp": "0"
    },
    {
      "line": "I caught the vibe",
      "annotations": {},
      "timestamp": "0"
    },
    {
      "line": "From the first time",
      "annotations": {},
      "timestamp": "0"
    },
    {
      "line": "I knew it",
      "annotations": {},
      "timestamp": "0"
    },
    {
      "line": "Her cut off there in tight",
      "annotations": {},
      "timestamp": "0"
    },
    {
      "line": "I know I'm gonna see her dine",
      "annotations": {},
      "timestamp": "0"
    },
    {
      "line": "",
      "annotations": {},
      "timestamp": "0"
    },
    {
      "line": "[Verse 1]",
      "annotations": {},
      "timestamp": "0"
    },
    {
      "line": "Bigger b tt, bigger bun",
      "annotations": {},
      "timestamp": "0"
    },
    {
      "line": "She’s got a bigger bun",
      "annotations": {},
      "timestamp": "0"
    },
    {
      "line": "Bigger bun",
      "annotations": {},
      "timestamp": "0"
    },
    {
      "line": "I got an ego bar in your bag",
      "annotations": {},
      "timestamp": "0"
    },
    {
      "line": "I think I'm not that kinda man",
      "annotations": {},
      "timestamp": "0"
    },
    {
      "line": "Poor and a serf",
      "annotations": {},
      "timestamp": "0"
    },
    {
      "line": "",
      "annotations": {},
      "timestamp": "0"
    },
    {
      "line": "[Chorus]",
      "annotations": {},
      "timestamp": "0"
    },
    {
      "line": "Fair race, say to mail",
      "annotations": {},
      "timestamp": "0"
    },
    {
      "line": "I got that level weight",
      "annotations": {},
      "timestamp": "0"
    },
    {
      "line": "I’m marked man",
      "annotations": {},
      "timestamp": "0"
    },
    {
      "line": "To say wear the taser",
      "annotations": {},
      "timestamp": "0"
    },
    {
      "line": "I got the siren in",
      "annotations": {},
      "timestamp": "0"
    },
    {
      "line": "I’m that marilyn",
      "annotations": {},
      "timestamp": "0"
    },
    {
      "line": "I’m that man to say I got a day in it",
      "annotations": {},
      "timestamp": "0"
    },
    {
      "line": "",
      "annotations": {},
      "timestamp": "0"
    },
    {
      "line": "[Verse 2]",
      "annotations": {},
      "timestamp": "0"
    },
    {
      "line": "Wait, I never . . .",
      "annotations": {},
      "timestamp": "0"
    },
    {
      "line": "Took a pity",
      "annotations": {},
      "timestamp": "0"
    },
    {
      "line": "Sit up, my new music",
      "annotations": {},
      "timestamp": "0"
    },
    {
      "line": "We say look at it and listen better",
      "annotations": {},
      "timestamp": "0"
    },
    {
      "line": "And I'm always embarrassed",
      "annotations": {},
      "timestamp": "0"
    },
    {
      "line": "Think I got a devil bat",
      "annotations": {},
      "timestamp": "0"
    },
    {
      "line": "I’m just kidding with a heart",
      "annotations": {},
      "timestamp": "0"
    },
    {
      "line": "That hands the demo rants",
      "annotations": {},
      "timestamp": "0"
    }
  ]
}