{
  "song_title": "Darbies",
  "writer": "Frith Hilton",
  "release_date": "August 7, 2023",
  "cover": "https://frithhilton.com.ng/musicpool/covers/10/219.jpg",
  "id": "219",
  "lyrics": [
    {
      "line": "[Intro]",
      "annotations": {},
      "timestamp": "0"
    },
    {
      "line": "She’s got a date",
      "annotations": {},
      "timestamp": "0"
    },
    {
      "line": "She’s got a dart gun",
      "annotations": {},
      "timestamp": "0"
    },
    {
      "line": "",
      "annotations": {},
      "timestamp": "0"
    },
    {
      "line": "[Verse 1]",
      "annotations": {},
      "timestamp": "0"
    },
    {
      "line": "Sometimes I can think of nothing better",
      "annotations": {},
      "timestamp": "0"
    },
    {
      "line": "Other times I guard my lawn",
      "annotations": {},
      "timestamp": "0"
    },
    {
      "line": "Humming times, I can’t think of nothing better",
      "annotations": {},
      "timestamp": "0"
    },
    {
      "line": "And when you’re around",
      "annotations": {},
      "timestamp": "0"
    },
    {
      "line": "Though I lie, I see something better",
      "annotations": {},
      "timestamp": "0"
    },
    {
      "line": "Dribble with me",
      "annotations": {},
      "timestamp": "0"
    },
    {
      "line": "Say with me",
      "annotations": {},
      "timestamp": "0"
    },
    {
      "line": "I see you, who you are",
      "annotations": {},
      "timestamp": "0"
    },
    {
      "line": "I see you who you are",
      "annotations": {},
      "timestamp": "0"
    },
    {
      "line": "Baby, still; who you are",
      "annotations": {},
      "timestamp": "0"
    },
    {
      "line": "",
      "annotations": {},
      "timestamp": "0"
    },
    {
      "line": "[Verse 2]",
      "annotations": {},
      "timestamp": "0"
    },
    {
      "line": "Every thing lost",
      "annotations": {},
      "timestamp": "0"
    },
    {
      "line": "Soon, I will make a cut off",
      "annotations": {},
      "timestamp": "0"
    },
    {
      "line": "I’m tryna drown my thoughts",
      "annotations": {},
      "timestamp": "0"
    },
    {
      "line": "I don’t ever cart it",
      "annotations": {},
      "timestamp": "0"
    },
    {
      "line": "I’m just saying my love",
      "annotations": {},
      "timestamp": "0"
    },
    {
      "line": "It’s not over with your hero",
      "annotations": {},
      "timestamp": "0"
    },
    {
      "line": "And I know I am tainted",
      "annotations": {},
      "timestamp": "0"
    },
    {
      "line": "But I know it is never harrowing",
      "annotations": {},
      "timestamp": "0"
    },
    {
      "line": "Sorry baby",
      "annotations": {},
      "timestamp": "0"
    },
    {
      "line": "I can’t take my stolen heart in parts",
      "annotations": {},
      "timestamp": "0"
    },
    {
      "line": "Giving you are home",
      "annotations": {},
      "timestamp": "0"
    },
    {
      "line": "I never stay away",
      "annotations": {},
      "timestamp": "0"
    },
    {
      "line": "I’m nevеr a player",
      "annotations": {},
      "timestamp": "0"
    },
    {
      "line": ". . . too, where you arе",
      "annotations": {},
      "timestamp": "0"
    },
    {
      "line": "And here I was",
      "annotations": {},
      "timestamp": "0"
    },
    {
      "line": "A sync to my watch",
      "annotations": {},
      "timestamp": "0"
    },
    {
      "line": "I take on a place in time",
      "annotations": {},
      "timestamp": "0"
    }
  ]
}