{
  "song_title": "Amor fati",
  "writer": "Frith Hilton",
  "release_date": "August 8, 2023",
  "cover": "https://frithhilton.com.ng/musicpool/covers/10/220.jpg",
  "id": "220",
  "lyrics": [
    {
      "line": "[Intro]",
      "annotations": {},
      "timestamp": "0"
    },
    {
      "line": "Ticking out everything that could go wrong",
      "annotations": {},
      "timestamp": "0"
    },
    {
      "line": "Probably depart the heed with a hunch in crunch",
      "annotations": {},
      "timestamp": "0"
    },
    {
      "line": "Peeling, no saying with a peeve we saw",
      "annotations": {},
      "timestamp": "0"
    },
    {
      "line": "High key, the beads are on her",
      "annotations": {},
      "timestamp": "0"
    },
    {
      "line": "",
      "annotations": {},
      "timestamp": "0"
    },
    {
      "line": "[Verse 1]",
      "annotations": {},
      "timestamp": "0"
    },
    {
      "line": "Ruling the roost",
      "annotations": {},
      "timestamp": "0"
    },
    {
      "line": "Never took a boost",
      "annotations": {},
      "timestamp": "0"
    },
    {
      "line": "I’ve just went for the goose",
      "annotations": {},
      "timestamp": "0"
    },
    {
      "line": "And I put my love where you will never choose",
      "annotations": {},
      "timestamp": "0"
    },
    {
      "line": "Don’t you know this guy he’s nothing to prove",
      "annotations": {},
      "timestamp": "0"
    },
    {
      "line": "I’m lost in my brain",
      "annotations": {},
      "timestamp": "0"
    },
    {
      "line": "That’s another crew",
      "annotations": {},
      "timestamp": "0"
    },
    {
      "line": "Oh girl she knows it",
      "annotations": {},
      "timestamp": "0"
    },
    {
      "line": "I never say it",
      "annotations": {},
      "timestamp": "0"
    },
    {
      "line": "There is enough of it",
      "annotations": {},
      "timestamp": "0"
    },
    {
      "line": "Big in dowse",
      "annotations": {},
      "timestamp": "0"
    },
    {
      "line": "That’s a cricket",
      "annotations": {},
      "timestamp": "0"
    },
    {
      "line": "Big on ignoring my phone",
      "annotations": {},
      "timestamp": "0"
    },
    {
      "line": "How do you say in love . . .",
      "annotations": {},
      "timestamp": "0"
    },
    {
      "line": "I say bigger habit",
      "annotations": {},
      "timestamp": "0"
    },
    {
      "line": "This is big as your heart has been",
      "annotations": {},
      "timestamp": "0"
    },
    {
      "line": "Hit it in the back",
      "annotations": {},
      "timestamp": "0"
    },
    {
      "line": "Acting like a tour of it",
      "annotations": {},
      "timestamp": "0"
    },
    {
      "line": "Hands, you are shitting",
      "annotations": {},
      "timestamp": "0"
    },
    {
      "line": "Been a man, you’re kid in",
      "annotations": {},
      "timestamp": "0"
    },
    {
      "line": "Around, get this chief",
      "annotations": {},
      "timestamp": "0"
    },
    {
      "line": "I’m big dead over it",
      "annotations": {},
      "timestamp": "0"
    },
    {
      "line": "Couldn’t have a survey",
      "annotations": {},
      "timestamp": "0"
    },
    {
      "line": "How your care above it",
      "annotations": {},
      "timestamp": "0"
    },
    {
      "line": "Oh girl, it is your day, you disturb",
      "annotations": {},
      "timestamp": "0"
    },
    {
      "line": "We should take this sub",
      "annotations": {},
      "timestamp": "0"
    },
    {
      "line": "",
      "annotations": {},
      "timestamp": "0"
    },
    {
      "line": "[Verse 2]",
      "annotations": {},
      "timestamp": "0"
    },
    {
      "line": "It is not my fault",
      "annotations": {},
      "timestamp": "0"
    },
    {
      "line": "Essay on amor fati",
      "annotations": {},
      "timestamp": "0"
    },
    {
      "line": "I never farted",
      "annotations": {},
      "timestamp": "0"
    },
    {
      "line": "Had to spark some advice in your gules honest",
      "annotations": {},
      "timestamp": "0"
    },
    {
      "line": "And she know",
      "annotations": {},
      "timestamp": "0"
    },
    {
      "line": "I never pick calls from west dolls",
      "annotations": {},
      "timestamp": "0"
    },
    {
      "line": "Cos you are now the graph",
      "annotations": {},
      "timestamp": "0"
    },
    {
      "line": "Isn’t it the girl wussing out in another voyeur",
      "annotations": {},
      "timestamp": "0"
    },
    {
      "line": "Feeling like an infant when I lose my fawn",
      "annotations": {},
      "timestamp": "0"
    },
    {
      "line": "And I know who is cupid",
      "annotations": {},
      "timestamp": "0"
    },
    {
      "line": "And I coil in this",
      "annotations": {},
      "timestamp": "0"
    },
    {
      "line": "Stop, you are a bairn",
      "annotations": {},
      "timestamp": "0"
    },
    {
      "line": "If we never had it",
      "annotations": {},
      "timestamp": "0"
    },
    {
      "line": "Till the formal we are headed",
      "annotations": {},
      "timestamp": "0"
    },
    {
      "line": "Like twice, now we are friends",
      "annotations": {},
      "timestamp": "0"
    },
    {
      "line": "Sorry, I never had . . .",
      "annotations": {},
      "timestamp": "0"
    },
    {
      "line": "It is the clung that we never had",
      "annotations": {},
      "timestamp": "0"
    },
    {
      "line": "Like a bond that was real from the very hands",
      "annotations": {},
      "timestamp": "0"
    },
    {
      "line": "Of this liken",
      "annotations": {},
      "timestamp": "0"
    },
    {
      "line": "Everything that makes his part in vain",
      "annotations": {},
      "timestamp": "0"
    }
  ]
}