{
  "song_title": "Pale",
  "writer": "Frith Hilton",
  "release_date": "August 11, 2023",
  "cover": "https://frithhilton.com.ng/musicpool/covers/10/221.jpg",
  "id": "221",
  "lyrics": [
    {
      "line": "[Verse 1]",
      "annotations": {},
      "timestamp": "0"
    },
    {
      "line": "Can tell you ache",
      "annotations": {},
      "timestamp": "0"
    },
    {
      "line": "Pale in your head",
      "annotations": {},
      "timestamp": "0"
    },
    {
      "line": "We get this",
      "annotations": {},
      "timestamp": "0"
    },
    {
      "line": "Pray you will get",
      "annotations": {},
      "timestamp": "0"
    },
    {
      "line": "The tale you don’t owe us",
      "annotations": {},
      "timestamp": "0"
    },
    {
      "line": "Pay you a visit",
      "annotations": {},
      "timestamp": "0"
    },
    {
      "line": "When I'm down",
      "annotations": {},
      "timestamp": "0"
    },
    {
      "line": "I still believe in",
      "annotations": {},
      "timestamp": "0"
    },
    {
      "line": "With you at least",
      "annotations": {},
      "timestamp": "0"
    },
    {
      "line": "I’m saying it ain’t fair",
      "annotations": {},
      "timestamp": "0"
    },
    {
      "line": "Wherever you go",
      "annotations": {},
      "timestamp": "0"
    },
    {
      "line": "My heart, my sorrow corral your air",
      "annotations": {},
      "timestamp": "0"
    },
    {
      "line": "Are you paying the luck a visit",
      "annotations": {},
      "timestamp": "0"
    },
    {
      "line": "Take the preordained mile in",
      "annotations": {},
      "timestamp": "0"
    },
    {
      "line": "Spanner we’re not toying",
      "annotations": {},
      "timestamp": "0"
    },
    {
      "line": "Pair nah now?",
      "annotations": {},
      "timestamp": "0"
    },
    {
      "line": "No one now",
      "annotations": {},
      "timestamp": "0"
    },
    {
      "line": "Not now",
      "annotations": {},
      "timestamp": "0"
    },
    {
      "line": "No one now",
      "annotations": {},
      "timestamp": "0"
    },
    {
      "line": "No, not now",
      "annotations": {},
      "timestamp": "0"
    },
    {
      "line": "Not when we are now",
      "annotations": {},
      "timestamp": "0"
    },
    {
      "line": "",
      "annotations": {},
      "timestamp": "0"
    },
    {
      "line": "[Chorus]",
      "annotations": {},
      "timestamp": "0"
    },
    {
      "line": "With this heart of mine",
      "annotations": {},
      "timestamp": "0"
    },
    {
      "line": "Feeling like a honey in my house",
      "annotations": {},
      "timestamp": "0"
    },
    {
      "line": "Singing along the line",
      "annotations": {},
      "timestamp": "0"
    },
    {
      "line": "Till you are ovеr here",
      "annotations": {},
      "timestamp": "0"
    },
    {
      "line": "I’ll give it all I’vе got",
      "annotations": {},
      "timestamp": "0"
    },
    {
      "line": "And noticing near foe",
      "annotations": {},
      "timestamp": "0"
    },
    {
      "line": "Her day in the ache",
      "annotations": {},
      "timestamp": "0"
    },
    {
      "line": "Her push for",
      "annotations": {},
      "timestamp": "0"
    },
    {
      "line": "",
      "annotations": {},
      "timestamp": "0"
    },
    {
      "line": "[Verse 2]",
      "annotations": {},
      "timestamp": "0"
    },
    {
      "line": "Living, I am",
      "annotations": {},
      "timestamp": "0"
    },
    {
      "line": "Ya’ll tube, oh ham",
      "annotations": {},
      "timestamp": "0"
    },
    {
      "line": "Your tube, oh I am",
      "annotations": {},
      "timestamp": "0"
    },
    {
      "line": "Been so, I am",
      "annotations": {},
      "timestamp": "0"
    },
    {
      "line": "Pinning no hurt",
      "annotations": {},
      "timestamp": "0"
    },
    {
      "line": "Pinning all these jams",
      "annotations": {},
      "timestamp": "0"
    },
    {
      "line": "No avert",
      "annotations": {},
      "timestamp": "0"
    },
    {
      "line": "To all for the rare",
      "annotations": {},
      "timestamp": "0"
    },
    {
      "line": "K!lling not his channel",
      "annotations": {},
      "timestamp": "0"
    },
    {
      "line": "Paying no hurt",
      "annotations": {},
      "timestamp": "0"
    },
    {
      "line": "Soul way, all for it",
      "annotations": {},
      "timestamp": "0"
    },
    {
      "line": "To fail in your waist on you",
      "annotations": {},
      "timestamp": "0"
    },
    {
      "line": "Wondering how do I get through it",
      "annotations": {},
      "timestamp": "0"
    },
    {
      "line": "I’ll rest through it",
      "annotations": {},
      "timestamp": "0"
    },
    {
      "line": "How I go through it",
      "annotations": {},
      "timestamp": "0"
    },
    {
      "line": "Pale, that’s not my girl",
      "annotations": {},
      "timestamp": "0"
    },
    {
      "line": "Pale, lit, that’s how I'ma leave it",
      "annotations": {},
      "timestamp": "0"
    },
    {
      "line": "You’ve touched me",
      "annotations": {},
      "timestamp": "0"
    },
    {
      "line": "You are coming to know our home",
      "annotations": {},
      "timestamp": "0"
    }
  ]
}