{
  "song_title": "Nominal now",
  "writer": "Frith Hilton",
  "release_date": "September 21, 2023",
  "cover": "https://frithhilton.com.ng/musicpool/covers/10/222.jpg",
  "id": "222",
  "lyrics": [
    {
      "line": "[Intro]",
      "annotations": {},
      "timestamp": "0"
    },
    {
      "line": "Every time, I think I'm burrowing on the wrong john",
      "annotations": {},
      "timestamp": "0"
    },
    {
      "line": "Whenever I think I'm polling on the wrong rock",
      "annotations": {},
      "timestamp": "0"
    },
    {
      "line": "",
      "annotations": {},
      "timestamp": "0"
    },
    {
      "line": "[Verse 1]",
      "annotations": {},
      "timestamp": "0"
    },
    {
      "line": "I get this thing in my head",
      "annotations": {},
      "timestamp": "0"
    },
    {
      "line": "I get this vibe when I'm by my bed",
      "annotations": {},
      "timestamp": "0"
    },
    {
      "line": "I take things for granted",
      "annotations": {},
      "timestamp": "0"
    },
    {
      "line": "My mind’s on everything right?",
      "annotations": {},
      "timestamp": "0"
    },
    {
      "line": "I ask",
      "annotations": {},
      "timestamp": "0"
    },
    {
      "line": "I get it every time",
      "annotations": {},
      "timestamp": "0"
    },
    {
      "line": "I pace, I try to sort it out",
      "annotations": {},
      "timestamp": "0"
    },
    {
      "line": "A never, never wraith, it’s all to you",
      "annotations": {},
      "timestamp": "0"
    },
    {
      "line": "You make . . . missing my point of view",
      "annotations": {},
      "timestamp": "0"
    },
    {
      "line": "Would I ever get in another clue?",
      "annotations": {},
      "timestamp": "0"
    },
    {
      "line": "Do I?",
      "annotations": {},
      "timestamp": "0"
    },
    {
      "line": "Two, I . . . make it out?",
      "annotations": {},
      "timestamp": "0"
    },
    {
      "line": "Lying opposite, never, never?",
      "annotations": {},
      "timestamp": "0"
    },
    {
      "line": "Do I make it out with my b lls under?",
      "annotations": {},
      "timestamp": "0"
    },
    {
      "line": "Do I make it out?",
      "annotations": {},
      "timestamp": "0"
    },
    {
      "line": "Am I on thеre where you arе?",
      "annotations": {},
      "timestamp": "0"
    },
    {
      "line": "I’m there wherever you call your home",
      "annotations": {},
      "timestamp": "0"
    },
    {
      "line": "",
      "annotations": {},
      "timestamp": "0"
    },
    {
      "line": "[Verse 2]",
      "annotations": {},
      "timestamp": "0"
    },
    {
      "line": "Two times now, one girl, one horror down",
      "annotations": {},
      "timestamp": "0"
    },
    {
      "line": "Two times, doesn’t count when that shawty came",
      "annotations": {},
      "timestamp": "0"
    },
    {
      "line": "",
      "annotations": {},
      "timestamp": "0"
    },
    {
      "line": "[Chorus]",
      "annotations": {},
      "timestamp": "0"
    },
    {
      "line": "Pain, nominal now",
      "annotations": {},
      "timestamp": "0"
    },
    {
      "line": "Weighing up, discuss the train, nodding my ten",
      "annotations": {},
      "timestamp": "0"
    },
    {
      "line": "Not on my attempt",
      "annotations": {},
      "timestamp": "0"
    },
    {
      "line": "Do I fill there where you are?",
      "annotations": {},
      "timestamp": "0"
    },
    {
      "line": "",
      "annotations": {},
      "timestamp": "0"
    },
    {
      "line": "[Chorus]",
      "annotations": {},
      "timestamp": "0"
    },
    {
      "line": "Pain, nominal now",
      "annotations": {},
      "timestamp": "0"
    },
    {
      "line": "Weighing up, discuss the train, nodding my ten",
      "annotations": {},
      "timestamp": "0"
    },
    {
      "line": "Not on my attempt",
      "annotations": {},
      "timestamp": "0"
    },
    {
      "line": "Do I fill there where you are?",
      "annotations": {},
      "timestamp": "0"
    },
    {
      "line": "",
      "annotations": {},
      "timestamp": "0"
    },
    {
      "line": "[Outro]",
      "annotations": {},
      "timestamp": "0"
    },
    {
      "line": "Something like that you know",
      "annotations": {},
      "timestamp": "0"
    }
  ]
}