{
  "song_title": "Best stan",
  "writer": "Frith Hilton",
  "release_date": "September 23, 2023",
  "cover": "https://frithhilton.com.ng/musicpool/covers/10/223.jpg",
  "id": "223",
  "lyrics": [
    {
      "line": "[Intro]",
      "annotations": {},
      "timestamp": "0"
    },
    {
      "line": "Sometimes I don’t . . . here in vain",
      "annotations": {},
      "timestamp": "0"
    },
    {
      "line": "Other times I just have her for say you’re in",
      "annotations": {},
      "timestamp": "0"
    },
    {
      "line": "",
      "annotations": {},
      "timestamp": "0"
    },
    {
      "line": "[Verse 1]",
      "annotations": {},
      "timestamp": "0"
    },
    {
      "line": "The best place to be",
      "annotations": {},
      "timestamp": "0"
    },
    {
      "line": "The right place to see",
      "annotations": {},
      "timestamp": "0"
    },
    {
      "line": "I don’t get the field",
      "annotations": {},
      "timestamp": "0"
    },
    {
      "line": "Sometimes the air is up to you?",
      "annotations": {},
      "timestamp": "0"
    },
    {
      "line": "I don’t get this place",
      "annotations": {},
      "timestamp": "0"
    },
    {
      "line": "I don’t get he says",
      "annotations": {},
      "timestamp": "0"
    },
    {
      "line": "I don’t get every thing in making out of",
      "annotations": {},
      "timestamp": "0"
    },
    {
      "line": "Telling me, dozen in a phone get a raise",
      "annotations": {},
      "timestamp": "0"
    },
    {
      "line": "I’m begging to my love in ace",
      "annotations": {},
      "timestamp": "0"
    },
    {
      "line": "And I know, it’s the same, big here",
      "annotations": {},
      "timestamp": "0"
    },
    {
      "line": "To leaving for something better",
      "annotations": {},
      "timestamp": "0"
    },
    {
      "line": "Better be you",
      "annotations": {},
      "timestamp": "0"
    },
    {
      "line": "Better say true",
      "annotations": {},
      "timestamp": "0"
    },
    {
      "line": "Better to be who true to what I do",
      "annotations": {},
      "timestamp": "0"
    },
    {
      "line": "Best stan, not whoever",
      "annotations": {},
      "timestamp": "0"
    },
    {
      "line": "On my . . . oh god!",
      "annotations": {},
      "timestamp": "0"
    }
  ]
}