{
  "song_title": "Backstage Friday",
  "writer": "Frith Hilton",
  "release_date": "October 17, 2023",
  "cover": "https://frithhilton.com.ng/musicpool/covers/10/227.jpg",
  "id": "227",
  "lyrics": [
    {
      "line": "[Intro]",
      "annotations": {},
      "timestamp": "0"
    },
    {
      "line": "Hmm, hey",
      "annotations": {},
      "timestamp": "0"
    },
    {
      "line": "",
      "annotations": {},
      "timestamp": "0"
    },
    {
      "line": "[Verse 1]",
      "annotations": {},
      "timestamp": "0"
    },
    {
      "line": "Do I ever pick on fate",
      "annotations": {},
      "timestamp": "0"
    },
    {
      "line": "Do I ever say I know my fate",
      "annotations": {},
      "timestamp": "0"
    },
    {
      "line": "I keep holding on",
      "annotations": {},
      "timestamp": "0"
    },
    {
      "line": "Begging isn’t it the last day",
      "annotations": {},
      "timestamp": "0"
    },
    {
      "line": "Fay, answer I have been on my way",
      "annotations": {},
      "timestamp": "0"
    },
    {
      "line": "I can’t take it out this day",
      "annotations": {},
      "timestamp": "0"
    },
    {
      "line": "But I know that everything is out my way",
      "annotations": {},
      "timestamp": "0"
    },
    {
      "line": "Would I take this the right way",
      "annotations": {},
      "timestamp": "0"
    },
    {
      "line": "She’s my lover sending hers overt",
      "annotations": {},
      "timestamp": "0"
    },
    {
      "line": "Chase my love, does it never arrive",
      "annotations": {},
      "timestamp": "0"
    },
    {
      "line": "",
      "annotations": {},
      "timestamp": "0"
    },
    {
      "line": "[Verse 2]",
      "annotations": {},
      "timestamp": "0"
    },
    {
      "line": "Past the station",
      "annotations": {},
      "timestamp": "0"
    },
    {
      "line": "Feeling like I got no occupation",
      "annotations": {},
      "timestamp": "0"
    },
    {
      "line": "All I ever do",
      "annotations": {},
      "timestamp": "0"
    },
    {
      "line": "Well, I ever do is mention",
      "annotations": {},
      "timestamp": "0"
    },
    {
      "line": "That I'm on my way",
      "annotations": {},
      "timestamp": "0"
    },
    {
      "line": "Right here, right here on my way",
      "annotations": {},
      "timestamp": "0"
    },
    {
      "line": "Said I’ve been on my way",
      "annotations": {},
      "timestamp": "0"
    },
    {
      "line": "Right here, right here on my way",
      "annotations": {},
      "timestamp": "0"
    },
    {
      "line": "Where it’s ever felt the same",
      "annotations": {},
      "timestamp": "0"
    },
    {
      "line": "All the love in my face",
      "annotations": {},
      "timestamp": "0"
    },
    {
      "line": "It’s her",
      "annotations": {},
      "timestamp": "0"
    },
    {
      "line": "",
      "annotations": {},
      "timestamp": "0"
    },
    {
      "line": "[Bridge]",
      "annotations": {},
      "timestamp": "0"
    },
    {
      "line": "Who’ll never get enough",
      "annotations": {},
      "timestamp": "0"
    },
    {
      "line": "",
      "annotations": {},
      "timestamp": "0"
    },
    {
      "line": "[Verse 3]",
      "annotations": {},
      "timestamp": "0"
    },
    {
      "line": "He’s dead in the way of our lust",
      "annotations": {},
      "timestamp": "0"
    },
    {
      "line": "I’m core on the diet in your own words",
      "annotations": {},
      "timestamp": "0"
    },
    {
      "line": "Cuddled up in your love",
      "annotations": {},
      "timestamp": "0"
    },
    {
      "line": "Don’t you take it back",
      "annotations": {},
      "timestamp": "0"
    },
    {
      "line": "I can’t stand away",
      "annotations": {},
      "timestamp": "0"
    },
    {
      "line": "Stand away",
      "annotations": {},
      "timestamp": "0"
    },
    {
      "line": "Backstage friday",
      "annotations": {},
      "timestamp": "0"
    }
  ]
}