{
  "song_title": "Amusing",
  "writer": "Frith Hilton",
  "release_date": "October 18, 2023",
  "cover": "https://frithhilton.com.ng/musicpool/covers/10/228.jpg",
  "id": "228",
  "lyrics": [
    {
      "line": "[Verse 1]",
      "annotations": {},
      "timestamp": "0"
    },
    {
      "line": "Do you find it amusing",
      "annotations": {},
      "timestamp": "0"
    },
    {
      "line": "That I am here",
      "annotations": {},
      "timestamp": "0"
    },
    {
      "line": "Musing over our thoughts",
      "annotations": {},
      "timestamp": "0"
    },
    {
      "line": "Over here, I'm the only horror",
      "annotations": {},
      "timestamp": "0"
    },
    {
      "line": "I wonder if you’ll ever have me take it back",
      "annotations": {},
      "timestamp": "0"
    },
    {
      "line": "I wonder if you’ll ever have me",
      "annotations": {},
      "timestamp": "0"
    },
    {
      "line": "Retrace my steps",
      "annotations": {},
      "timestamp": "0"
    },
    {
      "line": "Raising my voice a little bit",
      "annotations": {},
      "timestamp": "0"
    },
    {
      "line": "A little bit higher",
      "annotations": {},
      "timestamp": "0"
    },
    {
      "line": "Take my words back",
      "annotations": {},
      "timestamp": "0"
    },
    {
      "line": "Word I saved",
      "annotations": {},
      "timestamp": "0"
    },
    {
      "line": "I love her",
      "annotations": {},
      "timestamp": "0"
    },
    {
      "line": "And lose it over her with another",
      "annotations": {},
      "timestamp": "0"
    },
    {
      "line": "Won’t say I love her",
      "annotations": {},
      "timestamp": "0"
    },
    {
      "line": "And lose it over another",
      "annotations": {},
      "timestamp": "0"
    },
    {
      "line": "Even if it’s you",
      "annotations": {},
      "timestamp": "0"
    },
    {
      "line": "",
      "annotations": {},
      "timestamp": "0"
    },
    {
      "line": "[Chorus]",
      "annotations": {},
      "timestamp": "0"
    },
    {
      "line": "Do you find it amusing",
      "annotations": {},
      "timestamp": "0"
    },
    {
      "line": "I’m owing my scream",
      "annotations": {},
      "timestamp": "0"
    },
    {
      "line": "I’m painting the scene",
      "annotations": {},
      "timestamp": "0"
    },
    {
      "line": "Leaving out nothing",
      "annotations": {},
      "timestamp": "0"
    },
    {
      "line": "I fell over everything",
      "annotations": {},
      "timestamp": "0"
    },
    {
      "line": "I assailed",
      "annotations": {},
      "timestamp": "0"
    },
    {
      "line": "I took down my arbitrary train",
      "annotations": {},
      "timestamp": "0"
    },
    {
      "line": "",
      "annotations": {},
      "timestamp": "0"
    },
    {
      "line": "[Verse 2]",
      "annotations": {},
      "timestamp": "0"
    },
    {
      "line": "It hurts",
      "annotations": {},
      "timestamp": "0"
    },
    {
      "line": "It’s burdening than the words",
      "annotations": {},
      "timestamp": "0"
    },
    {
      "line": "It breaks my thoughts",
      "annotations": {},
      "timestamp": "0"
    },
    {
      "line": "Showing mule . .",
      "annotations": {},
      "timestamp": "0"
    },
    {
      "line": "Am I having a mirth",
      "annotations": {},
      "timestamp": "0"
    },
    {
      "line": "She can sue my nerve",
      "annotations": {},
      "timestamp": "0"
    },
    {
      "line": "For a soul with sighing",
      "annotations": {},
      "timestamp": "0"
    },
    {
      "line": "Have my words with my past",
      "annotations": {},
      "timestamp": "0"
    },
    {
      "line": "It’s like how I'm honest to share my worst",
      "annotations": {},
      "timestamp": "0"
    },
    {
      "line": "To repel the beauty and the fancy",
      "annotations": {},
      "timestamp": "0"
    },
    {
      "line": "Does it get scarier",
      "annotations": {},
      "timestamp": "0"
    },
    {
      "line": "When you take away the comforts",
      "annotations": {},
      "timestamp": "0"
    },
    {
      "line": "",
      "annotations": {},
      "timestamp": "0"
    },
    {
      "line": "[Chorus]",
      "annotations": {},
      "timestamp": "0"
    },
    {
      "line": "Do you find it amusing",
      "annotations": {},
      "timestamp": "0"
    },
    {
      "line": "I’m owing my scream",
      "annotations": {},
      "timestamp": "0"
    },
    {
      "line": "I’m painting the scene",
      "annotations": {},
      "timestamp": "0"
    },
    {
      "line": "Leaving out nothing",
      "annotations": {},
      "timestamp": "0"
    },
    {
      "line": "I fell over everything",
      "annotations": {},
      "timestamp": "0"
    },
    {
      "line": "I assailed",
      "annotations": {},
      "timestamp": "0"
    },
    {
      "line": "I took down my arbitrary train",
      "annotations": {},
      "timestamp": "0"
    }
  ]
}