{
  "song_title": "Hungry ladies",
  "writer": "Frith Hilton",
  "release_date": "October 23, 2023",
  "cover": "",
  "mp3_url": "",
  "duration": 171.28489795918367,
  "id": "231",
  "lyrics": [
  {
    "line": "[Intro]",
    "annotations": {}
  },
  {
    "line": "I feel really out of place",
    "annotations": {}
  },
  {
    "line": "I should be somewhere else",
    "annotations": {}
  },
  {
    "line": "You know, like uptown",
    "annotations": {}
  },
  {
    "line": "",
    "annotations": {}
  },
  {
    "line": "[Verse 1]",
    "annotations": {}
  },
  {
    "line": "My mind it's not the only thing I own",
    "annotations": {}
  },
  {
    "line": "So I shouldn't be here right",
    "annotations": {}
  },
  {
    "line": "Talking about this",
    "annotations": {}
  },
  {
    "line": "Super, tryna put me in the zone",
    "annotations": {}
  },
  {
    "line": "Hate no one",
    "annotations": {}
  },
  {
    "line": "Everyone is my friend",
    "annotations": {}
  },
  {
    "line": "Not everyone is gonna see me at the dead end",
    "annotations": {}
  },
  {
    "line": "It's not everyone who's gonna see me when it all comes to an end",
    "annotations": {}
  },
  {
    "line": "And times I think about my momma",
    "annotations": {}
  },
  {
    "line": "Think about the late nights and how you love the drama",
    "annotations": {}
  },
  {
    "line": "Sometimes I'm thinking about my girl",
    "annotations": {}
  },
  {
    "line": "That could be Jess",
    "annotations": {}
  },
  {
    "line": "But I'm feeling like arming my best stock",
    "annotations": {}
  },
  {
    "line": "When she is laughing all the time",
    "annotations": {}
  },
  {
    "line": "Damn, I'll bill him if I don't put it with a rhyme",
    "annotations": {}
  },
  {
    "line": "And I'm not the one to count blames",
    "annotations": {}
  },
  {
    "line": "But I'm feeling like it is not raining now",
    "annotations": {}
  },
  {
    "line": "He is no one and they are the reign in the now",
    "annotations": {}
  },
  {
    "line": "I'm still lost in my frown nouns",
    "annotations": {}
  },
  {
    "line": "Before I announce",
    "annotations": {}
  },
  {
    "line": "Numbering like facing a new round",
    "annotations": {}
  },
  {
    "line": "My time is all that I've got",
    "annotations": {}
  },
  {
    "line": "",
    "annotations": {}
  },
  {
    "line": "[Chorus]",
    "annotations": {}
  },
  {
    "line": "Hungry lady",
    "annotations": {}
  },
  {
    "line": "Hungry ladies",
    "annotations": {}
  },
  {
    "line": "Hungry ladies",
    "annotations": {}
  },
  {
    "line": "",
    "annotations": {}
  },
  {
    "line": "[Verse 2]",
    "annotations": {}
  },
  {
    "line": "Fake your denim",
    "annotations": {}
  },
  {
    "line": "Been out of job bitch",
    "annotations": {}
  },
  {
    "line": "Chase it when I leave it",
    "annotations": {}
  },
  {
    "line": "I who who never dissed him",
    "annotations": {}
  },
  {
    "line": "It's myself, I'm in my province",
    "annotations": {}
  },
  {
    "line": "Pay me will you now? No",
    "annotations": {}
  },
  {
    "line": "Brought my conscience out",
    "annotations": {}
  },
  {
    "line": "Wow you're here",
    "annotations": {}
  },
  {
    "line": "By my taste and pride",
    "annotations": {}
  },
  {
    "line": "When I give it up, it is my filing and I'm out",
    "annotations": {}
  },
  {
    "line": "I 'on't give the switch for a feeling, no",
    "annotations": {}
  },
  {
    "line": "I'm still reeling over my leaving in on the saw your worst",
    "annotations": {}
  },
  {
    "line": "Undiscussed",
    "annotations": {}
  },
  {
    "line": "I don't ever say I own the start",
    "annotations": {}
  },
  {
    "line": "Cos I'm lean in that",
    "annotations": {}
  },
  {
    "line": "See the record",
    "annotations": {}
  },
  {
    "line": "",
    "annotations": {}
  },
  {
    "line": "[Chorus]",
    "annotations": {}
  },
  {
    "line": "Hungry lady",
    "annotations": {}
  },
  {
    "line": "(I will mend her, Amanda)",
    "annotations": {}
  },
  {
    "line": "Hungry ladies",
    "annotations": {}
  },
  {
    "line": "Hungry ladies",
    "annotations": {}
  },
  {
    "line": "",
    "annotations": {}
  },
  {
    "line": "[Outro]",
    "annotations": {}
  },
  {
    "line": "Player you are the highest",
    "annotations": {}
  },
  {
    "line": "Ignoring your home",
    "annotations": {}
  },
  {
    "line": "I will rest (Prenup)",
    "annotations": {}
  },
  {
    "line": "I'm your highest",
    "annotations": {}
  },
  {
    "line": "I'm on the Lego",
    "annotations": {}
  },
  {
    "line": "Player in heist",
    "annotations": {}
  },
  {
    "line": "You should know you're in ice",
    "annotations": {}
  },
  {
    "line": "Go unleash your doom",
    "annotations": {}
  },
  {
    "line": "You're the only one to go",
    "annotations": {}
  },
  {
    "line": "Mob ties",
    "annotations": {}
  },
  {
    "line": "Let go",
    "annotations": {}
  }]
}