{
  "song_title": "Dreadnought",
  "writer": "Frith Hilton",
  "release_date": "November 10, 2023",
  "cover": "https://frithhilton.com.ng/musicpool/covers/10/232.jpg",
  "id": "232",
  "lyrics": [
    {
      "line": "[Intro]",
      "annotations": {},
      "timestamp": "0"
    },
    {
      "line": "Do you ever see her?",
      "annotations": {},
      "timestamp": "0"
    },
    {
      "line": "Her words? turbid?",
      "annotations": {},
      "timestamp": "0"
    },
    {
      "line": "Do you ever see her?",
      "annotations": {},
      "timestamp": "0"
    },
    {
      "line": "Her face?",
      "annotations": {},
      "timestamp": "0"
    },
    {
      "line": "Do you ever see her?",
      "annotations": {},
      "timestamp": "0"
    },
    {
      "line": "",
      "annotations": {},
      "timestamp": "0"
    },
    {
      "line": "[Verse 1]",
      "annotations": {},
      "timestamp": "0"
    },
    {
      "line": "Though you ever see her",
      "annotations": {},
      "timestamp": "0"
    },
    {
      "line": "My lover",
      "annotations": {},
      "timestamp": "0"
    },
    {
      "line": "Do you ever see her",
      "annotations": {},
      "timestamp": "0"
    },
    {
      "line": "How I adore",
      "annotations": {},
      "timestamp": "0"
    },
    {
      "line": "Mine so many times",
      "annotations": {},
      "timestamp": "0"
    },
    {
      "line": "My crimes . . . it’s not my rhyme",
      "annotations": {},
      "timestamp": "0"
    },
    {
      "line": "",
      "annotations": {},
      "timestamp": "0"
    },
    {
      "line": "[Verse 2]",
      "annotations": {},
      "timestamp": "0"
    },
    {
      "line": "Ever read my words",
      "annotations": {},
      "timestamp": "0"
    },
    {
      "line": "Ever felt that these words aren’t ever enough",
      "annotations": {},
      "timestamp": "0"
    },
    {
      "line": "Am I words clear enough",
      "annotations": {},
      "timestamp": "0"
    },
    {
      "line": "Do I come on the page",
      "annotations": {},
      "timestamp": "0"
    },
    {
      "line": "Do I bang your eardrums with crumbs",
      "annotations": {},
      "timestamp": "0"
    },
    {
      "line": "Do I sit well enough",
      "annotations": {},
      "timestamp": "0"
    },
    {
      "line": "Oh I actually feel deep insidе in my heart",
      "annotations": {},
      "timestamp": "0"
    },
    {
      "line": "Human, in flesh",
      "annotations": {},
      "timestamp": "0"
    },
    {
      "line": "Like carbon basеd life",
      "annotations": {},
      "timestamp": "0"
    },
    {
      "line": "Human, in a flash",
      "annotations": {},
      "timestamp": "0"
    },
    {
      "line": "",
      "annotations": {},
      "timestamp": "0"
    },
    {
      "line": "[Outro]",
      "annotations": {},
      "timestamp": "0"
    },
    {
      "line": "Do you ever see her?",
      "annotations": {},
      "timestamp": "0"
    },
    {
      "line": "Do you ever see her?",
      "annotations": {},
      "timestamp": "0"
    },
    {
      "line": "Do you ever see her?",
      "annotations": {},
      "timestamp": "0"
    },
    {
      "line": "Do you ever see her?",
      "annotations": {},
      "timestamp": "0"
    }
  ]
}