{
  "song_title": "Get it out",
  "writer": "Frith Hilton",
  "release_date": "January 8, 2024",
  "cover": "https://frithhilton.com.ng/musicpool/covers/10/233.jpg",
  "id": "233",
  "lyrics": [
    {
      "line": "[Intro]",
      "annotations": {},
      "timestamp": "0"
    },
    {
      "line": "Tell me now",
      "annotations": {},
      "timestamp": "0"
    },
    {
      "line": "How do we go about this",
      "annotations": {},
      "timestamp": "0"
    },
    {
      "line": "",
      "annotations": {},
      "timestamp": "0"
    },
    {
      "line": "[Verse 1]",
      "annotations": {},
      "timestamp": "0"
    },
    {
      "line": "Sometimes I find",
      "annotations": {},
      "timestamp": "0"
    },
    {
      "line": "Sometimes I don’t give a fuck",
      "annotations": {},
      "timestamp": "0"
    },
    {
      "line": "Sometimes it feels like the last",
      "annotations": {},
      "timestamp": "0"
    },
    {
      "line": "Was the our side of the pastime",
      "annotations": {},
      "timestamp": "0"
    },
    {
      "line": "And I'm feeling like I got it on a hang",
      "annotations": {},
      "timestamp": "0"
    },
    {
      "line": "And I'm caught in my other self",
      "annotations": {},
      "timestamp": "0"
    },
    {
      "line": "These things don’t work out",
      "annotations": {},
      "timestamp": "0"
    },
    {
      "line": "These things don’t tear me no more",
      "annotations": {},
      "timestamp": "0"
    },
    {
      "line": "And I know I gotta let it go",
      "annotations": {},
      "timestamp": "0"
    },
    {
      "line": "If I wanna take control",
      "annotations": {},
      "timestamp": "0"
    },
    {
      "line": "",
      "annotations": {},
      "timestamp": "0"
    },
    {
      "line": "[Chorus]",
      "annotations": {},
      "timestamp": "0"
    },
    {
      "line": "Do I get it out",
      "annotations": {},
      "timestamp": "0"
    },
    {
      "line": "Do I get it out",
      "annotations": {},
      "timestamp": "0"
    },
    {
      "line": "Am I more than what I hope for",
      "annotations": {},
      "timestamp": "0"
    },
    {
      "line": "Do I get it out",
      "annotations": {},
      "timestamp": "0"
    },
    {
      "line": "Do I get it out",
      "annotations": {},
      "timestamp": "0"
    },
    {
      "line": "Am I more than what I hope for",
      "annotations": {},
      "timestamp": "0"
    },
    {
      "line": "",
      "annotations": {},
      "timestamp": "0"
    },
    {
      "line": "[Verse 2]",
      "annotations": {},
      "timestamp": "0"
    },
    {
      "line": "Time passes and I don’t give a fuck",
      "annotations": {},
      "timestamp": "0"
    },
    {
      "line": "I’m on my job like I'm tryna get herе subbed",
      "annotations": {},
      "timestamp": "0"
    },
    {
      "line": "No bothers?",
      "annotations": {},
      "timestamp": "0"
    },
    {
      "line": "No it borders it all",
      "annotations": {},
      "timestamp": "0"
    },
    {
      "line": "No wondеr it’s just me and my luck",
      "annotations": {},
      "timestamp": "0"
    },
    {
      "line": "Oh am I her dark cry",
      "annotations": {},
      "timestamp": "0"
    },
    {
      "line": "I’m a dog cry",
      "annotations": {},
      "timestamp": "0"
    },
    {
      "line": "Do I ever say: here on dodge",
      "annotations": {},
      "timestamp": "0"
    },
    {
      "line": "The reasons of my past",
      "annotations": {},
      "timestamp": "0"
    },
    {
      "line": "",
      "annotations": {},
      "timestamp": "0"
    },
    {
      "line": "[Outro]",
      "annotations": {},
      "timestamp": "0"
    },
    {
      "line": "Something like that you know",
      "annotations": {},
      "timestamp": "0"
    },
    {
      "line": "I like",
      "annotations": {},
      "timestamp": "0"
    }
  ]
}