{
  "song_title": "Liar",
  "writer": "Frith Hilton",
  "release_date": "January 12, 2024",
  "cover": "https://frithhilton.com.ng/musicpool/covers/10/234.jpg",
  "id": "234",
  "lyrics": [
    {
      "line": "[Verse 1]",
      "annotations": {},
      "timestamp": "0"
    },
    {
      "line": "Bail me",
      "annotations": {},
      "timestamp": "0"
    },
    {
      "line": "Beam it on me",
      "annotations": {},
      "timestamp": "0"
    },
    {
      "line": "Fighting my disorientation",
      "annotations": {},
      "timestamp": "0"
    },
    {
      "line": "Wailing for a sum to mention",
      "annotations": {},
      "timestamp": "0"
    },
    {
      "line": "I feel the sad around here",
      "annotations": {},
      "timestamp": "0"
    },
    {
      "line": "I feel so demented",
      "annotations": {},
      "timestamp": "0"
    },
    {
      "line": "I feel like my life is not going nowhere",
      "annotations": {},
      "timestamp": "0"
    },
    {
      "line": "It’s just for a second I mourn",
      "annotations": {},
      "timestamp": "0"
    },
    {
      "line": "Hear the thoughts I entertain",
      "annotations": {},
      "timestamp": "0"
    },
    {
      "line": "I feel like my life is not going nowhere",
      "annotations": {},
      "timestamp": "0"
    },
    {
      "line": "I feel the world has turned down . . .",
      "annotations": {},
      "timestamp": "0"
    },
    {
      "line": "It’s out for itself",
      "annotations": {},
      "timestamp": "0"
    },
    {
      "line": "I feel this ceiling is not going any higher",
      "annotations": {},
      "timestamp": "0"
    },
    {
      "line": "",
      "annotations": {},
      "timestamp": "0"
    },
    {
      "line": "[Verse 2]",
      "annotations": {},
      "timestamp": "0"
    },
    {
      "line": "Does it ever make me feel gross",
      "annotations": {},
      "timestamp": "0"
    },
    {
      "line": "That I pick up the microphone and I go prr",
      "annotations": {},
      "timestamp": "0"
    },
    {
      "line": "Does he ever make me feel bad",
      "annotations": {},
      "timestamp": "0"
    },
    {
      "line": "When I'm in my room",
      "annotations": {},
      "timestamp": "0"
    },
    {
      "line": "And I'm thinking about my heart’s hole",
      "annotations": {},
      "timestamp": "0"
    },
    {
      "line": "I think I did that too",
      "annotations": {},
      "timestamp": "0"
    },
    {
      "line": "Talking about a girl that told me",
      "annotations": {},
      "timestamp": "0"
    },
    {
      "line": "She’s on the mark. I do",
      "annotations": {},
      "timestamp": "0"
    },
    {
      "line": "Looking like I don’t ever have to",
      "annotations": {},
      "timestamp": "0"
    },
    {
      "line": "Tell someone",
      "annotations": {},
      "timestamp": "0"
    },
    {
      "line": "I really care, her coo",
      "annotations": {},
      "timestamp": "0"
    },
    {
      "line": "",
      "annotations": {},
      "timestamp": "0"
    },
    {
      "line": "[Verse 3]",
      "annotations": {},
      "timestamp": "0"
    },
    {
      "line": "Oh oh, help me now",
      "annotations": {},
      "timestamp": "0"
    },
    {
      "line": "Don’t tell me, you forget now",
      "annotations": {},
      "timestamp": "0"
    },
    {
      "line": "I really love we’re quarrelling now",
      "annotations": {},
      "timestamp": "0"
    },
    {
      "line": "But this is a mound for sappy heart",
      "annotations": {},
      "timestamp": "0"
    },
    {
      "line": "Oh, looking back",
      "annotations": {},
      "timestamp": "0"
    },
    {
      "line": "I think I never had",
      "annotations": {},
      "timestamp": "0"
    },
    {
      "line": "A time to cover your harms",
      "annotations": {},
      "timestamp": "0"
    },
    {
      "line": "Now I'm a common liar",
      "annotations": {},
      "timestamp": "0"
    },
    {
      "line": "When I walk around",
      "annotations": {},
      "timestamp": "0"
    },
    {
      "line": "But I know not to choose the hand",
      "annotations": {},
      "timestamp": "0"
    },
    {
      "line": "Slight of my likes",
      "annotations": {},
      "timestamp": "0"
    },
    {
      "line": "I don’t take it back",
      "annotations": {},
      "timestamp": "0"
    },
    {
      "line": "When I say it’s got a hard rhyme",
      "annotations": {},
      "timestamp": "0"
    },
    {
      "line": "I’m not hi in town",
      "annotations": {},
      "timestamp": "0"
    }
  ]
}