{
  "song_title": "Skin",
  "writer": "Frith Hilton",
  "release_date": "January 12, 2024",
  "cover": "https://frithhilton.com.ng/musicpool/covers/10/235.jpg",
  "id": "235",
  "lyrics": [
    {
      "line": "[Intro]",
      "annotations": {},
      "timestamp": "0"
    },
    {
      "line": "Feeling nigh touch over here",
      "annotations": {},
      "timestamp": "0"
    },
    {
      "line": "When I rub my fingers through my . . .",
      "annotations": {},
      "timestamp": "0"
    },
    {
      "line": "",
      "annotations": {},
      "timestamp": "0"
    },
    {
      "line": "[Verse 1]",
      "annotations": {},
      "timestamp": "0"
    },
    {
      "line": "Skin",
      "annotations": {},
      "timestamp": "0"
    },
    {
      "line": "I want you home skin",
      "annotations": {},
      "timestamp": "0"
    },
    {
      "line": "Girl can I get you",
      "annotations": {},
      "timestamp": "0"
    },
    {
      "line": "Girl on my skin",
      "annotations": {},
      "timestamp": "0"
    },
    {
      "line": "How I feel doesn’t really deceive",
      "annotations": {},
      "timestamp": "0"
    },
    {
      "line": "How I feel doesn’t release",
      "annotations": {},
      "timestamp": "0"
    },
    {
      "line": "All these ease here",
      "annotations": {},
      "timestamp": "0"
    },
    {
      "line": "Out in the crowd",
      "annotations": {},
      "timestamp": "0"
    },
    {
      "line": "I feel so round",
      "annotations": {},
      "timestamp": "0"
    },
    {
      "line": "Maybe there is more about",
      "annotations": {},
      "timestamp": "0"
    },
    {
      "line": "Oh I feel this is over",
      "annotations": {},
      "timestamp": "0"
    },
    {
      "line": "",
      "annotations": {},
      "timestamp": "0"
    },
    {
      "line": "[Bridge 1]",
      "annotations": {},
      "timestamp": "0"
    },
    {
      "line": "Do I ever see myself so fawn",
      "annotations": {},
      "timestamp": "0"
    },
    {
      "line": "Do I ever feel this out of mind",
      "annotations": {},
      "timestamp": "0"
    },
    {
      "line": "",
      "annotations": {},
      "timestamp": "0"
    },
    {
      "line": "[Verse 2]",
      "annotations": {},
      "timestamp": "0"
    },
    {
      "line": "Willing, not deceiving",
      "annotations": {},
      "timestamp": "0"
    },
    {
      "line": "But this isn’t how I'm feeling",
      "annotations": {},
      "timestamp": "0"
    },
    {
      "line": "I don’t want this heartbreak",
      "annotations": {},
      "timestamp": "0"
    },
    {
      "line": "I don’t want this heart so forlorn",
      "annotations": {},
      "timestamp": "0"
    },
    {
      "line": "",
      "annotations": {},
      "timestamp": "0"
    },
    {
      "line": "[Bridge 2]",
      "annotations": {},
      "timestamp": "0"
    },
    {
      "line": "How it ever feels when I'm on my own",
      "annotations": {},
      "timestamp": "0"
    },
    {
      "line": "Am I staring at save mе now",
      "annotations": {},
      "timestamp": "0"
    },
    {
      "line": "",
      "annotations": {},
      "timestamp": "0"
    },
    {
      "line": "[Chorus]",
      "annotations": {},
      "timestamp": "0"
    },
    {
      "line": "I need you",
      "annotations": {},
      "timestamp": "0"
    },
    {
      "line": "In my sin",
      "annotations": {},
      "timestamp": "0"
    },
    {
      "line": "damn, I need you on my skin",
      "annotations": {},
      "timestamp": "0"
    },
    {
      "line": "Is it obvious",
      "annotations": {},
      "timestamp": "0"
    },
    {
      "line": "Who I wanna save",
      "annotations": {},
      "timestamp": "0"
    },
    {
      "line": "He runs",
      "annotations": {},
      "timestamp": "0"
    },
    {
      "line": "Is it obvious, I'm my thoughts",
      "annotations": {},
      "timestamp": "0"
    },
    {
      "line": "I’m knotted",
      "annotations": {},
      "timestamp": "0"
    },
    {
      "line": "",
      "annotations": {},
      "timestamp": "0"
    },
    {
      "line": "[Outro]",
      "annotations": {},
      "timestamp": "0"
    },
    {
      "line": "Obvious, I'm not covеtous",
      "annotations": {},
      "timestamp": "0"
    },
    {
      "line": "I just want your love, girl he’s unto us",
      "annotations": {},
      "timestamp": "0"
    },
    {
      "line": "That’s cupid, girl he’s unto us",
      "annotations": {},
      "timestamp": "0"
    },
    {
      "line": "And he is coming with an arrow",
      "annotations": {},
      "timestamp": "0"
    },
    {
      "line": "And we got no bows",
      "annotations": {},
      "timestamp": "0"
    }
  ]
}