{
  "song_title": "Boss woman",
  "writer": "Frith Hilton",
  "release_date": "January 14, 2024",
  "cover": "https://frithhilton.com.ng/musicpool/covers/10/237.jpg",
  "id": "237",
  "lyrics": [
    {
      "line": "[Intro]",
      "annotations": {},
      "timestamp": "0"
    },
    {
      "line": "I wish I could go back",
      "annotations": {},
      "timestamp": "0"
    },
    {
      "line": "Take my heart to the old hag",
      "annotations": {},
      "timestamp": "0"
    },
    {
      "line": "I would say I was better",
      "annotations": {},
      "timestamp": "0"
    },
    {
      "line": "Without you",
      "annotations": {},
      "timestamp": "0"
    },
    {
      "line": "",
      "annotations": {},
      "timestamp": "0"
    },
    {
      "line": "[Verse 1]",
      "annotations": {},
      "timestamp": "0"
    },
    {
      "line": "Don’t say my name",
      "annotations": {},
      "timestamp": "0"
    },
    {
      "line": "It don’t sound good outta your mouth",
      "annotations": {},
      "timestamp": "0"
    },
    {
      "line": "Don’t call it pain",
      "annotations": {},
      "timestamp": "0"
    },
    {
      "line": "It don’t matter when it’s not a frown",
      "annotations": {},
      "timestamp": "0"
    },
    {
      "line": "I know myself",
      "annotations": {},
      "timestamp": "0"
    },
    {
      "line": "You don’t need to call me out",
      "annotations": {},
      "timestamp": "0"
    },
    {
      "line": "I know my steps",
      "annotations": {},
      "timestamp": "0"
    },
    {
      "line": "I took them right",
      "annotations": {},
      "timestamp": "0"
    },
    {
      "line": "With the devil, these legs",
      "annotations": {},
      "timestamp": "0"
    },
    {
      "line": "",
      "annotations": {},
      "timestamp": "0"
    },
    {
      "line": "[Verse 2]",
      "annotations": {},
      "timestamp": "0"
    },
    {
      "line": "Too much",
      "annotations": {},
      "timestamp": "0"
    },
    {
      "line": "All you ever say is too much",
      "annotations": {},
      "timestamp": "0"
    },
    {
      "line": "Who is hurt",
      "annotations": {},
      "timestamp": "0"
    },
    {
      "line": "I wouldn’t really know",
      "annotations": {},
      "timestamp": "0"
    },
    {
      "line": "I’m too bothered with others",
      "annotations": {},
      "timestamp": "0"
    },
    {
      "line": "I’m too botched up",
      "annotations": {},
      "timestamp": "0"
    },
    {
      "line": "You bother",
      "annotations": {},
      "timestamp": "0"
    },
    {
      "line": "But I'm still your spectacle",
      "annotations": {},
      "timestamp": "0"
    },
    {
      "line": "In this glass",
      "annotations": {},
      "timestamp": "0"
    },
    {
      "line": "Tryna get a receptacle",
      "annotations": {},
      "timestamp": "0"
    },
    {
      "line": "Whining myself out of my mind",
      "annotations": {},
      "timestamp": "0"
    },
    {
      "line": "Out of my mind",
      "annotations": {},
      "timestamp": "0"
    },
    {
      "line": "Is how I’ll love to flay",
      "annotations": {},
      "timestamp": "0"
    },
    {
      "line": "You do it, predict the way I’ll work hard",
      "annotations": {},
      "timestamp": "0"
    },
    {
      "line": "It’s all I will ever top now",
      "annotations": {},
      "timestamp": "0"
    },
    {
      "line": "",
      "annotations": {},
      "timestamp": "0"
    },
    {
      "line": "[Chorus]",
      "annotations": {},
      "timestamp": "0"
    },
    {
      "line": "Why are my times loving all on you",
      "annotations": {},
      "timestamp": "0"
    },
    {
      "line": "Why are my times loving all over on you",
      "annotations": {},
      "timestamp": "0"
    },
    {
      "line": "Why my time loving over on you",
      "annotations": {},
      "timestamp": "0"
    },
    {
      "line": "Why my time loving, although you ought",
      "annotations": {},
      "timestamp": "0"
    },
    {
      "line": "",
      "annotations": {},
      "timestamp": "0"
    },
    {
      "line": "[Verse 3]",
      "annotations": {},
      "timestamp": "0"
    },
    {
      "line": "Hi, bye time",
      "annotations": {},
      "timestamp": "0"
    },
    {
      "line": "Lover, wish you never take your turns",
      "annotations": {},
      "timestamp": "0"
    },
    {
      "line": "I should talk better",
      "annotations": {},
      "timestamp": "0"
    },
    {
      "line": "Say you’re a boss woman",
      "annotations": {},
      "timestamp": "0"
    },
    {
      "line": "Like he was better",
      "annotations": {},
      "timestamp": "0"
    },
    {
      "line": "Walk away, yes I'm better",
      "annotations": {},
      "timestamp": "0"
    },
    {
      "line": "Now I'm feeling like I'm known for better",
      "annotations": {},
      "timestamp": "0"
    },
    {
      "line": "I’m botched up",
      "annotations": {},
      "timestamp": "0"
    },
    {
      "line": "And my body is fatted up",
      "annotations": {},
      "timestamp": "0"
    },
    {
      "line": "I don’t know even know why I lost",
      "annotations": {},
      "timestamp": "0"
    },
    {
      "line": "It had a cause in . .",
      "annotations": {},
      "timestamp": "0"
    },
    {
      "line": "It’s my other my bothers",
      "annotations": {},
      "timestamp": "0"
    },
    {
      "line": "",
      "annotations": {},
      "timestamp": "0"
    },
    {
      "line": "[Outro]",
      "annotations": {},
      "timestamp": "0"
    },
    {
      "line": "Oh gawd",
      "annotations": {},
      "timestamp": "0"
    },
    {
      "line": "I like it",
      "annotations": {},
      "timestamp": "0"
    },
    {
      "line": "Now it’s time to just",
      "annotations": {},
      "timestamp": "0"
    },
    {
      "line": "Write something on this beautiful tune",
      "annotations": {},
      "timestamp": "0"
    },
    {
      "line": "Yeah",
      "annotations": {},
      "timestamp": "0"
    }
  ]
}