{
  "song_title": "Solid ground",
  "writer": "Frith Hilton",
  "release_date": "January 15, 2024",
  "cover": "https://frithhilton.com.ng/musicpool/covers/10/238.jpg",
  "id": "238",
  "lyrics": [
    {
      "line": "[Intro]",
      "annotations": {},
      "timestamp": "0"
    },
    {
      "line": "Oh oh",
      "annotations": {},
      "timestamp": "0"
    },
    {
      "line": "Do we ever say",
      "annotations": {},
      "timestamp": "0"
    },
    {
      "line": "Do we ever pay for all the hurt",
      "annotations": {},
      "timestamp": "0"
    },
    {
      "line": "",
      "annotations": {},
      "timestamp": "0"
    },
    {
      "line": "[Verse 1]",
      "annotations": {},
      "timestamp": "0"
    },
    {
      "line": "I’m lost on my own",
      "annotations": {},
      "timestamp": "0"
    },
    {
      "line": "Girl don’t until you do",
      "annotations": {},
      "timestamp": "0"
    },
    {
      "line": "Girl I'm dust on my own",
      "annotations": {},
      "timestamp": "0"
    },
    {
      "line": "I love when I look in your fair",
      "annotations": {},
      "timestamp": "0"
    },
    {
      "line": "Help me catch a phrase of your thought again",
      "annotations": {},
      "timestamp": "0"
    },
    {
      "line": "Help me catch a face of your thought again",
      "annotations": {},
      "timestamp": "0"
    },
    {
      "line": "It’s real",
      "annotations": {},
      "timestamp": "0"
    },
    {
      "line": "Having a year old",
      "annotations": {},
      "timestamp": "0"
    },
    {
      "line": "My love for you is feeling of odin",
      "annotations": {},
      "timestamp": "0"
    },
    {
      "line": "I’m not lost in my conscience",
      "annotations": {},
      "timestamp": "0"
    },
    {
      "line": "Talking about this all over again",
      "annotations": {},
      "timestamp": "0"
    },
    {
      "line": "All over again",
      "annotations": {},
      "timestamp": "0"
    },
    {
      "line": "I could take my poet away",
      "annotations": {},
      "timestamp": "0"
    },
    {
      "line": "I could face my demons",
      "annotations": {},
      "timestamp": "0"
    },
    {
      "line": "I could take this caller all the away",
      "annotations": {},
      "timestamp": "0"
    },
    {
      "line": "With this heart",
      "annotations": {},
      "timestamp": "0"
    },
    {
      "line": "With this heart of mine",
      "annotations": {},
      "timestamp": "0"
    },
    {
      "line": "With this solid ground",
      "annotations": {},
      "timestamp": "0"
    },
    {
      "line": "I call all of mine to",
      "annotations": {},
      "timestamp": "0"
    },
    {
      "line": "How you have it",
      "annotations": {},
      "timestamp": "0"
    },
    {
      "line": "Talking about this heartache",
      "annotations": {},
      "timestamp": "0"
    },
    {
      "line": "I need mine, it’s over",
      "annotations": {},
      "timestamp": "0"
    },
    {
      "line": "It’s you",
      "annotations": {},
      "timestamp": "0"
    },
    {
      "line": "Every other time it’s you",
      "annotations": {},
      "timestamp": "0"
    },
    {
      "line": "I tell my time for two",
      "annotations": {},
      "timestamp": "0"
    },
    {
      "line": "Not more than two again",
      "annotations": {},
      "timestamp": "0"
    },
    {
      "line": "Girl it’s you",
      "annotations": {},
      "timestamp": "0"
    },
    {
      "line": "I talk more shit for two",
      "annotations": {},
      "timestamp": "0"
    },
    {
      "line": "Not more than two again",
      "annotations": {},
      "timestamp": "0"
    },
    {
      "line": "",
      "annotations": {},
      "timestamp": "0"
    },
    {
      "line": "[Verse 2]",
      "annotations": {},
      "timestamp": "0"
    },
    {
      "line": "Big boy in the fucking club",
      "annotations": {},
      "timestamp": "0"
    },
    {
      "line": "Feeling like a toy",
      "annotations": {},
      "timestamp": "0"
    },
    {
      "line": "Big doll in the damn club",
      "annotations": {},
      "timestamp": "0"
    },
    {
      "line": "Feeling like she’s got the cotch",
      "annotations": {},
      "timestamp": "0"
    },
    {
      "line": "Just ignore the other",
      "annotations": {},
      "timestamp": "0"
    },
    {
      "line": "It starts this love that’s bothers",
      "annotations": {},
      "timestamp": "0"
    },
    {
      "line": "It’s just this love that’s bothering",
      "annotations": {},
      "timestamp": "0"
    },
    {
      "line": "My damn soul",
      "annotations": {},
      "timestamp": "0"
    },
    {
      "line": "If you can’t get enough",
      "annotations": {},
      "timestamp": "0"
    },
    {
      "line": "I’ma just choke on all I’ve bought",
      "annotations": {},
      "timestamp": "0"
    },
    {
      "line": "All I’ve bought",
      "annotations": {},
      "timestamp": "0"
    },
    {
      "line": "Tell me it’s not enough",
      "annotations": {},
      "timestamp": "0"
    },
    {
      "line": "I need you to be",
      "annotations": {},
      "timestamp": "0"
    },
    {
      "line": "Blanket from this dawn",
      "annotations": {},
      "timestamp": "0"
    }
  ]
}