{
  "song_title": "Waves",
  "writer": "Frith Hilton",
  "release_date": "July 14, 2022",
  "cover": "https://frithhilton.com.ng/musicpool/covers/5/101.jpg",
  "mp3_url": "https://frithhilton.com.ng/mp3/5/10.) Waves.mp3",
  "duration": 127.16408163265307,
  "id": "101",
  "lyrics": [
    {
      "line": "[Intro]",
      "annotations": {},
      "timestamp": "0"
    },
    {
      "line": "Family still indifferent",
      "annotations": {},
      "timestamp": "0"
    },
    {
      "line": "In pastime I'm feeling like me time",
      "annotations": {},
      "timestamp": "0"
    },
    {
      "line": "(laughing)",
      "annotations": {},
      "timestamp": "0"
    },
    {
      "line": "I just laugh when I see people dreaming of old money",
      "annotations": {},
      "timestamp": "0"
    },
    {
      "line": "To me it’s like whistling",
      "annotations": {},
      "timestamp": "0"
    },
    {
      "line": "But I'm being inspired by so many people",
      "annotations": {},
      "timestamp": "0"
    },
    {
      "line": "And my family has changed",
      "annotations": {},
      "timestamp": "0"
    },
    {
      "line": "That isn’t bad",
      "annotations": {},
      "timestamp": "0"
    },
    {
      "line": "",
      "annotations": {},
      "timestamp": "0"
    },
    {
      "line": "[Verse 1]",
      "annotations": {},
      "timestamp": "0"
    },
    {
      "line": "Dancing with a mop",
      "annotations": {},
      "timestamp": "0"
    },
    {
      "line": "That’s a romp you better stop",
      "annotations": {},
      "timestamp": "0"
    },
    {
      "line": "When the beat comes up",
      "annotations": {},
      "timestamp": "0"
    },
    {
      "line": "It’s a thud not a whump",
      "annotations": {},
      "timestamp": "0"
    },
    {
      "line": "Switching shifts still I had the chassis loose",
      "annotations": {},
      "timestamp": "0"
    },
    {
      "line": "Sleeping slips",
      "annotations": {},
      "timestamp": "0"
    },
    {
      "line": "P ss slits",
      "annotations": {},
      "timestamp": "0"
    },
    {
      "line": "It’s a missed hit",
      "annotations": {},
      "timestamp": "0"
    },
    {
      "line": "Mating bagels, mind my microphone",
      "annotations": {},
      "timestamp": "0"
    },
    {
      "line": "Loser pitch",
      "annotations": {},
      "timestamp": "0"
    },
    {
      "line": "That’s my stitch",
      "annotations": {},
      "timestamp": "0"
    },
    {
      "line": "Still plying with receipts",
      "annotations": {},
      "timestamp": "0"
    },
    {
      "line": "Impatient that makes it stick",
      "annotations": {},
      "timestamp": "0"
    },
    {
      "line": "Reek ditch",
      "annotations": {},
      "timestamp": "0"
    },
    {
      "line": "Frith back",
      "annotations": {},
      "timestamp": "0"
    },
    {
      "line": "Whist! whist!",
      "annotations": {},
      "timestamp": "0"
    },
    {
      "line": "Frith back",
      "annotations": {},
      "timestamp": "0"
    },
    {
      "line": "Wish! wish!",
      "annotations": {},
      "timestamp": "0"
    },
    {
      "line": "Missing time so precedent",
      "annotations": {},
      "timestamp": "0"
    },
    {
      "line": "Far gone how callous",
      "annotations": {},
      "timestamp": "0"
    },
    {
      "line": "Me, myself, and I",
      "annotations": {},
      "timestamp": "0"
    },
    {
      "line": "I say bye byе",
      "annotations": {},
      "timestamp": "0"
    },
    {
      "line": "Piety that’s what’s time",
      "annotations": {},
      "timestamp": "0"
    },
    {
      "line": "Falling in and out of memе",
      "annotations": {},
      "timestamp": "0"
    },
    {
      "line": "It’s time to let it in",
      "annotations": {},
      "timestamp": "0"
    },
    {
      "line": "Myriad of wants",
      "annotations": {},
      "timestamp": "0"
    },
    {
      "line": "Bottle for sports",
      "annotations": {},
      "timestamp": "0"
    },
    {
      "line": "Instinct, mental prison",
      "annotations": {},
      "timestamp": "0"
    },
    {
      "line": "Period, see saw",
      "annotations": {},
      "timestamp": "0"
    },
    {
      "line": "Looking like I got a girl from the seashore",
      "annotations": {},
      "timestamp": "0"
    },
    {
      "line": "You should have seen what she saw",
      "annotations": {},
      "timestamp": "0"
    },
    {
      "line": "Brows off that pasture",
      "annotations": {},
      "timestamp": "0"
    },
    {
      "line": "Meshed in shark get the picture",
      "annotations": {},
      "timestamp": "0"
    },
    {
      "line": "Dui, an assurance that I'm still myself",
      "annotations": {},
      "timestamp": "0"
    },
    {
      "line": "Probity bucks like who’s ever worked that shelf",
      "annotations": {},
      "timestamp": "0"
    },
    {
      "line": "Make it rain like april",
      "annotations": {},
      "timestamp": "0"
    },
    {
      "line": "Mines in store like reek of ill",
      "annotations": {},
      "timestamp": "0"
    },
    {
      "line": "Thoughts off foe like dream of this",
      "annotations": {},
      "timestamp": "0"
    },
    {
      "line": "Still rocking with the boom bap",
      "annotations": {},
      "timestamp": "0"
    },
    {
      "line": "Parity live and let live",
      "annotations": {},
      "timestamp": "0"
    },
    {
      "line": "Sip till I fucking get to breathe",
      "annotations": {},
      "timestamp": "0"
    },
    {
      "line": "Me on a jesus piece",
      "annotations": {},
      "timestamp": "0"
    },
    {
      "line": "That’s a sleeve ease",
      "annotations": {},
      "timestamp": "0"
    },
    {
      "line": "Till I hit the slit",
      "annotations": {},
      "timestamp": "0"
    },
    {
      "line": "I’ma still hold every form remain lit",
      "annotations": {},
      "timestamp": "0"
    }
  ]
}