{
  "song_title": "Addison Rae",
  "writer": "Frith Hilton",
  "release_date": "August 23, 2022",
  "cover": "https://frithhilton.com.ng/musicpool/covers/5/102.jpg",
  "mp3_url": "https://frithhilton.com.ng/mp3/5/11.) Addison Rae.mp3",
  "duration": 109.4530612244898,
  "id": "102",
  "lyrics": [
    {
      "line": "[Intro]",
      "annotations": {},
      "timestamp": "0"
    },
    {
      "line": "Whoa oh",
      "annotations": {},
      "timestamp": "0"
    },
    {
      "line": "Hey",
      "annotations": {},
      "timestamp": "0"
    },
    {
      "line": "And you know we do it",
      "annotations": {},
      "timestamp": "0"
    },
    {
      "line": "I’m not over addison",
      "annotations": {},
      "timestamp": "0"
    },
    {
      "line": "I just had to say it roam",
      "annotations": {},
      "timestamp": "0"
    },
    {
      "line": "",
      "annotations": {},
      "timestamp": "0"
    },
    {
      "line": "[Verse 1]",
      "annotations": {},
      "timestamp": "0"
    },
    {
      "line": "It’s the logophile with another amnion",
      "annotations": {},
      "timestamp": "0"
    },
    {
      "line": "Whoa oh",
      "annotations": {},
      "timestamp": "0"
    },
    {
      "line": "Chary with my words",
      "annotations": {},
      "timestamp": "0"
    },
    {
      "line": "I don’t ever carry",
      "annotations": {},
      "timestamp": "0"
    },
    {
      "line": "Load of patootie",
      "annotations": {},
      "timestamp": "0"
    },
    {
      "line": "She’s got me on a ladle",
      "annotations": {},
      "timestamp": "0"
    },
    {
      "line": "Cordon round my shen",
      "annotations": {},
      "timestamp": "0"
    },
    {
      "line": "How you bound me with a sn tch",
      "annotations": {},
      "timestamp": "0"
    },
    {
      "line": "Cortège in the pool",
      "annotations": {},
      "timestamp": "0"
    },
    {
      "line": "I’m unto her coiffure",
      "annotations": {},
      "timestamp": "0"
    },
    {
      "line": "Like a winning door",
      "annotations": {},
      "timestamp": "0"
    },
    {
      "line": "Katharevousa",
      "annotations": {},
      "timestamp": "0"
    },
    {
      "line": "Come and christian me dior",
      "annotations": {},
      "timestamp": "0"
    },
    {
      "line": "I quill a poem, if she’ll let me have it",
      "annotations": {},
      "timestamp": "0"
    },
    {
      "line": "Potpourri her winning answer",
      "annotations": {},
      "timestamp": "0"
    },
    {
      "line": "Addison ejecting hanker",
      "annotations": {},
      "timestamp": "0"
    },
    {
      "line": "Bye to the loo",
      "annotations": {},
      "timestamp": "0"
    },
    {
      "line": "Former thoughts on how I am having you",
      "annotations": {},
      "timestamp": "0"
    },
    {
      "line": "Doggerel on the shoo",
      "annotations": {},
      "timestamp": "0"
    },
    {
      "line": "Your bum poky salacious",
      "annotations": {},
      "timestamp": "0"
    },
    {
      "line": "Attuned to my nature",
      "annotations": {},
      "timestamp": "0"
    },
    {
      "line": "Acclaiming, you’re voluptuous",
      "annotations": {},
      "timestamp": "0"
    },
    {
      "line": "Tongue in hеre like I'm newton",
      "annotations": {},
      "timestamp": "0"
    },
    {
      "line": "Banging likе a new sheen",
      "annotations": {},
      "timestamp": "0"
    },
    {
      "line": "damning that’s a new . . . that’s off the grill",
      "annotations": {},
      "timestamp": "0"
    },
    {
      "line": "",
      "annotations": {},
      "timestamp": "0"
    },
    {
      "line": "[Verse 2]",
      "annotations": {},
      "timestamp": "0"
    },
    {
      "line": "Addison, you’ve got me vociferous",
      "annotations": {},
      "timestamp": "0"
    },
    {
      "line": "Penning so impetuous",
      "annotations": {},
      "timestamp": "0"
    },
    {
      "line": "Impassioned to a fizzy sprawl",
      "annotations": {},
      "timestamp": "0"
    },
    {
      "line": "Shrieking off a raki lust",
      "annotations": {},
      "timestamp": "0"
    },
    {
      "line": "Dreaming this in nature’s chores",
      "annotations": {},
      "timestamp": "0"
    },
    {
      "line": "Togs off bathing in deliquesce",
      "annotations": {},
      "timestamp": "0"
    },
    {
      "line": "Pr cking off a page so just",
      "annotations": {},
      "timestamp": "0"
    },
    {
      "line": "Love you like a granny’s dutch",
      "annotations": {},
      "timestamp": "0"
    },
    {
      "line": "Here is mummy’s hutch",
      "annotations": {},
      "timestamp": "0"
    },
    {
      "line": "Be mine, a grokking much",
      "annotations": {},
      "timestamp": "0"
    },
    {
      "line": "Lunching off your bum hump pad",
      "annotations": {},
      "timestamp": "0"
    },
    {
      "line": "Beauty like an akimbo stand",
      "annotations": {},
      "timestamp": "0"
    },
    {
      "line": "Voice, dulcet rose gold",
      "annotations": {},
      "timestamp": "0"
    },
    {
      "line": "Face stormy petrel dish",
      "annotations": {},
      "timestamp": "0"
    },
    {
      "line": "I think I hear baby cries",
      "annotations": {},
      "timestamp": "0"
    }
  ]
}