{
  "song_title": "Skyline grey",
  "writer": "Frith Hilton",
  "release_date": "August 31, 2022",
  "cover": "https://frithhilton.com.ng/musicpool/covers/5/104.jpg",
  "mp3_url": "https://frithhilton.com.ng/mp3/5/13.) Skyline grey.mp3",
  "duration": 165.7991836734694,
  "id": "104",
  "lyrics": [
    {
      "line": "[Verse 1]",
      "annotations": {},
      "timestamp": "0"
    },
    {
      "line": "Can’t get over you",
      "annotations": {},
      "timestamp": "0"
    },
    {
      "line": "Can’t get over you",
      "annotations": {},
      "timestamp": "0"
    },
    {
      "line": "Out of my head is where I need you",
      "annotations": {},
      "timestamp": "0"
    },
    {
      "line": "Feel through",
      "annotations": {},
      "timestamp": "0"
    },
    {
      "line": "So see through",
      "annotations": {},
      "timestamp": "0"
    },
    {
      "line": "fuck shit up",
      "annotations": {},
      "timestamp": "0"
    },
    {
      "line": "Sombre flush",
      "annotations": {},
      "timestamp": "0"
    },
    {
      "line": "She k!lling my vibe",
      "annotations": {},
      "timestamp": "0"
    },
    {
      "line": "Some shit’s off",
      "annotations": {},
      "timestamp": "0"
    },
    {
      "line": "Fuss shrieks surf",
      "annotations": {},
      "timestamp": "0"
    },
    {
      "line": "Why you k!lling my vibe",
      "annotations": {},
      "timestamp": "0"
    },
    {
      "line": "Cos you’re my lover",
      "annotations": {},
      "timestamp": "0"
    },
    {
      "line": "Put you afloat every other",
      "annotations": {},
      "timestamp": "0"
    },
    {
      "line": "Push come to shove",
      "annotations": {},
      "timestamp": "0"
    },
    {
      "line": "Remote carry orders",
      "annotations": {},
      "timestamp": "0"
    },
    {
      "line": "Skyline feels so grey",
      "annotations": {},
      "timestamp": "0"
    },
    {
      "line": "Dissipate what a waste",
      "annotations": {},
      "timestamp": "0"
    },
    {
      "line": "Buds don’t taste",
      "annotations": {},
      "timestamp": "0"
    },
    {
      "line": "fuck it",
      "annotations": {},
      "timestamp": "0"
    },
    {
      "line": "I’ma let it go all to waste",
      "annotations": {},
      "timestamp": "0"
    },
    {
      "line": "",
      "annotations": {},
      "timestamp": "0"
    },
    {
      "line": "[Chorus]",
      "annotations": {},
      "timestamp": "0"
    },
    {
      "line": "Can we do it all again",
      "annotations": {},
      "timestamp": "0"
    },
    {
      "line": "I can’t just weep through this pain",
      "annotations": {},
      "timestamp": "0"
    },
    {
      "line": "Can we do it all again",
      "annotations": {},
      "timestamp": "0"
    },
    {
      "line": "I can’t just weep through all these pain",
      "annotations": {},
      "timestamp": "0"
    },
    {
      "line": "",
      "annotations": {},
      "timestamp": "0"
    },
    {
      "line": "[Verse 2]",
      "annotations": {},
      "timestamp": "0"
    },
    {
      "line": "Sometimes I just want you outta my mind",
      "annotations": {},
      "timestamp": "0"
    },
    {
      "line": "How you got me hanging all the time",
      "annotations": {},
      "timestamp": "0"
    },
    {
      "line": "Maze of feels",
      "annotations": {},
      "timestamp": "0"
    },
    {
      "line": "Teasing k!lls",
      "annotations": {},
      "timestamp": "0"
    },
    {
      "line": "Sleeping pills so undulated",
      "annotations": {},
      "timestamp": "0"
    },
    {
      "line": "Hallucinations sеrrated",
      "annotations": {},
      "timestamp": "0"
    },
    {
      "line": "I just want you outta my goddamn head",
      "annotations": {},
      "timestamp": "0"
    },
    {
      "line": "Bleeding through thesе fears",
      "annotations": {},
      "timestamp": "0"
    },
    {
      "line": "Don’t tell me I need a pacer",
      "annotations": {},
      "timestamp": "0"
    },
    {
      "line": "I just wanna erase ya",
      "annotations": {},
      "timestamp": "0"
    },
    {
      "line": "Right here got me feeling I can’t replace ya",
      "annotations": {},
      "timestamp": "0"
    },
    {
      "line": "Sum it up for a taste of your love",
      "annotations": {},
      "timestamp": "0"
    },
    {
      "line": "",
      "annotations": {},
      "timestamp": "0"
    },
    {
      "line": "[Chorus]",
      "annotations": {},
      "timestamp": "0"
    },
    {
      "line": "Can we do it all again",
      "annotations": {},
      "timestamp": "0"
    },
    {
      "line": "I can’t just weep through this pain",
      "annotations": {},
      "timestamp": "0"
    },
    {
      "line": "Can we do it all again",
      "annotations": {},
      "timestamp": "0"
    },
    {
      "line": "I can’t just weep through all these pain",
      "annotations": {},
      "timestamp": "0"
    }
  ]
}