{
  "song_title": "Superficial",
  "writer": "Frith Hilton",
  "release_date": "August 10, 2022",
  "cover": "https://frithhilton.com.ng/musicpool/covers/5/111.jpg",
  "mp3_url": "https://frithhilton.com.ng/mp3/5/20.) Superficial.mp3",
  "duration": 165.01551020408164,
  "id": "111",
  "lyrics": [
    {
      "line": "[Chorus]",
      "annotations": {},
      "timestamp": "0"
    },
    {
      "line": "Waking up superficial",
      "annotations": {},
      "timestamp": "0"
    },
    {
      "line": "It’s official, I'm full of vanity",
      "annotations": {},
      "timestamp": "0"
    },
    {
      "line": "Waking up superficial",
      "annotations": {},
      "timestamp": "0"
    },
    {
      "line": "It’s official, I'm full of vanity",
      "annotations": {},
      "timestamp": "0"
    },
    {
      "line": "",
      "annotations": {},
      "timestamp": "0"
    },
    {
      "line": "[Verse 1]",
      "annotations": {},
      "timestamp": "0"
    },
    {
      "line": "And my mind don’t pull at the wish right",
      "annotations": {},
      "timestamp": "0"
    },
    {
      "line": "And my love don’t say it; you through with tan?",
      "annotations": {},
      "timestamp": "0"
    },
    {
      "line": "Oh oh, it is official",
      "annotations": {},
      "timestamp": "0"
    },
    {
      "line": "Superficial, I'm filled with vanity",
      "annotations": {},
      "timestamp": "0"
    },
    {
      "line": "I love a girl but I won’t say",
      "annotations": {},
      "timestamp": "0"
    },
    {
      "line": "I love her body but I won’t tell",
      "annotations": {},
      "timestamp": "0"
    },
    {
      "line": "I love her heart but it’s not on dell",
      "annotations": {},
      "timestamp": "0"
    },
    {
      "line": "I’m not sure what is wrong now",
      "annotations": {},
      "timestamp": "0"
    },
    {
      "line": "I just feel like I am lost, running on this lie",
      "annotations": {},
      "timestamp": "0"
    },
    {
      "line": "Like up, up, men I need a fat seater",
      "annotations": {},
      "timestamp": "0"
    },
    {
      "line": "I don’t give a fuck, fissured set",
      "annotations": {},
      "timestamp": "0"
    },
    {
      "line": "That’s not right",
      "annotations": {},
      "timestamp": "0"
    },
    {
      "line": "Beam my damn phone, I don’t see",
      "annotations": {},
      "timestamp": "0"
    },
    {
      "line": "Curses not right",
      "annotations": {},
      "timestamp": "0"
    },
    {
      "line": "Pour my thoughts on you",
      "annotations": {},
      "timestamp": "0"
    },
    {
      "line": "Something is not right",
      "annotations": {},
      "timestamp": "0"
    },
    {
      "line": "Up",
      "annotations": {},
      "timestamp": "0"
    },
    {
      "line": "I’ve been up, it’s for a while now",
      "annotations": {},
      "timestamp": "0"
    },
    {
      "line": "Up",
      "annotations": {},
      "timestamp": "0"
    },
    {
      "line": "Something is not right, nor right",
      "annotations": {},
      "timestamp": "0"
    },
    {
      "line": "",
      "annotations": {},
      "timestamp": "0"
    },
    {
      "line": "[Verse 2]",
      "annotations": {},
      "timestamp": "0"
    },
    {
      "line": "He’s superficial, yes, it is official",
      "annotations": {},
      "timestamp": "0"
    },
    {
      "line": "I’m on toodle oo",
      "annotations": {},
      "timestamp": "0"
    },
    {
      "line": "What I want to say is I don’t miss you",
      "annotations": {},
      "timestamp": "0"
    },
    {
      "line": "Oh no girl, I don’t miss you",
      "annotations": {},
      "timestamp": "0"
    },
    {
      "line": "I just want you out my heart, it’s official",
      "annotations": {},
      "timestamp": "0"
    },
    {
      "line": "Yeah, I am superficial, I don’t give a fuck",
      "annotations": {},
      "timestamp": "0"
    },
    {
      "line": "I don’t give a fuck, I just want to cry myself to sleep",
      "annotations": {},
      "timestamp": "0"
    },
    {
      "line": "I don’t want her ass, see thе pretty yeah?",
      "annotations": {},
      "timestamp": "0"
    },
    {
      "line": "Only once? it’s a pity yеah",
      "annotations": {},
      "timestamp": "0"
    },
    {
      "line": "I just want to cry myself to sleep",
      "annotations": {},
      "timestamp": "0"
    },
    {
      "line": "But it’s too many thots in my head now",
      "annotations": {},
      "timestamp": "0"
    },
    {
      "line": "Yeah, I see I better lose it",
      "annotations": {},
      "timestamp": "0"
    },
    {
      "line": "So I top my love on a pudding",
      "annotations": {},
      "timestamp": "0"
    },
    {
      "line": "Yeah, I let her; pretty",
      "annotations": {},
      "timestamp": "0"
    },
    {
      "line": "I don’t care though",
      "annotations": {},
      "timestamp": "0"
    },
    {
      "line": "I just did a fucking front line",
      "annotations": {},
      "timestamp": "0"
    },
    {
      "line": "In the same place, the same scene",
      "annotations": {},
      "timestamp": "0"
    },
    {
      "line": "The same problems and the same pain",
      "annotations": {},
      "timestamp": "0"
    },
    {
      "line": "I don’t really know, what is his problem",
      "annotations": {},
      "timestamp": "0"
    },
    {
      "line": "If he is seen zany",
      "annotations": {},
      "timestamp": "0"
    },
    {
      "line": "Uh oh",
      "annotations": {},
      "timestamp": "0"
    },
    {
      "line": "No I'm not insane, I just feel low",
      "annotations": {},
      "timestamp": "0"
    },
    {
      "line": "",
      "annotations": {},
      "timestamp": "0"
    },
    {
      "line": "[Chorus 2]",
      "annotations": {},
      "timestamp": "0"
    },
    {
      "line": "It’s official, yeah, I am superficial",
      "annotations": {},
      "timestamp": "0"
    },
    {
      "line": "Alone with your love",
      "annotations": {},
      "timestamp": "0"
    },
    {
      "line": "If this is love, will she feel the same?",
      "annotations": {},
      "timestamp": "0"
    },
    {
      "line": "",
      "annotations": {},
      "timestamp": "0"
    },
    {
      "line": "[Outro]",
      "annotations": {},
      "timestamp": "0"
    },
    {
      "line": "It’s official, I'm with your love girl",
      "annotations": {},
      "timestamp": "0"
    },
    {
      "line": "My way superficial, help dissuade love",
      "annotations": {},
      "timestamp": "0"
    },
    {
      "line": "No, it is official, I don’t want your love girl",
      "annotations": {},
      "timestamp": "0"
    },
    {
      "line": "I don’t want your love, comma’s lost, superficial",
      "annotations": {},
      "timestamp": "0"
    },
    {
      "line": "And I want your body",
      "annotations": {},
      "timestamp": "0"
    },
    {
      "line": "We should party by objecting",
      "annotations": {},
      "timestamp": "0"
    },
    {
      "line": "Every fucking time cos I am stuck in the tangle",
      "annotations": {},
      "timestamp": "0"
    },
    {
      "line": "Of I don’t feel, but I don’t want to get caught up",
      "annotations": {},
      "timestamp": "0"
    },
    {
      "line": "Oh men, I'm in a mess",
      "annotations": {},
      "timestamp": "0"
    },
    {
      "line": "This is like my personal freestyle",
      "annotations": {},
      "timestamp": "0"
    },
    {
      "line": "Yeah, I think I",
      "annotations": {},
      "timestamp": "0"
    }
  ]
}