{
  "song_title": "Tears to my heart",
  "writer": "Frith Hilton",
  "release_date": "August 12, 2022",
  "cover": "https://frithhilton.com.ng/musicpool/covers/5/113.jpg",
  "mp3_url": "https://frithhilton.com.ng/mp3/5/22.) Tears to my heart.mp3",
  "duration": 160.10448979591837,
  "id": "113",
  "lyrics": [
    {
      "line": "[Chorus]",
      "annotations": {},
      "timestamp": "0"
    },
    {
      "line": "Is that the end of our fairy tale?",
      "annotations": {},
      "timestamp": "0"
    },
    {
      "line": "Do we get it . . . a gale?",
      "annotations": {},
      "timestamp": "0"
    },
    {
      "line": "Do we get a rerun?",
      "annotations": {},
      "timestamp": "0"
    },
    {
      "line": "Does your heart go baulky?",
      "annotations": {},
      "timestamp": "0"
    },
    {
      "line": "Do we get a rerun?",
      "annotations": {},
      "timestamp": "0"
    },
    {
      "line": "Do I get an understudy?",
      "annotations": {},
      "timestamp": "0"
    },
    {
      "line": "I’m rounded",
      "annotations": {},
      "timestamp": "0"
    },
    {
      "line": "Come out running",
      "annotations": {},
      "timestamp": "0"
    },
    {
      "line": "Tears to my heart",
      "annotations": {},
      "timestamp": "0"
    },
    {
      "line": "They do a hundred a day",
      "annotations": {},
      "timestamp": "0"
    },
    {
      "line": "",
      "annotations": {},
      "timestamp": "0"
    },
    {
      "line": "[Verse 1]",
      "annotations": {},
      "timestamp": "0"
    },
    {
      "line": "Mulling, I'm mulling my neck",
      "annotations": {},
      "timestamp": "0"
    },
    {
      "line": "This breakdown",
      "annotations": {},
      "timestamp": "0"
    },
    {
      "line": "This wake crayon",
      "annotations": {},
      "timestamp": "0"
    },
    {
      "line": "Heavy on",
      "annotations": {},
      "timestamp": "0"
    },
    {
      "line": "Hurry on they say",
      "annotations": {},
      "timestamp": "0"
    },
    {
      "line": "I cry, you cry",
      "annotations": {},
      "timestamp": "0"
    },
    {
      "line": "Hurry on",
      "annotations": {},
      "timestamp": "0"
    },
    {
      "line": "Oh, we humps, we say",
      "annotations": {},
      "timestamp": "0"
    },
    {
      "line": "You cry, you cry",
      "annotations": {},
      "timestamp": "0"
    },
    {
      "line": "I try, I try",
      "annotations": {},
      "timestamp": "0"
    },
    {
      "line": "To buy my life",
      "annotations": {},
      "timestamp": "0"
    },
    {
      "line": "",
      "annotations": {},
      "timestamp": "0"
    },
    {
      "line": "[Chorus]",
      "annotations": {},
      "timestamp": "0"
    },
    {
      "line": "Is that the end of our fairy tale?",
      "annotations": {},
      "timestamp": "0"
    },
    {
      "line": "Do we get it . . . a gale?",
      "annotations": {},
      "timestamp": "0"
    },
    {
      "line": "Do we get a rerun?",
      "annotations": {},
      "timestamp": "0"
    },
    {
      "line": "Does your heart go baulky?",
      "annotations": {},
      "timestamp": "0"
    },
    {
      "line": "Do we gеt a rerun?",
      "annotations": {},
      "timestamp": "0"
    },
    {
      "line": "Do I get an understudy?",
      "annotations": {},
      "timestamp": "0"
    },
    {
      "line": "I’m roundеd",
      "annotations": {},
      "timestamp": "0"
    },
    {
      "line": "Come out running",
      "annotations": {},
      "timestamp": "0"
    },
    {
      "line": "Tears to my heart",
      "annotations": {},
      "timestamp": "0"
    },
    {
      "line": "They do a hundred a day",
      "annotations": {},
      "timestamp": "0"
    },
    {
      "line": "The horror",
      "annotations": {},
      "timestamp": "0"
    },
    {
      "line": "",
      "annotations": {},
      "timestamp": "0"
    },
    {
      "line": "[Verse 2]",
      "annotations": {},
      "timestamp": "0"
    },
    {
      "line": "Hi, a drop from the sky you’re on",
      "annotations": {},
      "timestamp": "0"
    },
    {
      "line": "A cut",
      "annotations": {},
      "timestamp": "0"
    },
    {
      "line": "Face in my hand you lover of vain",
      "annotations": {},
      "timestamp": "0"
    },
    {
      "line": "Chase in the heart in the love of vain",
      "annotations": {},
      "timestamp": "0"
    },
    {
      "line": "Tears in my whine and you love a cane",
      "annotations": {},
      "timestamp": "0"
    },
    {
      "line": "Peek in my soul and you love a game",
      "annotations": {},
      "timestamp": "0"
    },
    {
      "line": "Prix in my lane, ever enough of vain?",
      "annotations": {},
      "timestamp": "0"
    },
    {
      "line": "Tears in my heart and you love a cam",
      "annotations": {},
      "timestamp": "0"
    },
    {
      "line": "Check in my heart; can you love again?",
      "annotations": {},
      "timestamp": "0"
    },
    {
      "line": "Shade in the high how you love a man",
      "annotations": {},
      "timestamp": "0"
    },
    {
      "line": "Peg in my heart when you love again",
      "annotations": {},
      "timestamp": "0"
    },
    {
      "line": "Tears in my heart; can you love again?",
      "annotations": {},
      "timestamp": "0"
    },
    {
      "line": "Pain on the hurt, can you thaw again?",
      "annotations": {},
      "timestamp": "0"
    },
    {
      "line": "If my peak on the sea, would you run again?",
      "annotations": {},
      "timestamp": "0"
    },
    {
      "line": "Tune in, turning, tune in",
      "annotations": {},
      "timestamp": "0"
    },
    {
      "line": "Holding, holding, holding",
      "annotations": {},
      "timestamp": "0"
    },
    {
      "line": "Loving, loving, loving",
      "annotations": {},
      "timestamp": "0"
    },
    {
      "line": "Whoa",
      "annotations": {},
      "timestamp": "0"
    }
  ]
}