{
  "duration": 137.2734693877551,
  "song_title": "I’m sorry",
  "writer": "Frith Hilton",
  "release_date": "August 12, 2022",
  "cover": "https://frithhilton.com.ng/musicpool/covers/5/114.jpg",
  "id": "114",
  "lyrics": [
    {
      "line": "[Verse 1]",
      "annotations": {},
      "timestamp": "0"
    },
    {
      "line": "I think we had something",
      "annotations": {},
      "timestamp": "0"
    },
    {
      "line": "My thoughts dowel on your hurting",
      "annotations": {},
      "timestamp": "0"
    },
    {
      "line": "And I can’t take",
      "annotations": {},
      "timestamp": "0"
    },
    {
      "line": "I’ll take it; the hurt",
      "annotations": {},
      "timestamp": "0"
    },
    {
      "line": "And I can’t take",
      "annotations": {},
      "timestamp": "0"
    },
    {
      "line": "I’ll take the hurt",
      "annotations": {},
      "timestamp": "0"
    },
    {
      "line": "I’ll take the hurt",
      "annotations": {},
      "timestamp": "0"
    },
    {
      "line": "It’s for the while",
      "annotations": {},
      "timestamp": "0"
    },
    {
      "line": "I’ll take the hurt",
      "annotations": {},
      "timestamp": "0"
    },
    {
      "line": "It’s for the while",
      "annotations": {},
      "timestamp": "0"
    },
    {
      "line": "And I wrestled",
      "annotations": {},
      "timestamp": "0"
    },
    {
      "line": "Pock precise for the broken",
      "annotations": {},
      "timestamp": "0"
    },
    {
      "line": "I cried then, I cried din",
      "annotations": {},
      "timestamp": "0"
    },
    {
      "line": "Oh, another thing",
      "annotations": {},
      "timestamp": "0"
    },
    {
      "line": "",
      "annotations": {},
      "timestamp": "0"
    },
    {
      "line": "[Chorus]",
      "annotations": {},
      "timestamp": "0"
    },
    {
      "line": "Sorry, sorry, my love don’t say it often",
      "annotations": {},
      "timestamp": "0"
    },
    {
      "line": "I’m sorry, I'm sorry, my love hurts; sundae",
      "annotations": {},
      "timestamp": "0"
    },
    {
      "line": "Sorry, sorry, my love don’t say it often",
      "annotations": {},
      "timestamp": "0"
    },
    {
      "line": "I’m sorry, I'm sorry, my love hurts; sundae",
      "annotations": {},
      "timestamp": "0"
    },
    {
      "line": "",
      "annotations": {},
      "timestamp": "0"
    },
    {
      "line": "[Verse 2]",
      "annotations": {},
      "timestamp": "0"
    },
    {
      "line": "My inane thinking",
      "annotations": {},
      "timestamp": "0"
    },
    {
      "line": "Could you hold the th rn?",
      "annotations": {},
      "timestamp": "0"
    },
    {
      "line": "Bid the need",
      "annotations": {},
      "timestamp": "0"
    },
    {
      "line": "Feel me nearer",
      "annotations": {},
      "timestamp": "0"
    },
    {
      "line": "Could you hold a th rn?",
      "annotations": {},
      "timestamp": "0"
    },
    {
      "line": "",
      "annotations": {},
      "timestamp": "0"
    },
    {
      "line": "[Chorus]",
      "annotations": {},
      "timestamp": "0"
    },
    {
      "line": "Sorry, sorry, my love don’t say it that often",
      "annotations": {},
      "timestamp": "0"
    },
    {
      "line": "I’m sorry, I'm sorry, my love hurts; sundae",
      "annotations": {},
      "timestamp": "0"
    },
    {
      "line": "I’m sorry, I'm sorry, my love don’t say it that often",
      "annotations": {},
      "timestamp": "0"
    },
    {
      "line": "I’m sorry, I'm sorry, my love hurts; sundae",
      "annotations": {},
      "timestamp": "0"
    },
    {
      "line": "",
      "annotations": {},
      "timestamp": "0"
    },
    {
      "line": "[Outro]",
      "annotations": {},
      "timestamp": "0"
    },
    {
      "line": "I’m sorry, I'm sorry, I'm sorry",
      "annotations": {},
      "timestamp": "0"
    }
  ]
}