{
  "song_title": "Yearning",
  "writer": "Frith Hilton",
  "release_date": "September 9, 2022",
  "cover": "https://frithhilton.com.ng/musicpool/covers/5/115.jpg",
  "mp3_url": "https://frithhilton.com.ng/mp3/5/24.) Yearning.mp3",
  "duration": 197.01551020408164,
  "id": "115",
  "lyrics": [
    {
      "line": "[Intro]",
      "annotations": {},
      "timestamp": "0"
    },
    {
      "line": "Hmm, I'm proceeding",
      "annotations": {},
      "timestamp": "0"
    },
    {
      "line": "I get really pensive with my thoughts",
      "annotations": {},
      "timestamp": "0"
    },
    {
      "line": "When I want to talk to you",
      "annotations": {},
      "timestamp": "0"
    },
    {
      "line": "But it’s fine",
      "annotations": {},
      "timestamp": "0"
    },
    {
      "line": "This is a birthday take",
      "annotations": {},
      "timestamp": "0"
    },
    {
      "line": "It is to . . . just ah",
      "annotations": {},
      "timestamp": "0"
    },
    {
      "line": "Warm you to the new beginning",
      "annotations": {},
      "timestamp": "0"
    },
    {
      "line": "",
      "annotations": {},
      "timestamp": "0"
    },
    {
      "line": "[Bridge]",
      "annotations": {},
      "timestamp": "0"
    },
    {
      "line": "Angler without a buck",
      "annotations": {},
      "timestamp": "0"
    },
    {
      "line": "That’s me on hanging on to luck",
      "annotations": {},
      "timestamp": "0"
    },
    {
      "line": "Pulling on a lead",
      "annotations": {},
      "timestamp": "0"
    },
    {
      "line": "That’s it, enough with the risk",
      "annotations": {},
      "timestamp": "0"
    },
    {
      "line": "Lame to the bee",
      "annotations": {},
      "timestamp": "0"
    },
    {
      "line": "Can I have you no passing to him",
      "annotations": {},
      "timestamp": "0"
    },
    {
      "line": "A nose cheetah",
      "annotations": {},
      "timestamp": "0"
    },
    {
      "line": "Whose cheating",
      "annotations": {},
      "timestamp": "0"
    },
    {
      "line": "It’s no shitting",
      "annotations": {},
      "timestamp": "0"
    },
    {
      "line": "I’m on it",
      "annotations": {},
      "timestamp": "0"
    },
    {
      "line": "Her mileage on",
      "annotations": {},
      "timestamp": "0"
    },
    {
      "line": "Bet I have her for the bonk",
      "annotations": {},
      "timestamp": "0"
    },
    {
      "line": "When she has a writ",
      "annotations": {},
      "timestamp": "0"
    },
    {
      "line": "Tell her it’s about marking off the beat",
      "annotations": {},
      "timestamp": "0"
    },
    {
      "line": "My hearts on gild",
      "annotations": {},
      "timestamp": "0"
    },
    {
      "line": "Making it quick to a page of poses",
      "annotations": {},
      "timestamp": "0"
    },
    {
      "line": "Off with my moaning",
      "annotations": {},
      "timestamp": "0"
    },
    {
      "line": "I’m closing in",
      "annotations": {},
      "timestamp": "0"
    },
    {
      "line": "It’s hawking",
      "annotations": {},
      "timestamp": "0"
    },
    {
      "line": "",
      "annotations": {},
      "timestamp": "0"
    },
    {
      "line": "[Chorus]",
      "annotations": {},
      "timestamp": "0"
    },
    {
      "line": "Tell this off then",
      "annotations": {},
      "timestamp": "0"
    },
    {
      "line": "To tell this often",
      "annotations": {},
      "timestamp": "0"
    },
    {
      "line": "Can you tell this off thеn",
      "annotations": {},
      "timestamp": "0"
    },
    {
      "line": "My love I'm yearning",
      "annotations": {},
      "timestamp": "0"
    },
    {
      "line": "Will you tell this off thеn",
      "annotations": {},
      "timestamp": "0"
    },
    {
      "line": "When you tell this often",
      "annotations": {},
      "timestamp": "0"
    },
    {
      "line": "Can you tell this off then",
      "annotations": {},
      "timestamp": "0"
    },
    {
      "line": "My love in a moment in the vain",
      "annotations": {},
      "timestamp": "0"
    },
    {
      "line": "",
      "annotations": {},
      "timestamp": "0"
    },
    {
      "line": "[Verse 1]",
      "annotations": {},
      "timestamp": "0"
    },
    {
      "line": "Then they tape it off",
      "annotations": {},
      "timestamp": "0"
    },
    {
      "line": "We mark it up with our wins",
      "annotations": {},
      "timestamp": "0"
    },
    {
      "line": "A crime scene",
      "annotations": {},
      "timestamp": "0"
    },
    {
      "line": "He ascended to an early boggle win",
      "annotations": {},
      "timestamp": "0"
    },
    {
      "line": "In her shoes",
      "annotations": {},
      "timestamp": "0"
    },
    {
      "line": "He fucked her",
      "annotations": {},
      "timestamp": "0"
    },
    {
      "line": "And they never had a cause to wrestle",
      "annotations": {},
      "timestamp": "0"
    },
    {
      "line": "They had it",
      "annotations": {},
      "timestamp": "0"
    },
    {
      "line": "The tattoos, the cars too",
      "annotations": {},
      "timestamp": "0"
    },
    {
      "line": "Made an early brag too",
      "annotations": {},
      "timestamp": "0"
    },
    {
      "line": "My d stroking",
      "annotations": {},
      "timestamp": "0"
    },
    {
      "line": "If you were here",
      "annotations": {},
      "timestamp": "0"
    },
    {
      "line": "It’d be re plugging",
      "annotations": {},
      "timestamp": "0"
    },
    {
      "line": "It’s my mind talking",
      "annotations": {},
      "timestamp": "0"
    },
    {
      "line": "If you were here",
      "annotations": {},
      "timestamp": "0"
    },
    {
      "line": "That’d be your lips talking",
      "annotations": {},
      "timestamp": "0"
    },
    {
      "line": "",
      "annotations": {},
      "timestamp": "0"
    },
    {
      "line": "[Bridge]",
      "annotations": {},
      "timestamp": "0"
    },
    {
      "line": "Angler without a buck",
      "annotations": {},
      "timestamp": "0"
    },
    {
      "line": "That’s me on hanging on to luck",
      "annotations": {},
      "timestamp": "0"
    },
    {
      "line": "Pulling on a lead",
      "annotations": {},
      "timestamp": "0"
    },
    {
      "line": "That’s it, enough with the risk",
      "annotations": {},
      "timestamp": "0"
    },
    {
      "line": "Lame to the bee",
      "annotations": {},
      "timestamp": "0"
    },
    {
      "line": "Can I have you no passing to him",
      "annotations": {},
      "timestamp": "0"
    },
    {
      "line": "A nose cheetah",
      "annotations": {},
      "timestamp": "0"
    },
    {
      "line": "Whose cheating",
      "annotations": {},
      "timestamp": "0"
    },
    {
      "line": "It’s no shitting",
      "annotations": {},
      "timestamp": "0"
    },
    {
      "line": "I’m on it",
      "annotations": {},
      "timestamp": "0"
    },
    {
      "line": "Her mileage on",
      "annotations": {},
      "timestamp": "0"
    },
    {
      "line": "Bet I have her for the bonk",
      "annotations": {},
      "timestamp": "0"
    },
    {
      "line": "When she has a writ",
      "annotations": {},
      "timestamp": "0"
    },
    {
      "line": "Tell her it’s about marking off the beat",
      "annotations": {},
      "timestamp": "0"
    },
    {
      "line": "My hearts on gild",
      "annotations": {},
      "timestamp": "0"
    },
    {
      "line": "Making it quick to a page of poses",
      "annotations": {},
      "timestamp": "0"
    },
    {
      "line": "Off with my moaning",
      "annotations": {},
      "timestamp": "0"
    },
    {
      "line": "I’m closing in",
      "annotations": {},
      "timestamp": "0"
    },
    {
      "line": "It’s hawking",
      "annotations": {},
      "timestamp": "0"
    },
    {
      "line": "",
      "annotations": {},
      "timestamp": "0"
    },
    {
      "line": "[Chorus]",
      "annotations": {},
      "timestamp": "0"
    },
    {
      "line": "Tell this off then",
      "annotations": {},
      "timestamp": "0"
    },
    {
      "line": "To tell this often",
      "annotations": {},
      "timestamp": "0"
    },
    {
      "line": "Can you tell this off then",
      "annotations": {},
      "timestamp": "0"
    },
    {
      "line": "My love I'm yearning",
      "annotations": {},
      "timestamp": "0"
    },
    {
      "line": "Will you tell this off then",
      "annotations": {},
      "timestamp": "0"
    },
    {
      "line": "When you tell this often",
      "annotations": {},
      "timestamp": "0"
    },
    {
      "line": "Can you tell this off then",
      "annotations": {},
      "timestamp": "0"
    },
    {
      "line": "My love in a moment in the vain",
      "annotations": {},
      "timestamp": "0"
    }
  ]
}