{
  "song_title": "Hold over me",
  "writer": "Frith Hilton",
  "release_date": "September 12, 2022",
  "cover": "https://frithhilton.com.ng/musicpool/covers/5/118.jpg",
  "mp3_url": "https://frithhilton.com.ng/mp3/5/27.) Hold over me.mp3",
  "duration": 149.1330612244898,
  "id": "118",
  "lyrics": [
    {
      "line": "[Intro]",
      "annotations": {},
      "timestamp": "0"
    },
    {
      "line": "You ain’t got no hold over me",
      "annotations": {},
      "timestamp": "0"
    },
    {
      "line": "You ain’t got",
      "annotations": {},
      "timestamp": "0"
    },
    {
      "line": "You ain’t got",
      "annotations": {},
      "timestamp": "0"
    },
    {
      "line": "You ain’t got no hold over me",
      "annotations": {},
      "timestamp": "0"
    },
    {
      "line": "",
      "annotations": {},
      "timestamp": "0"
    },
    {
      "line": "[Chorus]",
      "annotations": {},
      "timestamp": "0"
    },
    {
      "line": "You ain’t got no hold over me",
      "annotations": {},
      "timestamp": "0"
    },
    {
      "line": "I was hurting",
      "annotations": {},
      "timestamp": "0"
    },
    {
      "line": "Thought it for nothing",
      "annotations": {},
      "timestamp": "0"
    },
    {
      "line": "How we ended",
      "annotations": {},
      "timestamp": "0"
    },
    {
      "line": "Had me laden",
      "annotations": {},
      "timestamp": "0"
    },
    {
      "line": "Playing pretend",
      "annotations": {},
      "timestamp": "0"
    },
    {
      "line": "This will never end",
      "annotations": {},
      "timestamp": "0"
    },
    {
      "line": "You ain’t got no hold over me",
      "annotations": {},
      "timestamp": "0"
    },
    {
      "line": "Pass the buck",
      "annotations": {},
      "timestamp": "0"
    },
    {
      "line": "Shut me off",
      "annotations": {},
      "timestamp": "0"
    },
    {
      "line": "Forlorn on my own",
      "annotations": {},
      "timestamp": "0"
    },
    {
      "line": "No shoulders I cried alone",
      "annotations": {},
      "timestamp": "0"
    },
    {
      "line": "Alone alone",
      "annotations": {},
      "timestamp": "0"
    },
    {
      "line": "",
      "annotations": {},
      "timestamp": "0"
    },
    {
      "line": "[Verse 1]",
      "annotations": {},
      "timestamp": "0"
    },
    {
      "line": "I thought you were something special",
      "annotations": {},
      "timestamp": "0"
    },
    {
      "line": "Something I could hold on to",
      "annotations": {},
      "timestamp": "0"
    },
    {
      "line": "Not to miss a touch I couldn’t shudder to",
      "annotations": {},
      "timestamp": "0"
    },
    {
      "line": "Two weeks down this road",
      "annotations": {},
      "timestamp": "0"
    },
    {
      "line": "This was over too",
      "annotations": {},
      "timestamp": "0"
    },
    {
      "line": "I could lie a lie",
      "annotations": {},
      "timestamp": "0"
    },
    {
      "line": "Tell a lie my utter liar",
      "annotations": {},
      "timestamp": "0"
    },
    {
      "line": "Paired into your random pander",
      "annotations": {},
      "timestamp": "0"
    },
    {
      "line": "Whack a mole erosion of falling altitudes",
      "annotations": {},
      "timestamp": "0"
    },
    {
      "line": "Attitude more corrosive than oxy dew",
      "annotations": {},
      "timestamp": "0"
    },
    {
      "line": "Me racking clues courier of bad moods",
      "annotations": {},
      "timestamp": "0"
    },
    {
      "line": "Sip from your aid",
      "annotations": {},
      "timestamp": "0"
    },
    {
      "line": "Backwashed migraine",
      "annotations": {},
      "timestamp": "0"
    },
    {
      "line": "Last sheath had the worst stain",
      "annotations": {},
      "timestamp": "0"
    },
    {
      "line": "Had me wishing on a card game",
      "annotations": {},
      "timestamp": "0"
    },
    {
      "line": "Losing streak what a satire",
      "annotations": {},
      "timestamp": "0"
    },
    {
      "line": "Call me out how high up my umpire",
      "annotations": {},
      "timestamp": "0"
    },
    {
      "line": "Your brash image",
      "annotations": {},
      "timestamp": "0"
    },
    {
      "line": "Ignoring everything",
      "annotations": {},
      "timestamp": "0"
    },
    {
      "line": "It’s a fight",
      "annotations": {},
      "timestamp": "0"
    },
    {
      "line": "It’s verbal",
      "annotations": {},
      "timestamp": "0"
    },
    {
      "line": "It’s a fight",
      "annotations": {},
      "timestamp": "0"
    },
    {
      "line": "It isn’t fair",
      "annotations": {},
      "timestamp": "0"
    },
    {
      "line": "What’s a revolver",
      "annotations": {},
      "timestamp": "0"
    },
    {
      "line": "Had everything",
      "annotations": {},
      "timestamp": "0"
    },
    {
      "line": "Now am back to the floor",
      "annotations": {},
      "timestamp": "0"
    },
    {
      "line": "Like I never got shit started",
      "annotations": {},
      "timestamp": "0"
    },
    {
      "line": "It’s a flop",
      "annotations": {},
      "timestamp": "0"
    },
    {
      "line": "It’s a flew over",
      "annotations": {},
      "timestamp": "0"
    },
    {
      "line": "It’s a vibe",
      "annotations": {},
      "timestamp": "0"
    },
    {
      "line": "Is it wrong",
      "annotations": {},
      "timestamp": "0"
    },
    {
      "line": "Cos I'm not with the bag; game",
      "annotations": {},
      "timestamp": "0"
    },
    {
      "line": "I can’t reach myself",
      "annotations": {},
      "timestamp": "0"
    },
    {
      "line": "Music in me and now I",
      "annotations": {},
      "timestamp": "0"
    },
    {
      "line": "Can’t get a hold over me",
      "annotations": {},
      "timestamp": "0"
    },
    {
      "line": "",
      "annotations": {},
      "timestamp": "0"
    },
    {
      "line": "[Chorus]",
      "annotations": {},
      "timestamp": "0"
    },
    {
      "line": "You ain’t got no hold over me",
      "annotations": {},
      "timestamp": "0"
    },
    {
      "line": "I was hurting",
      "annotations": {},
      "timestamp": "0"
    },
    {
      "line": "Thought it for nothing",
      "annotations": {},
      "timestamp": "0"
    },
    {
      "line": "How we ended",
      "annotations": {},
      "timestamp": "0"
    },
    {
      "line": "Had me laden",
      "annotations": {},
      "timestamp": "0"
    },
    {
      "line": "Playing pretend",
      "annotations": {},
      "timestamp": "0"
    },
    {
      "line": "This will never end",
      "annotations": {},
      "timestamp": "0"
    },
    {
      "line": "You ain’t got no hold over me",
      "annotations": {},
      "timestamp": "0"
    },
    {
      "line": "Pass the buck",
      "annotations": {},
      "timestamp": "0"
    },
    {
      "line": "Shut me off",
      "annotations": {},
      "timestamp": "0"
    },
    {
      "line": "Forlorn on my own",
      "annotations": {},
      "timestamp": "0"
    },
    {
      "line": "No shoulders I cried alone",
      "annotations": {},
      "timestamp": "0"
    },
    {
      "line": "Alone alone",
      "annotations": {},
      "timestamp": "0"
    },
    {
      "line": "",
      "annotations": {},
      "timestamp": "0"
    },
    {
      "line": "[Outro]",
      "annotations": {},
      "timestamp": "0"
    },
    {
      "line": "I just want you here",
      "annotations": {},
      "timestamp": "0"
    },
    {
      "line": "Head here pretty",
      "annotations": {},
      "timestamp": "0"
    },
    {
      "line": "Head here pretty",
      "annotations": {},
      "timestamp": "0"
    }
  ]
}