{
  "song_title": "Assets",
  "writer": "Frith Hilton",
  "release_date": "September 19, 2022",
  "cover": "https://frithhilton.com.ng/musicpool/covers/5/124.jpg",
  "mp3_url": "https://frithhilton.com.ng/mp3/5/33.) Assets (Bonus Track).mp3",
  "duration": 152.21551020408162,
  "id": "124",
  "lyrics": [
    {
      "line": "[Intro]",
      "annotations": {},
      "timestamp": "0"
    },
    {
      "line": "I am",
      "annotations": {},
      "timestamp": "0"
    },
    {
      "line": "",
      "annotations": {},
      "timestamp": "0"
    },
    {
      "line": "[Verse 1]",
      "annotations": {},
      "timestamp": "0"
    },
    {
      "line": "Sometimes I feel our assets been the same",
      "annotations": {},
      "timestamp": "0"
    },
    {
      "line": "Sometimes I feel I'm by myself",
      "annotations": {},
      "timestamp": "0"
    },
    {
      "line": "And I met you",
      "annotations": {},
      "timestamp": "0"
    },
    {
      "line": "Match you",
      "annotations": {},
      "timestamp": "0"
    },
    {
      "line": "Hope",
      "annotations": {},
      "timestamp": "0"
    },
    {
      "line": "It was the end of it all",
      "annotations": {},
      "timestamp": "0"
    },
    {
      "line": "It’s the end of it; dome",
      "annotations": {},
      "timestamp": "0"
    },
    {
      "line": "Chip",
      "annotations": {},
      "timestamp": "0"
    },
    {
      "line": "Dongle, I got no dongle",
      "annotations": {},
      "timestamp": "0"
    },
    {
      "line": "Ah!",
      "annotations": {},
      "timestamp": "0"
    },
    {
      "line": "Putting on the lot; on the line now",
      "annotations": {},
      "timestamp": "0"
    },
    {
      "line": "Par",
      "annotations": {},
      "timestamp": "0"
    },
    {
      "line": "I’m putting all my lot on the line now",
      "annotations": {},
      "timestamp": "0"
    },
    {
      "line": "Park",
      "annotations": {},
      "timestamp": "0"
    },
    {
      "line": "Going back",
      "annotations": {},
      "timestamp": "0"
    },
    {
      "line": "My kinda like back",
      "annotations": {},
      "timestamp": "0"
    },
    {
      "line": "Like an hack",
      "annotations": {},
      "timestamp": "0"
    },
    {
      "line": "Danky hack",
      "annotations": {},
      "timestamp": "0"
    },
    {
      "line": "Switching up on the map",
      "annotations": {},
      "timestamp": "0"
    },
    {
      "line": "Mark, chorography",
      "annotations": {},
      "timestamp": "0"
    },
    {
      "line": "Offering off a lark",
      "annotations": {},
      "timestamp": "0"
    },
    {
      "line": "Tripping, suddenly",
      "annotations": {},
      "timestamp": "0"
    },
    {
      "line": "I’m back at you",
      "annotations": {},
      "timestamp": "0"
    },
    {
      "line": "Whoa",
      "annotations": {},
      "timestamp": "0"
    },
    {
      "line": "Never could find it that hard",
      "annotations": {},
      "timestamp": "0"
    },
    {
      "line": "",
      "annotations": {},
      "timestamp": "0"
    },
    {
      "line": "[Verse 2]",
      "annotations": {},
      "timestamp": "0"
    },
    {
      "line": "Tripping off a line",
      "annotations": {},
      "timestamp": "0"
    },
    {
      "line": "Hidden, anywhere it goes back",
      "annotations": {},
      "timestamp": "0"
    },
    {
      "line": "Dreaming of a dart",
      "annotations": {},
      "timestamp": "0"
    },
    {
      "line": "Never could find another hack",
      "annotations": {},
      "timestamp": "0"
    },
    {
      "line": "So I put in her mail",
      "annotations": {},
      "timestamp": "0"
    },
    {
      "line": "Put it in the main",
      "annotations": {},
      "timestamp": "0"
    },
    {
      "line": "It says, it is where we at",
      "annotations": {},
      "timestamp": "0"
    },
    {
      "line": "Yo I put it on the main",
      "annotations": {},
      "timestamp": "0"
    },
    {
      "line": "Says, it is where I'm at",
      "annotations": {},
      "timestamp": "0"
    },
    {
      "line": "Fine, it is you",
      "annotations": {},
      "timestamp": "0"
    },
    {
      "line": "Cold therapy with my girl",
      "annotations": {},
      "timestamp": "0"
    },
    {
      "line": "This ends the veil",
      "annotations": {},
      "timestamp": "0"
    },
    {
      "line": "Her p is in the care",
      "annotations": {},
      "timestamp": "0"
    },
    {
      "line": "Her love; it’s in the veil like a bent thot",
      "annotations": {},
      "timestamp": "0"
    },
    {
      "line": "The light’s up",
      "annotations": {},
      "timestamp": "0"
    },
    {
      "line": "So that means I'm now another dada?",
      "annotations": {},
      "timestamp": "0"
    },
    {
      "line": "Ah!",
      "annotations": {},
      "timestamp": "0"
    },
    {
      "line": "Pervert, you’re in",
      "annotations": {},
      "timestamp": "0"
    },
    {
      "line": "Brethren",
      "annotations": {},
      "timestamp": "0"
    },
    {
      "line": "I like it",
      "annotations": {},
      "timestamp": "0"
    },
    {
      "line": "You might also like",
      "annotations": {},
      "timestamp": "0"
    }
  ]
}