{
  "song_title": "Just us two",
  "writer": "Frith Hilton",
  "release_date": "September 17, 2022",
  "cover": "https://frithhilton.com.ng/musicpool/covers/5/125.jpg",
  "id": "125",
  "lyrics": [
    {
      "line": "[Intro]",
      "annotations": {},
      "timestamp": "0"
    },
    {
      "line": "Find me a girl who is pretty in heart",
      "annotations": {},
      "timestamp": "0"
    },
    {
      "line": "I want her soul",
      "annotations": {},
      "timestamp": "0"
    },
    {
      "line": "Find me a girl with the quiddity of style",
      "annotations": {},
      "timestamp": "0"
    },
    {
      "line": "Mode bankroll",
      "annotations": {},
      "timestamp": "0"
    },
    {
      "line": "",
      "annotations": {},
      "timestamp": "0"
    },
    {
      "line": "[Verse 1]",
      "annotations": {},
      "timestamp": "0"
    },
    {
      "line": "We should head any day",
      "annotations": {},
      "timestamp": "0"
    },
    {
      "line": "That’s her foreign",
      "annotations": {},
      "timestamp": "0"
    },
    {
      "line": "It’s your girl",
      "annotations": {},
      "timestamp": "0"
    },
    {
      "line": "It’s her; fervent",
      "annotations": {},
      "timestamp": "0"
    },
    {
      "line": "You should give me your hone",
      "annotations": {},
      "timestamp": "0"
    },
    {
      "line": "I’m unto piton",
      "annotations": {},
      "timestamp": "0"
    },
    {
      "line": "This girl, she’s a real nun",
      "annotations": {},
      "timestamp": "0"
    },
    {
      "line": "And my heart sovereign",
      "annotations": {},
      "timestamp": "0"
    },
    {
      "line": "Holding, it’s sobbing",
      "annotations": {},
      "timestamp": "0"
    },
    {
      "line": "And my love is on her",
      "annotations": {},
      "timestamp": "0"
    },
    {
      "line": "It’s no tearing or rent",
      "annotations": {},
      "timestamp": "0"
    },
    {
      "line": "When I'm with her",
      "annotations": {},
      "timestamp": "0"
    },
    {
      "line": "I get real h rny",
      "annotations": {},
      "timestamp": "0"
    },
    {
      "line": "Nil nun",
      "annotations": {},
      "timestamp": "0"
    },
    {
      "line": "When I'm with her",
      "annotations": {},
      "timestamp": "0"
    },
    {
      "line": "Chasing this feeling",
      "annotations": {},
      "timestamp": "0"
    },
    {
      "line": "Like it’s all I’ve got",
      "annotations": {},
      "timestamp": "0"
    },
    {
      "line": "She knows my mind’s on her",
      "annotations": {},
      "timestamp": "0"
    },
    {
      "line": "Tux on her, love’s on",
      "annotations": {},
      "timestamp": "0"
    },
    {
      "line": "Everything silent",
      "annotations": {},
      "timestamp": "0"
    },
    {
      "line": "Okay, I hear wе going for the sheet",
      "annotations": {},
      "timestamp": "0"
    },
    {
      "line": "Better put my namе",
      "annotations": {},
      "timestamp": "0"
    },
    {
      "line": "Better know I'm with the shit",
      "annotations": {},
      "timestamp": "0"
    },
    {
      "line": "However, you goad",
      "annotations": {},
      "timestamp": "0"
    },
    {
      "line": "(I'm with you)",
      "annotations": {},
      "timestamp": "0"
    },
    {
      "line": "That we going for this shit",
      "annotations": {},
      "timestamp": "0"
    },
    {
      "line": "She’s something like goose",
      "annotations": {},
      "timestamp": "0"
    },
    {
      "line": "I’m about to share it",
      "annotations": {},
      "timestamp": "0"
    },
    {
      "line": "Real by the shady",
      "annotations": {},
      "timestamp": "0"
    },
    {
      "line": "I’m about to share it",
      "annotations": {},
      "timestamp": "0"
    },
    {
      "line": "Yeah, wouldn’t know",
      "annotations": {},
      "timestamp": "0"
    },
    {
      "line": "Cos nobody sharing",
      "annotations": {},
      "timestamp": "0"
    },
    {
      "line": "Despite no one sharing",
      "annotations": {},
      "timestamp": "0"
    },
    {
      "line": "It’s just me and my girl",
      "annotations": {},
      "timestamp": "0"
    },
    {
      "line": "H ll",
      "annotations": {},
      "timestamp": "0"
    },
    {
      "line": "",
      "annotations": {},
      "timestamp": "0"
    },
    {
      "line": "[Outro]",
      "annotations": {},
      "timestamp": "0"
    },
    {
      "line": "Two",
      "annotations": {},
      "timestamp": "0"
    },
    {
      "line": "Oh oh",
      "annotations": {},
      "timestamp": "0"
    },
    {
      "line": "It is just us two",
      "annotations": {},
      "timestamp": "0"
    },
    {
      "line": "Oh oh",
      "annotations": {},
      "timestamp": "0"
    },
    {
      "line": "Make a way",
      "annotations": {},
      "timestamp": "0"
    },
    {
      "line": "You should know I’ll serve with it",
      "annotations": {},
      "timestamp": "0"
    },
    {
      "line": "Girl every side I'm hitting",
      "annotations": {},
      "timestamp": "0"
    }
  ]
}