{
  "song_title": "Get on with Jack",
  "writer": "Frith Hilton",
  "release_date": "July 31, 2022",
  "cover": "",
  "mp3_url": "",
  "duration": 187.74204081632652,
  "id": "94",
  "lyrics": [
    {
      "line": "It is Frith on here",
      "annotations": {}
    },
    {
      "line": "And my oh my",
      "annotations": {}
    },
    {
      "line": "These past couple months",
      "annotations": {}
    },
    {
      "line": "Have been filled with so many things",
      "annotations": {}
    },
    {
      "line": "But the one thing that stands out",
      "annotations": {}
    },
    {
      "line": "Is the number of toots I’ve lost",
      "annotations": {}
    },
    {
      "line": "With the never arriving;",
      "annotations": {}
    },
    {
      "line": "I’m arriving to pick up loot",
      "annotations": {}
    },
    {
      "line": "I’ll like to think I’m being stolen",
      "annotations": {}
    },
    {
      "line": "Though it’s careful rowing if I say it that way",
      "annotations": {}
    },
    {
      "line": "March up to your maze and say in face of all this",
      "annotations": {}
    },
    {
      "line": "I still I’m very mad",
      "annotations": {}
    },
    {
      "line": "Mad at who?",
      "annotations": {}
    },
    {
      "line": "I’m not.",
      "annotations": {}
    },
    {
      "line": "I’m just a cuirassier . . . oh it’s the couple of dossiers",
      "annotations": {}
    },
    {
      "line": "And I’m thinking up a prenup right now, and a betting hang up",
      "annotations": {}
    },
    {
      "line": "I am waking to the event of my possible demise with all of these",
      "annotations": {}
    },
    {
      "line": "And first in my head; it’s Milou",
      "annotations": {}
    },
    {
      "line": "And there is a petty debt",
      "annotations": {}
    },
    {
      "line": "The one I owe for my time online",
      "annotations": {}
    },
    {
      "line": "It is not really a debt",
      "annotations": {}
    },
    {
      "line": "If you ask . . . I don’t know who",
      "annotations": {}
    },
    {
      "line": "But it is meant to hold the douche",
      "annotations": {}
    },
    {
      "line": "The douche with a edifice for how I’m living",
      "annotations": {}
    },
    {
      "line": "That’s what they’ll say",
      "annotations": {}
    },
    {
      "line": "[Laughing]",
      "annotations": {}
    },
    {
      "line": "The one you’ll ask",
      "annotations": {}
    },
    {
      "line": "The one I expect you to ask at least",
      "annotations": {}
    },
    {
      "line": "This is track three and I’ll call it",
      "annotations": {}
    },
    {
      "line": "GET ON WITH JACK",
      "annotations": {}
    },
    {
      "line": "Bye.",
      "annotations": {}
    }
  ]
}
