{
  "song_title": "Andalucía",
  "writer": "Frith Hilton",
  "release_date": "July 5, 2022",
  "cover": "https://frithhilton.com.ng/musicpool/covers/5/96.jpg",
  "mp3_url": "https://frithhilton.com.ng/mp3/5/5.) Andalucía.mp3",
  "duration": 197.19836734693877,
  "id": "96",
  "lyrics": [
    {
      "line": "[Intro]",
      "annotations": {},
      "timestamp": "0"
    },
    {
      "line": "(clicking)",
      "annotations": {},
      "timestamp": "0"
    },
    {
      "line": "Yeah",
      "annotations": {},
      "timestamp": "0"
    },
    {
      "line": "I just felt I had to record this",
      "annotations": {},
      "timestamp": "0"
    },
    {
      "line": "Cos I always forget shit all the time",
      "annotations": {},
      "timestamp": "0"
    },
    {
      "line": "(clears throat)",
      "annotations": {},
      "timestamp": "0"
    },
    {
      "line": "Hold me down with that shit tomorrow",
      "annotations": {},
      "timestamp": "0"
    },
    {
      "line": "You know",
      "annotations": {},
      "timestamp": "0"
    },
    {
      "line": "Just have a go",
      "annotations": {},
      "timestamp": "0"
    },
    {
      "line": "The way it visually goes",
      "annotations": {},
      "timestamp": "0"
    },
    {
      "line": "That’s . . . ",
      "annotations": {},
      "timestamp": "0"
    },
    {
      "line": "With the probable virtual machine in the works",
      "annotations": {},
      "timestamp": "0"
    },
    {
      "line": "",
      "annotations": {},
      "timestamp": "0"
    },
    {
      "line": "[Verse 1]",
      "annotations": {},
      "timestamp": "0"
    },
    {
      "line": "And I'm still here the best ambrosia for these girls",
      "annotations": {},
      "timestamp": "0"
    },
    {
      "line": "And taylor still gets it",
      "annotations": {},
      "timestamp": "0"
    },
    {
      "line": "Hold up",
      "annotations": {},
      "timestamp": "0"
    },
    {
      "line": "Ain’t no but",
      "annotations": {},
      "timestamp": "0"
    },
    {
      "line": "Everybody wants me on something different",
      "annotations": {},
      "timestamp": "0"
    },
    {
      "line": "So I guess I'ma go for this shit",
      "annotations": {},
      "timestamp": "0"
    },
    {
      "line": "You want to be on that shit now",
      "annotations": {},
      "timestamp": "0"
    },
    {
      "line": "Lead . . . like like",
      "annotations": {},
      "timestamp": "0"
    },
    {
      "line": "fuck all these shit ’em niggers be saying",
      "annotations": {},
      "timestamp": "0"
    },
    {
      "line": "I’m still back with these words",
      "annotations": {},
      "timestamp": "0"
    },
    {
      "line": "And they know he isn’t playing",
      "annotations": {},
      "timestamp": "0"
    },
    {
      "line": "My man all freaking",
      "annotations": {},
      "timestamp": "0"
    },
    {
      "line": "Rеal . . . all seen",
      "annotations": {},
      "timestamp": "0"
    },
    {
      "line": "And I'm still on this fucking reel lotion",
      "annotations": {},
      "timestamp": "0"
    },
    {
      "line": "I feel like taylor hears me, whеn I spit the damn bars",
      "annotations": {},
      "timestamp": "0"
    },
    {
      "line": "But I'm not that man",
      "annotations": {},
      "timestamp": "0"
    },
    {
      "line": "I’m the damn man with the nice shoe",
      "annotations": {},
      "timestamp": "0"
    },
    {
      "line": "I’m still chilling like I got no clues",
      "annotations": {},
      "timestamp": "0"
    },
    {
      "line": "And my love still on no prove",
      "annotations": {},
      "timestamp": "0"
    },
    {
      "line": "No period",
      "annotations": {},
      "timestamp": "0"
    },
    {
      "line": "No prude",
      "annotations": {},
      "timestamp": "0"
    },
    {
      "line": "If go on this shit",
      "annotations": {},
      "timestamp": "0"
    },
    {
      "line": "They say I talk too much",
      "annotations": {},
      "timestamp": "0"
    },
    {
      "line": "And if I pick the ball up",
      "annotations": {},
      "timestamp": "0"
    },
    {
      "line": "They say he works too much",
      "annotations": {},
      "timestamp": "0"
    },
    {
      "line": "Talk to me when you’re feeling nice",
      "annotations": {},
      "timestamp": "0"
    },
    {
      "line": "Too many words in my head it’s feeling like a flow",
      "annotations": {},
      "timestamp": "0"
    },
    {
      "line": "But I'm not down for this shit",
      "annotations": {},
      "timestamp": "0"
    },
    {
      "line": "I might just pick my pen up and write some shit",
      "annotations": {},
      "timestamp": "0"
    },
    {
      "line": "Cos, it goes better that way",
      "annotations": {},
      "timestamp": "0"
    },
    {
      "line": "Flows better",
      "annotations": {},
      "timestamp": "0"
    },
    {
      "line": "Talking to my girl like she was my ex",
      "annotations": {},
      "timestamp": "0"
    },
    {
      "line": "Talking to her head",
      "annotations": {},
      "timestamp": "0"
    },
    {
      "line": "She’ll never catch me with a brexit",
      "annotations": {},
      "timestamp": "0"
    },
    {
      "line": "Like deal",
      "annotations": {},
      "timestamp": "0"
    },
    {
      "line": "Like",
      "annotations": {},
      "timestamp": "0"
    },
    {
      "line": "Court enough",
      "annotations": {},
      "timestamp": "0"
    },
    {
      "line": "Court enough",
      "annotations": {},
      "timestamp": "0"
    },
    {
      "line": "Cutting off all my fucking overt sieve",
      "annotations": {},
      "timestamp": "0"
    },
    {
      "line": "And I’ll still go with the same shit all the time",
      "annotations": {},
      "timestamp": "0"
    },
    {
      "line": "And she know a boy drained out",
      "annotations": {},
      "timestamp": "0"
    },
    {
      "line": "But I knock, knocked “knock knock”",
      "annotations": {},
      "timestamp": "0"
    },
    {
      "line": "I keep knocking on this damn shit",
      "annotations": {},
      "timestamp": "0"
    },
    {
      "line": "Keep holding back on my old shit",
      "annotations": {},
      "timestamp": "0"
    },
    {
      "line": "I’m still buying down all my old beats",
      "annotations": {},
      "timestamp": "0"
    },
    {
      "line": "Yeah . .",
      "annotations": {},
      "timestamp": "0"
    },
    {
      "line": "(sniggering)",
      "annotations": {},
      "timestamp": "0"
    },
    {
      "line": "",
      "annotations": {},
      "timestamp": "0"
    },
    {
      "line": "[Verse 2]",
      "annotations": {},
      "timestamp": "0"
    },
    {
      "line": "Yeah, yeah, yeah",
      "annotations": {},
      "timestamp": "0"
    },
    {
      "line": "Who is lame in this bitch?",
      "annotations": {},
      "timestamp": "0"
    },
    {
      "line": "Who is tryna act like they got crave in this bitch?",
      "annotations": {},
      "timestamp": "0"
    },
    {
      "line": "Cos I ain’t got no juice",
      "annotations": {},
      "timestamp": "0"
    },
    {
      "line": "Cos I ain’t got no juice",
      "annotations": {},
      "timestamp": "0"
    },
    {
      "line": "Some walking around with a frown",
      "annotations": {},
      "timestamp": "0"
    },
    {
      "line": "Acting like I got a motherfucker a round",
      "annotations": {},
      "timestamp": "0"
    },
    {
      "line": "I’m not even down for the fucking bounce",
      "annotations": {},
      "timestamp": "0"
    },
    {
      "line": "Bounce, bounce, bounce",
      "annotations": {},
      "timestamp": "0"
    },
    {
      "line": "Still dancing with a step that looks simpler",
      "annotations": {},
      "timestamp": "0"
    },
    {
      "line": "Eh!",
      "annotations": {},
      "timestamp": "0"
    },
    {
      "line": "Wanna talk to me",
      "annotations": {},
      "timestamp": "0"
    },
    {
      "line": "Better talk words",
      "annotations": {},
      "timestamp": "0"
    },
    {
      "line": "Cos I don’t talk willing with the  rs  accent",
      "annotations": {},
      "timestamp": "0"
    },
    {
      "line": "But I might just pick up the bar I’ve seen",
      "annotations": {},
      "timestamp": "0"
    },
    {
      "line": "Yeah! took her out the while",
      "annotations": {},
      "timestamp": "0"
    },
    {
      "line": "N gga feeling like it’s not about the wile",
      "annotations": {},
      "timestamp": "0"
    },
    {
      "line": "H, while they chase with the poems or the rap",
      "annotations": {},
      "timestamp": "0"
    },
    {
      "line": "But I'm not down for that",
      "annotations": {},
      "timestamp": "0"
    },
    {
      "line": "So you better get it right cos",
      "annotations": {},
      "timestamp": "0"
    },
    {
      "line": "(derision)",
      "annotations": {},
      "timestamp": "0"
    },
    {
      "line": "I’ma write on this shit you know",
      "annotations": {},
      "timestamp": "0"
    },
    {
      "line": "Just to feel good with your own",
      "annotations": {},
      "timestamp": "0"
    },
    {
      "line": "I guess it’s time you know",
      "annotations": {},
      "timestamp": "0"
    },
    {
      "line": "To say shit you know",
      "annotations": {},
      "timestamp": "0"
    },
    {
      "line": "More!",
      "annotations": {},
      "timestamp": "0"
    },
    {
      "line": "I’ma write on this shit",
      "annotations": {},
      "timestamp": "0"
    },
    {
      "line": "Like I write every time anyway",
      "annotations": {},
      "timestamp": "0"
    },
    {
      "line": "Look how he be acting like he can’t write on this shit",
      "annotations": {},
      "timestamp": "0"
    },
    {
      "line": "You li’l trifle bitch",
      "annotations": {},
      "timestamp": "0"
    },
    {
      "line": "(cl!cking)",
      "annotations": {},
      "timestamp": "0"
    }
  ]
}