{
  "song_title": "Friends",
  "writer": "Frith Hilton",
  "release_date": "June 24, 2022",
  "cover": "https://frithhilton.com.ng/musicpool/covers/5/97.jpg",
  "mp3_url": "https://frithhilton.com.ng/mp3/5/6.) Friends.mp3",
  "duration": 115.93142857142857,
  "id": "97",
  "lyrics": [
    {
      "line": "[Intro]",
      "annotations": {},
      "timestamp": "0"
    },
    {
      "line": "Yup!",
      "annotations": {},
      "timestamp": "0"
    },
    {
      "line": "Come on",
      "annotations": {},
      "timestamp": "0"
    },
    {
      "line": "It is the boy with the magic",
      "annotations": {},
      "timestamp": "0"
    },
    {
      "line": "And she knows I am happening",
      "annotations": {},
      "timestamp": "0"
    },
    {
      "line": "It is the boy with the magic",
      "annotations": {},
      "timestamp": "0"
    },
    {
      "line": "And she knows I am happening",
      "annotations": {},
      "timestamp": "0"
    },
    {
      "line": "",
      "annotations": {},
      "timestamp": "0"
    },
    {
      "line": "[Verse 1]",
      "annotations": {},
      "timestamp": "0"
    },
    {
      "line": "Tulip, tulip",
      "annotations": {},
      "timestamp": "0"
    },
    {
      "line": "Had another girl",
      "annotations": {},
      "timestamp": "0"
    },
    {
      "line": "She was feeling like she had me",
      "annotations": {},
      "timestamp": "0"
    },
    {
      "line": "Phillip, phillip, phillip",
      "annotations": {},
      "timestamp": "0"
    },
    {
      "line": "A kiddy and the mamma",
      "annotations": {},
      "timestamp": "0"
    },
    {
      "line": "And I took another shirt",
      "annotations": {},
      "timestamp": "0"
    },
    {
      "line": "And I'm",
      "annotations": {},
      "timestamp": "0"
    },
    {
      "line": "Within",
      "annotations": {},
      "timestamp": "0"
    },
    {
      "line": "With it",
      "annotations": {},
      "timestamp": "0"
    },
    {
      "line": "Read it",
      "annotations": {},
      "timestamp": "0"
    },
    {
      "line": "Others on the hands and my face",
      "annotations": {},
      "timestamp": "0"
    },
    {
      "line": "They can’t even",
      "annotations": {},
      "timestamp": "0"
    },
    {
      "line": "Hit it",
      "annotations": {},
      "timestamp": "0"
    },
    {
      "line": "Heed it",
      "annotations": {},
      "timestamp": "0"
    },
    {
      "line": "Hidden",
      "annotations": {},
      "timestamp": "0"
    },
    {
      "line": "She knows that I'm a mush here",
      "annotations": {},
      "timestamp": "0"
    },
    {
      "line": "Buck in",
      "annotations": {},
      "timestamp": "0"
    },
    {
      "line": "Back in here",
      "annotations": {},
      "timestamp": "0"
    },
    {
      "line": "Back in, a buyer",
      "annotations": {},
      "timestamp": "0"
    },
    {
      "line": "Theo, I am here",
      "annotations": {},
      "timestamp": "0"
    },
    {
      "line": "Back in here",
      "annotations": {},
      "timestamp": "0"
    },
    {
      "line": "Back in here",
      "annotations": {},
      "timestamp": "0"
    },
    {
      "line": "A buck in",
      "annotations": {},
      "timestamp": "0"
    },
    {
      "line": "Back in here",
      "annotations": {},
      "timestamp": "0"
    },
    {
      "line": "Two mil",
      "annotations": {},
      "timestamp": "0"
    },
    {
      "line": "I ‘on’t",
      "annotations": {},
      "timestamp": "0"
    },
    {
      "line": "I ‘on’t really get it",
      "annotations": {},
      "timestamp": "0"
    },
    {
      "line": "This style you avert",
      "annotations": {},
      "timestamp": "0"
    },
    {
      "line": "Alright",
      "annotations": {},
      "timestamp": "0"
    },
    {
      "line": "Hey!",
      "annotations": {},
      "timestamp": "0"
    },
    {
      "line": "Mine",
      "annotations": {},
      "timestamp": "0"
    },
    {
      "line": "If they said they read it",
      "annotations": {},
      "timestamp": "0"
    },
    {
      "line": "Minus",
      "annotations": {},
      "timestamp": "0"
    },
    {
      "line": "He didn’t read it",
      "annotations": {},
      "timestamp": "0"
    },
    {
      "line": "Ask if he did read it",
      "annotations": {},
      "timestamp": "0"
    },
    {
      "line": "Oh oh",
      "annotations": {},
      "timestamp": "0"
    },
    {
      "line": "Minus if you never read it",
      "annotations": {},
      "timestamp": "0"
    },
    {
      "line": "Cos you never read it",
      "annotations": {},
      "timestamp": "0"
    },
    {
      "line": "She never",
      "annotations": {},
      "timestamp": "0"
    },
    {
      "line": "Never will read it",
      "annotations": {},
      "timestamp": "0"
    },
    {
      "line": "Oh why?",
      "annotations": {},
      "timestamp": "0"
    },
    {
      "line": "Minus if you never read it",
      "annotations": {},
      "timestamp": "0"
    },
    {
      "line": "If you never read it",
      "annotations": {},
      "timestamp": "0"
    },
    {
      "line": "If you never read it",
      "annotations": {},
      "timestamp": "0"
    },
    {
      "line": "How?",
      "annotations": {},
      "timestamp": "0"
    },
    {
      "line": "Minus if you never read it",
      "annotations": {},
      "timestamp": "0"
    },
    {
      "line": "If you never read it",
      "annotations": {},
      "timestamp": "0"
    },
    {
      "line": "If you never read it",
      "annotations": {},
      "timestamp": "0"
    },
    {
      "line": "Oh!",
      "annotations": {},
      "timestamp": "0"
    }
  ]
}