{
  "song_title": "West to west",
  "writer": "Frith Hilton",
  "release_date": "January 28, 2024",
  "cover": "https://frithhilton.com.ng/musicpool/covers/11/241.jpg",
  "mp3_url": "https://frithhilton.com.ng/mp3/11/3.)West to West.mp3",
  "id": "241",
  "lyrics": [
    {
      "line": "[Verse 1]",
      "annotations": {},
      "timestamp": "0"
    },
    {
      "line": "I greased the windows of heaven’s walls",
      "annotations": {},
      "timestamp": "0"
    },
    {
      "line": "So let all springs just shower free",
      "annotations": {},
      "timestamp": "0"
    },
    {
      "line": "From our heart in where we act",
      "annotations": {},
      "timestamp": "0"
    },
    {
      "line": "Seek perfection for the helpless path",
      "annotations": {},
      "timestamp": "0"
    },
    {
      "line": "If that’s all we can give them",
      "annotations": {},
      "timestamp": "0"
    },
    {
      "line": "It will only show how much we care",
      "annotations": {},
      "timestamp": "0"
    },
    {
      "line": "From all around in our world",
      "annotations": {},
      "timestamp": "0"
    },
    {
      "line": "",
      "annotations": {},
      "timestamp": "0"
    },
    {
      "line": "[Verse 2]",
      "annotations": {},
      "timestamp": "0"
    },
    {
      "line": "Make this love we have be still",
      "annotations": {},
      "timestamp": "0"
    },
    {
      "line": "Tomorrow changes not",
      "annotations": {},
      "timestamp": "0"
    },
    {
      "line": "Make this love we have remain",
      "annotations": {},
      "timestamp": "0"
    },
    {
      "line": "From “west to west” for everyone",
      "annotations": {},
      "timestamp": "0"
    },
    {
      "line": "",
      "annotations": {},
      "timestamp": "0"
    },
    {
      "line": "[Verse 3]",
      "annotations": {},
      "timestamp": "0"
    },
    {
      "line": "I greased the windows of heaven’s walls",
      "annotations": {},
      "timestamp": "0"
    },
    {
      "line": "So let all springs just shower free",
      "annotations": {},
      "timestamp": "0"
    },
    {
      "line": "From all around in our world",
      "annotations": {},
      "timestamp": "0"
    },
    {
      "line": "Make this love we have be still, remain",
      "annotations": {},
      "timestamp": "0"
    },
    {
      "line": "From “west to west” for everyone",
      "annotations": {},
      "timestamp": "0"
    }
  ]
}