{
  "duration": 149.904,
  "song_title": "I’ll never",
  "writer": "Frith Hilton",
  "release_date": "February 2, 2024",
  "cover": "https://frithhilton.com.ng/musicpool/covers/11/242.jpg",
  "id": "242",
  "lyrics": [
    {
      "line": "[Intro]",
      "annotations": {},
      "timestamp": "0"
    },
    {
      "line": "Take a chance",
      "annotations": {},
      "timestamp": "0"
    },
    {
      "line": "Break all the b rules",
      "annotations": {},
      "timestamp": "0"
    },
    {
      "line": "",
      "annotations": {},
      "timestamp": "0"
    },
    {
      "line": "[Verse 1]",
      "annotations": {},
      "timestamp": "0"
    },
    {
      "line": "Swear you pair me off a fay",
      "annotations": {},
      "timestamp": "0"
    },
    {
      "line": "Tasing all the crepes",
      "annotations": {},
      "timestamp": "0"
    },
    {
      "line": "She’s dazing all the capes",
      "annotations": {},
      "timestamp": "0"
    },
    {
      "line": "(daze in all the rays)",
      "annotations": {},
      "timestamp": "0"
    },
    {
      "line": "Ah!",
      "annotations": {},
      "timestamp": "0"
    },
    {
      "line": "Big on everything",
      "annotations": {},
      "timestamp": "0"
    },
    {
      "line": "(I'm her son)",
      "annotations": {},
      "timestamp": "0"
    },
    {
      "line": "Big on my ambitions",
      "annotations": {},
      "timestamp": "0"
    },
    {
      "line": "(dawning sun anon)",
      "annotations": {},
      "timestamp": "0"
    },
    {
      "line": "Big on this zeal",
      "annotations": {},
      "timestamp": "0"
    },
    {
      "line": "(over your town) ",
      "annotations": {},
      "timestamp": "0"
    },
    {
      "line": "",
      "annotations": {},
      "timestamp": "0"
    },
    {
      "line": "[Chorus]",
      "annotations": {},
      "timestamp": "0"
    },
    {
      "line": "I’ll never serve you",
      "annotations": {},
      "timestamp": "0"
    },
    {
      "line": "I’ll never save",
      "annotations": {},
      "timestamp": "0"
    },
    {
      "line": "I who never gave",
      "annotations": {},
      "timestamp": "0"
    },
    {
      "line": "I’ll never break",
      "annotations": {},
      "timestamp": "0"
    },
    {
      "line": "I’ll never get it",
      "annotations": {},
      "timestamp": "0"
    },
    {
      "line": "I’ll never say",
      "annotations": {},
      "timestamp": "0"
    },
    {
      "line": "I’ll never be brave",
      "annotations": {},
      "timestamp": "0"
    },
    {
      "line": "I’ll never fail on",
      "annotations": {},
      "timestamp": "0"
    },
    {
      "line": "I cover the sun",
      "annotations": {},
      "timestamp": "0"
    },
    {
      "line": "I colour this all",
      "annotations": {},
      "timestamp": "0"
    },
    {
      "line": "I’m under resolving",
      "annotations": {},
      "timestamp": "0"
    },
    {
      "line": "Resolved, I’ll be going",
      "annotations": {},
      "timestamp": "0"
    },
    {
      "line": "",
      "annotations": {},
      "timestamp": "0"
    },
    {
      "line": "[Verse 2]",
      "annotations": {},
      "timestamp": "0"
    },
    {
      "line": "We should just take it back",
      "annotations": {},
      "timestamp": "0"
    },
    {
      "line": "(take it back)",
      "annotations": {},
      "timestamp": "0"
    },
    {
      "line": "Back",
      "annotations": {},
      "timestamp": "0"
    },
    {
      "line": "We should just . . .",
      "annotations": {},
      "timestamp": "0"
    },
    {
      "line": "Sake the sam",
      "annotations": {},
      "timestamp": "0"
    },
    {
      "line": "(for the sake of the sam)",
      "annotations": {},
      "timestamp": "0"
    },
    {
      "line": "We should go",
      "annotations": {},
      "timestamp": "0"
    },
    {
      "line": "We should go",
      "annotations": {},
      "timestamp": "0"
    },
    {
      "line": "Somewhere where it’ll be just you and I girl",
      "annotations": {},
      "timestamp": "0"
    },
    {
      "line": "(somewhere h lla big, see you when I call)",
      "annotations": {},
      "timestamp": "0"
    },
    {
      "line": "I’ll never get the time",
      "annotations": {},
      "timestamp": "0"
    },
    {
      "line": "My texts on rewind",
      "annotations": {},
      "timestamp": "0"
    },
    {
      "line": "But do you ever . . .",
      "annotations": {},
      "timestamp": "0"
    },
    {
      "line": "Will you ever find a time",
      "annotations": {},
      "timestamp": "0"
    },
    {
      "line": "‘fore you get carted up to that club",
      "annotations": {},
      "timestamp": "0"
    },
    {
      "line": "You call it milou",
      "annotations": {},
      "timestamp": "0"
    },
    {
      "line": "Bill here",
      "annotations": {},
      "timestamp": "0"
    },
    {
      "line": "A millionaire in your army",
      "annotations": {},
      "timestamp": "0"
    },
    {
      "line": "Terry, tear it, three",
      "annotations": {},
      "timestamp": "0"
    },
    {
      "line": "That’s the number that you’ll find me on",
      "annotations": {},
      "timestamp": "0"
    },
    {
      "line": "Call me, coma, clone me",
      "annotations": {},
      "timestamp": "0"
    },
    {
      "line": "I’ll never hear you go",
      "annotations": {},
      "timestamp": "0"
    },
    {
      "line": "I’ll be losing my mind",
      "annotations": {},
      "timestamp": "0"
    },
    {
      "line": "Losing my mind",
      "annotations": {},
      "timestamp": "0"
    },
    {
      "line": "All the time",
      "annotations": {},
      "timestamp": "0"
    },
    {
      "line": "Milli, milli, milli, milli",
      "annotations": {},
      "timestamp": "0"
    },
    {
      "line": "Is that the number where I'm on",
      "annotations": {},
      "timestamp": "0"
    },
    {
      "line": "Three, three, three, three",
      "annotations": {},
      "timestamp": "0"
    },
    {
      "line": "Is number you’ll find me on",
      "annotations": {},
      "timestamp": "0"
    },
    {
      "line": "I’m losing my mind at this",
      "annotations": {},
      "timestamp": "0"
    },
    {
      "line": "My mind",
      "annotations": {},
      "timestamp": "0"
    },
    {
      "line": "Losing my mind",
      "annotations": {},
      "timestamp": "0"
    },
    {
      "line": "",
      "annotations": {},
      "timestamp": "0"
    },
    {
      "line": "[Outro]",
      "annotations": {},
      "timestamp": "0"
    },
    {
      "line": "It’s all complicated",
      "annotations": {},
      "timestamp": "0"
    },
    {
      "line": "Overstated",
      "annotations": {},
      "timestamp": "0"
    },
    {
      "line": "I’m lost in your heart emotions",
      "annotations": {},
      "timestamp": "0"
    },
    {
      "line": "Do I ever take time",
      "annotations": {},
      "timestamp": "0"
    },
    {
      "line": "To give up on the seating",
      "annotations": {},
      "timestamp": "0"
    },
    {
      "line": "All my sitting on everything I hold above",
      "annotations": {},
      "timestamp": "0"
    },
    {
      "line": "Ah",
      "annotations": {},
      "timestamp": "0"
    }
  ]
}