{
  "song_title": "Cave",
  "writer": "Frith Hilton",
  "release_date": "February 3, 2024",
  "cover": "https://frithhilton.com.ng/musicpool/covers/11/243.jpg",
  "mp3_url": "https://frithhilton.com.ng/mp3/11/5.)Cave.mp3",
  "duration": 152.352,
  "id": "243",
  "lyrics": [
    {
      "line": "[Intro]",
      "annotations": {},
      "timestamp": "0"
    },
    {
      "line": "I’m lost in the cave",
      "annotations": {},
      "timestamp": "0"
    },
    {
      "line": "Of everything that you do",
      "annotations": {},
      "timestamp": "0"
    },
    {
      "line": "",
      "annotations": {},
      "timestamp": "0"
    },
    {
      "line": "[Verse 1]",
      "annotations": {},
      "timestamp": "0"
    },
    {
      "line": "I’m bothered am I gonna fall",
      "annotations": {},
      "timestamp": "0"
    },
    {
      "line": "I’m bothered",
      "annotations": {},
      "timestamp": "0"
    },
    {
      "line": "I might try to murder a shade",
      "annotations": {},
      "timestamp": "0"
    },
    {
      "line": "Is it right if I don’t buy it",
      "annotations": {},
      "timestamp": "0"
    },
    {
      "line": "Is it right if I'm on my berth",
      "annotations": {},
      "timestamp": "0"
    },
    {
      "line": "I need to say something",
      "annotations": {},
      "timestamp": "0"
    },
    {
      "line": "Bite it on my own",
      "annotations": {},
      "timestamp": "0"
    },
    {
      "line": "I need to say something",
      "annotations": {},
      "timestamp": "0"
    },
    {
      "line": "Call it out for what it is",
      "annotations": {},
      "timestamp": "0"
    },
    {
      "line": "I get it every time",
      "annotations": {},
      "timestamp": "0"
    },
    {
      "line": "My love is not tall or bien",
      "annotations": {},
      "timestamp": "0"
    },
    {
      "line": "",
      "annotations": {},
      "timestamp": "0"
    },
    {
      "line": "[Verse 2]",
      "annotations": {},
      "timestamp": "0"
    },
    {
      "line": "Dump it on you",
      "annotations": {},
      "timestamp": "0"
    },
    {
      "line": "I love it",
      "annotations": {},
      "timestamp": "0"
    },
    {
      "line": "How you call my name",
      "annotations": {},
      "timestamp": "0"
    },
    {
      "line": "Sail with you",
      "annotations": {},
      "timestamp": "0"
    },
    {
      "line": "I love how you get around",
      "annotations": {},
      "timestamp": "0"
    },
    {
      "line": "Baby, don’t you ever say I'm bothering",
      "annotations": {},
      "timestamp": "0"
    },
    {
      "line": "All ready",
      "annotations": {},
      "timestamp": "0"
    },
    {
      "line": "Am I enough furor if we’re ready",
      "annotations": {},
      "timestamp": "0"
    },
    {
      "line": "To you ever say",
      "annotations": {},
      "timestamp": "0"
    },
    {
      "line": "What’s your riding theme",
      "annotations": {},
      "timestamp": "0"
    },
    {
      "line": "Do you ever ever say",
      "annotations": {},
      "timestamp": "0"
    },
    {
      "line": "Maybe this doesn’t count",
      "annotations": {},
      "timestamp": "0"
    },
    {
      "line": "Ah",
      "annotations": {},
      "timestamp": "0"
    },
    {
      "line": "I need, I need",
      "annotations": {},
      "timestamp": "0"
    },
    {
      "line": "You, more than I did yesterday",
      "annotations": {},
      "timestamp": "0"
    },
    {
      "line": "I need, I need",
      "annotations": {},
      "timestamp": "0"
    },
    {
      "line": "More than I did before",
      "annotations": {},
      "timestamp": "0"
    },
    {
      "line": "Count to four",
      "annotations": {},
      "timestamp": "0"
    },
    {
      "line": "Let’s take all this time to undo",
      "annotations": {},
      "timestamp": "0"
    },
    {
      "line": "All the, all the bust",
      "annotations": {},
      "timestamp": "0"
    },
    {
      "line": "Of imminence",
      "annotations": {},
      "timestamp": "0"
    },
    {
      "line": "Oh",
      "annotations": {},
      "timestamp": "0"
    },
    {
      "line": "Of our heavier rust",
      "annotations": {},
      "timestamp": "0"
    },
    {
      "line": "Back to preference",
      "annotations": {},
      "timestamp": "0"
    },
    {
      "line": "I’m lost in your conscience",
      "annotations": {},
      "timestamp": "0"
    },
    {
      "line": "Tuck in, talking",
      "annotations": {},
      "timestamp": "0"
    },
    {
      "line": "Talking over how you do",
      "annotations": {},
      "timestamp": "0"
    },
    {
      "line": "Talking over how you do",
      "annotations": {},
      "timestamp": "0"
    },
    {
      "line": "Could love me don’t you",
      "annotations": {},
      "timestamp": "0"
    }
  ]
}