{
  "song_title": "Just let me go",
  "writer": "Frith Hilton",
  "release_date": "February 6, 2024",
  "cover": "",
  "mp3_url": "",
  "duration": 187.74204081632652,
  "id": "244",
  "lyrics": [
  {
    "line": "[Verse 1]",
    "annotations": {}
  },
  {
    "line": "Sometimes I wish I could hear the whisper",
    "annotations": {}
  },
  {
    "line": "Hold on to myself, not let go",
    "annotations": {}
  },
  {
    "line": "Sometimes I don't wanna be heavier",
    "annotations": {}
  },
  {
    "line": "I just want these thousands emotions",
    "annotations": {}
  },
  {
    "line": "Being the same",
    "annotations": {}
  },
  {
    "line": "Do you know what I mean",
    "annotations": {}
  },
  {
    "line": "I mean just being here all day",
    "annotations": {}
  },
  {
    "line": "I don't want nothing new",
    "annotations": {}
  },
  {
    "line": "I just wanna see my girl",
    "annotations": {}
  },
  {
    "line": "Better than a dew",
    "annotations": {}
  },
  {
    "line": "Brighter than the sun",
    "annotations": {}
  },
  {
    "line": "I know nothing hurts that way",
    "annotations": {}
  },
  {
    "line": "But I'll be better as his son&nbsp;",
    "annotations": {}
  },
  {
    "line": "Better with the moon&nbsp;",
    "annotations": {}
  },
  {
    "line": "Better like I could have everything",
    "annotations": {}
  },
  {
    "line": "Better, better, better",
    "annotations": {}
  },
  {
    "line": "",
    "annotations": {}
  },
  {
    "line": "[Chorus]",
    "annotations": {}
  },
  {
    "line": "But sometimes I just want you to let me go",
    "annotations": {}
  },
  {
    "line": "I don't wanna to play these games",
    "annotations": {}
  },
  {
    "line": "I just want you to let me go",
    "annotations": {}
  },
  {
    "line": "I don't want to feel this way&nbsp;",
    "annotations": {}
  },
  {
    "line": "Would you let me go",
    "annotations": {}
  },
  {
    "line": "I feel so better when I'm on my own",
    "annotations": {}
  },
  {
    "line": "I wish I could prove and do some more",
    "annotations": {}
  },
  {
    "line": "",
    "annotations": {}
  },
  {
    "line": "[Verse 2]",
    "annotations": {}
  },
  {
    "line": "Faster at saying a lie&nbsp;",
    "annotations": {}
  },
  {
    "line": "I'm bad at keeping my dirty tracks",
    "annotations": {}
  },
  {
    "line": "No, you come for it",
    "annotations": {}
  },
  {
    "line": "Oh oh",
    "annotations": {}
  },
  {
    "line": "Come merry y'all",
    "annotations": {}
  },
  {
    "line": "Oh oh",
    "annotations": {}
  },
  {
    "line": "Lost in this end of the world",
    "annotations": {}
  },
  {
    "line": "And I don't know where is home",
    "annotations": {}
  },
  {
    "line": "Maybe it's seeing you scold",
    "annotations": {}
  },
  {
    "line": "(Seeing you scold)&nbsp;",
    "annotations": {}
  },
  {
    "line": "Would I let it go",
    "annotations": {}
  },
  {
    "line": "(Let it go)&nbsp;",
    "annotations": {}
  },
  {
    "line": "My ears on fire",
    "annotations": {}
  },
  {
    "line": "Let it go",
    "annotations": {}
  },
  {
    "line": "(Let it go)&nbsp;",
    "annotations": {}
  },
  {
    "line": "My girl accosting me&nbsp;",
    "annotations": {}
  },
  {
    "line": "Would I let it go",
    "annotations": {}
  },
  {
    "line": "(Let it go)&nbsp;",
    "annotations": {}
  },
  {
    "line": "",
    "annotations": {}
  },
  {
    "line": "[Outro]",
    "annotations": {}
  },
  {
    "line": "Running from my letting it go",
    "annotations": {}
  },
  {
    "line": "Hold my goal&nbsp;",
    "annotations": {}
  },
  {
    "line": "Letting it go",
    "annotations": {}
  },
  {
    "line": "How long can I let it go",
    "annotations": {}
  }]
}