{
  "song_title": "Find me",
  "writer": "Frith Hilton",
  "release_date": "February 14, 2024",
  "cover": "https://frithhilton.com.ng/musicpool/covers/11/246.jpg",
  "mp3_url": "https://frithhilton.com.ng/mp3/11/8.)Find me.mp3",
  "duration": 152.172,
  "id": "246",
  "lyrics": [
    {
      "line": "[Verse 1]",
      "annotations": {},
      "timestamp": "0"
    },
    {
      "line": "She said she’ll find me",
      "annotations": {},
      "timestamp": "0"
    },
    {
      "line": "When she talk to me in here",
      "annotations": {},
      "timestamp": "0"
    },
    {
      "line": "I ask about the cards and the written prose",
      "annotations": {},
      "timestamp": "0"
    },
    {
      "line": "She’ll find me not in this book",
      "annotations": {},
      "timestamp": "0"
    },
    {
      "line": "She’ll find me",
      "annotations": {},
      "timestamp": "0"
    },
    {
      "line": "Not on another song",
      "annotations": {},
      "timestamp": "0"
    },
    {
      "line": "She’ll find me",
      "annotations": {},
      "timestamp": "0"
    },
    {
      "line": "Not on my x",
      "annotations": {},
      "timestamp": "0"
    },
    {
      "line": "She’ll find me",
      "annotations": {},
      "timestamp": "0"
    },
    {
      "line": "Somewhere, when she’s exed up her head",
      "annotations": {},
      "timestamp": "0"
    },
    {
      "line": "I think I know that line",
      "annotations": {},
      "timestamp": "0"
    },
    {
      "line": "I think I know that time",
      "annotations": {},
      "timestamp": "0"
    },
    {
      "line": "When we had our first hi",
      "annotations": {},
      "timestamp": "0"
    },
    {
      "line": "",
      "annotations": {},
      "timestamp": "0"
    },
    {
      "line": "[Verse 2]",
      "annotations": {},
      "timestamp": "0"
    },
    {
      "line": "She’ll be missing now",
      "annotations": {},
      "timestamp": "0"
    },
    {
      "line": "Shape your wishing author",
      "annotations": {},
      "timestamp": "0"
    },
    {
      "line": "Kites flowing over my bedroom",
      "annotations": {},
      "timestamp": "0"
    },
    {
      "line": "The times havе changed",
      "annotations": {},
      "timestamp": "0"
    },
    {
      "line": "I still can’t find what I left",
      "annotations": {},
      "timestamp": "0"
    },
    {
      "line": "What is on therе",
      "annotations": {},
      "timestamp": "0"
    },
    {
      "line": "Assail, I’ll move my things",
      "annotations": {},
      "timestamp": "0"
    },
    {
      "line": "I fear that nothing comes up",
      "annotations": {},
      "timestamp": "0"
    },
    {
      "line": "No, nah, no",
      "annotations": {},
      "timestamp": "0"
    },
    {
      "line": "I fear that nothing is up",
      "annotations": {},
      "timestamp": "0"
    },
    {
      "line": "Uh oh",
      "annotations": {},
      "timestamp": "0"
    },
    {
      "line": "",
      "annotations": {},
      "timestamp": "0"
    },
    {
      "line": "[Verse 3]",
      "annotations": {},
      "timestamp": "0"
    },
    {
      "line": "Wake me up,",
      "annotations": {},
      "timestamp": "0"
    },
    {
      "line": "Wake me, you’re up",
      "annotations": {},
      "timestamp": "0"
    },
    {
      "line": "Wake me up,",
      "annotations": {},
      "timestamp": "0"
    },
    {
      "line": "Wake me, you’re up",
      "annotations": {},
      "timestamp": "0"
    },
    {
      "line": "Wake me, you’re up",
      "annotations": {},
      "timestamp": "0"
    },
    {
      "line": "",
      "annotations": {},
      "timestamp": "0"
    },
    {
      "line": "[Outro]",
      "annotations": {},
      "timestamp": "0"
    },
    {
      "line": "Well, how you’ll find me",
      "annotations": {},
      "timestamp": "0"
    },
    {
      "line": "Well, will you find me?",
      "annotations": {},
      "timestamp": "0"
    }
  ]
}