{
  "song_title": "Baby girl",
  "writer": "Frith Hilton",
  "release_date": "February 1, 2024",
  "cover": "",
  "mp3_url": "",
  "duration": 187.74204081632652,
  "id": "247",
  "lyrics": [
    {
      "line": "[Verse 1]",
      "annotations": {}
    },
    {
      "line": "I keep hearing it",
      "annotations": {}
    },
    {
      "line": "They won't let me be",
      "annotations": {}
    },
    {
      "line": "All day, don't say",
      "annotations": {}
    },
    {
      "line": "(Don't say)",
      "annotations": {}
    },
    {
      "line": "Do you wanna sip too",
      "annotations": {}
    },
    {
      "line": "(I'm sipping)",
      "annotations": {}
    },
    {
      "line": "All they wanna do is be in",
      "annotations": {}
    },
    {
      "line": "Asking me, do you want to bleat too",
      "annotations": {}
    },
    {
      "line": "(Not me)",
      "annotations": {}
    },
    {
      "line": "I'm smoking some good weed",
      "annotations": {}
    },
    {
      "line": "(Good weed)",
      "annotations": {}
    },
    {
      "line": "I smoke some when I'm down",
      "annotations": {}
    },
    {
      "line": "(Never down)",
      "annotations": {}
    },
    {
      "line": "I promise I got a degree",
      "annotations": {}
    },
    {
      "line": "(I got a degree) (Don't worry, we could still hit it)",
      "annotations": {}
    },
    {
      "line": "You don't need to be this hot",
      "annotations": {}
    },
    {
      "line": "Unless you are my baby girl",
      "annotations": {}
    },
    {
      "line": "(Baby girl)",
      "annotations": {}
    },
    {
      "line": "Planning to give me a little baby girl",
      "annotations": {}
    },
    {
      "line": "(Baby girl)",
      "annotations": {}
    },
    {
      "line": "That could be yeah, Doja Cat",
      "annotations": {}
    },
    {
      "line": "But I'm not sitting",
      "annotations": {}
    },
    {
      "line": "On it, man in, my shine is not matte",
      "annotations": {}
    },
    {
      "line": "I'm losing my class on the sheet",
      "annotations": {}
    },
    {
      "line": "I had a bash",
      "annotations": {}
    },
    {
      "line": "And I felt it was the end of my",
      "annotations": {}
    },
    {
      "line": "Disease, talk about it now",
      "annotations": {}
    },
    {
      "line": "(Talk about it)",
      "annotations": {}
    },
    {
      "line": "Peasy, are you here, do you listen now",
      "annotations": {}
    },
    {
      "line": "(Ever easy)",
      "annotations": {}
    },
    {
      "line": "Who is he? They don't know it is Frith",
      "annotations": {}
    },
    {
      "line": "(She could talk on)",
      "annotations": {}
    },
    {
      "line": "Bail, another hour, get me",
      "annotations": {}
    },
    {
      "line": "(I'm listening)",
      "annotations": {}
    },
    {
      "line": "Just discover it in here",
      "annotations": {}
    },
    {
      "line": "Nana, I took a little shot",
      "annotations": {}
    },
    {
      "line": "That don't really mean that",
      "annotations": {}
    },
    {
      "line": "It's nothing on Troubadour",
      "annotations": {}
    },
    {
      "line": "How many poetry, you manning, you ever read",
      "annotations": {}
    },
    {
      "line": "I hope you're long dead",
      "annotations": {}
    },
    {
      "line": "(it don't really matter, you know, they could just keep on talking, like, I don't really have a problem with a critic, or someone who is yet to give in to their really naughty cravings.)",
      "annotations": {}
    },
    {
      "line": "I don't sweat the big stuff",
      "annotations": {}
    },
    {
      "line": "Only the little",
      "annotations": {}
    },
    {
      "line": "'cause I'm acting with a beetle",
      "annotations": {}
    },
    {
      "line": "And I'm hitting",
      "annotations": {}
    },
    {
      "line": "We know one's favourite",
      "annotations": {}
    }
  ]
}
