{
  "song_title": "My Hope",
  "writer": "Frith Hilton",
  "release_date": "February 13, 2024",
  "cover": "https://frithhilton.com.ng/musicpool/covers/11/248.jpg",
  "mp3_url": "https://frithhilton.com.ng/mp3/11/10.)My hope.mp3",
  "duration": 211.932,
  "id": "248",
  "lyrics": [
    {
      "line": "[Intro]",
      "annotations": {},
      "timestamp": "0"
    },
    {
      "line": "I’m your only lover you say",
      "annotations": {},
      "timestamp": "0"
    },
    {
      "line": "I’m that only brother you pay",
      "annotations": {},
      "timestamp": "0"
    },
    {
      "line": "All mind to, I’ll die too",
      "annotations": {},
      "timestamp": "0"
    },
    {
      "line": "",
      "annotations": {},
      "timestamp": "0"
    },
    {
      "line": "[Verse 1]",
      "annotations": {},
      "timestamp": "0"
    },
    {
      "line": "I hear you",
      "annotations": {},
      "timestamp": "0"
    },
    {
      "line": "Fill me in closer",
      "annotations": {},
      "timestamp": "0"
    },
    {
      "line": "Wassail, oh",
      "annotations": {},
      "timestamp": "0"
    },
    {
      "line": "Who is clark kent",
      "annotations": {},
      "timestamp": "0"
    },
    {
      "line": "Because I am reeling too hard",
      "annotations": {},
      "timestamp": "0"
    },
    {
      "line": "Feeling too hurt",
      "annotations": {},
      "timestamp": "0"
    },
    {
      "line": "",
      "annotations": {},
      "timestamp": "0"
    },
    {
      "line": "[Bridge]",
      "annotations": {},
      "timestamp": "0"
    },
    {
      "line": "Down with me, down with me",
      "annotations": {},
      "timestamp": "0"
    },
    {
      "line": "And I’ll ride forever",
      "annotations": {},
      "timestamp": "0"
    },
    {
      "line": "Down with me, down with me",
      "annotations": {},
      "timestamp": "0"
    },
    {
      "line": "I’ll ride forever",
      "annotations": {},
      "timestamp": "0"
    },
    {
      "line": "",
      "annotations": {},
      "timestamp": "0"
    },
    {
      "line": "[Verse 2]",
      "annotations": {},
      "timestamp": "0"
    },
    {
      "line": "I keep trying but I can’t lift this",
      "annotations": {},
      "timestamp": "0"
    },
    {
      "line": "(can’t lift it)",
      "annotations": {},
      "timestamp": "0"
    },
    {
      "line": "Oh, it’s an anvil on my hope",
      "annotations": {},
      "timestamp": "0"
    },
    {
      "line": "(on my hope)",
      "annotations": {},
      "timestamp": "0"
    },
    {
      "line": "It’s an anvil on my hope",
      "annotations": {},
      "timestamp": "0"
    },
    {
      "line": "My hope, my hope",
      "annotations": {},
      "timestamp": "0"
    },
    {
      "line": "",
      "annotations": {},
      "timestamp": "0"
    },
    {
      "line": "[Chorus]",
      "annotations": {},
      "timestamp": "0"
    },
    {
      "line": "I’m your only lover you say",
      "annotations": {},
      "timestamp": "0"
    },
    {
      "line": "I’m that brother you say",
      "annotations": {},
      "timestamp": "0"
    },
    {
      "line": "You’ll pay all mind to",
      "annotations": {},
      "timestamp": "0"
    },
    {
      "line": "And I said, I’ll die too",
      "annotations": {},
      "timestamp": "0"
    },
    {
      "line": "I’ll die too",
      "annotations": {},
      "timestamp": "0"
    },
    {
      "line": "",
      "annotations": {},
      "timestamp": "0"
    },
    {
      "line": "[Verse 3]",
      "annotations": {},
      "timestamp": "0"
    },
    {
      "line": "Money on my mind",
      "annotations": {},
      "timestamp": "0"
    },
    {
      "line": "(it’s money on my mind)",
      "annotations": {},
      "timestamp": "0"
    },
    {
      "line": "Gusto for my line",
      "annotations": {},
      "timestamp": "0"
    },
    {
      "line": "(money on my mind)",
      "annotations": {},
      "timestamp": "0"
    },
    {
      "line": "My line of love",
      "annotations": {},
      "timestamp": "0"
    },
    {
      "line": "(money on my mind)",
      "annotations": {},
      "timestamp": "0"
    },
    {
      "line": "My love for a girl, a lie",
      "annotations": {},
      "timestamp": "0"
    },
    {
      "line": "(money on my mind)",
      "annotations": {},
      "timestamp": "0"
    },
    {
      "line": "If that’s not with you included",
      "annotations": {},
      "timestamp": "0"
    },
    {
      "line": "I don’t know what’s to leave for grooving",
      "annotations": {},
      "timestamp": "0"
    },
    {
      "line": "What is there to prove",
      "annotations": {},
      "timestamp": "0"
    },
    {
      "line": "My girl too tough",
      "annotations": {},
      "timestamp": "0"
    },
    {
      "line": "Is there not enough ode",
      "annotations": {},
      "timestamp": "0"
    },
    {
      "line": "Burning call credit",
      "annotations": {},
      "timestamp": "0"
    },
    {
      "line": "",
      "annotations": {},
      "timestamp": "0"
    },
    {
      "line": "[Outro]",
      "annotations": {},
      "timestamp": "0"
    },
    {
      "line": "I’m that brother",
      "annotations": {},
      "timestamp": "0"
    },
    {
      "line": "(I'm the brother)",
      "annotations": {},
      "timestamp": "0"
    },
    {
      "line": "I’m that lover",
      "annotations": {},
      "timestamp": "0"
    },
    {
      "line": "(I'm the lover)",
      "annotations": {},
      "timestamp": "0"
    },
    {
      "line": "I’m that lover you say",
      "annotations": {},
      "timestamp": "0"
    },
    {
      "line": "(I'm the lover)",
      "annotations": {},
      "timestamp": "0"
    },
    {
      "line": "I’m that brother",
      "annotations": {},
      "timestamp": "0"
    },
    {
      "line": "(she dowelling me, yo)",
      "annotations": {},
      "timestamp": "0"
    },
    {
      "line": "And I’ll die",
      "annotations": {},
      "timestamp": "0"
    },
    {
      "line": "(I could be out at the door)",
      "annotations": {},
      "timestamp": "0"
    },
    {
      "line": "Die for you",
      "annotations": {},
      "timestamp": "0"
    },
    {
      "line": "It is my pride",
      "annotations": {},
      "timestamp": "0"
    },
    {
      "line": "Call me out whole",
      "annotations": {},
      "timestamp": "0"
    },
    {
      "line": "Piece of a man",
      "annotations": {},
      "timestamp": "0"
    }
  ]
}