{
  "song_title": "Someone asked",
  "writer": "Frith Hilton",
  "release_date": "January 21, 2024",
  "cover": "https://frithhilton.com.ng/musicpool/covers/11/249.jpg",
  "mp3_url": "https://frithhilton.com.ng/mp3/11/11.)Someone asked.mp3",
  "duration": 137.016,
  "id": "249",
  "lyrics": [
    {
      "line": "[Chorus]",
      "annotations": {},
      "timestamp": "0"
    },
    {
      "line": "Someone asked me",
      "annotations": {},
      "timestamp": "0"
    },
    {
      "line": "Do I think my love doesn’t got it",
      "annotations": {},
      "timestamp": "0"
    },
    {
      "line": "Someone asked me",
      "annotations": {},
      "timestamp": "0"
    },
    {
      "line": "Do I think that my heart still got it",
      "annotations": {},
      "timestamp": "0"
    },
    {
      "line": "I told them I try",
      "annotations": {},
      "timestamp": "0"
    },
    {
      "line": "I dot my is",
      "annotations": {},
      "timestamp": "0"
    },
    {
      "line": "I told them",
      "annotations": {},
      "timestamp": "0"
    },
    {
      "line": "Valentine won’t be the end of her cries",
      "annotations": {},
      "timestamp": "0"
    },
    {
      "line": "My life on the line",
      "annotations": {},
      "timestamp": "0"
    },
    {
      "line": "",
      "annotations": {},
      "timestamp": "0"
    },
    {
      "line": "[Verse 1]",
      "annotations": {},
      "timestamp": "0"
    },
    {
      "line": "Be my bride",
      "annotations": {},
      "timestamp": "0"
    },
    {
      "line": "The question that doesn’t get a decline",
      "annotations": {},
      "timestamp": "0"
    },
    {
      "line": "How did I become one to win at saying his",
      "annotations": {},
      "timestamp": "0"
    },
    {
      "line": "I went from being on down, down, zero",
      "annotations": {},
      "timestamp": "0"
    },
    {
      "line": "To winning at this fight",
      "annotations": {},
      "timestamp": "0"
    },
    {
      "line": "You know I'm taking no whys",
      "annotations": {},
      "timestamp": "0"
    },
    {
      "line": "Just fucking pines",
      "annotations": {},
      "timestamp": "0"
    },
    {
      "line": "fucking pines",
      "annotations": {},
      "timestamp": "0"
    },
    {
      "line": "",
      "annotations": {},
      "timestamp": "0"
    },
    {
      "line": "[Verse 2]",
      "annotations": {},
      "timestamp": "0"
    },
    {
      "line": "That is now way too gone",
      "annotations": {},
      "timestamp": "0"
    },
    {
      "line": "And I just want the past",
      "annotations": {},
      "timestamp": "0"
    },
    {
      "line": "I want the past",
      "annotations": {},
      "timestamp": "0"
    },
    {
      "line": "I want the past",
      "annotations": {},
      "timestamp": "0"
    },
    {
      "line": "Want the past",
      "annotations": {},
      "timestamp": "0"
    },
    {
      "line": "",
      "annotations": {},
      "timestamp": "0"
    },
    {
      "line": "[Outro]",
      "annotations": {},
      "timestamp": "0"
    },
    {
      "line": "Someone asked me",
      "annotations": {},
      "timestamp": "0"
    }
  ]
}