{
  "song_title": "Let it go",
  "writer": "Frith Hilton",
  "release_date": "February 18, 2024",
  "cover": "https://frithhilton.com.ng/musicpool/covers/11/250.jpg",
  "mp3_url": "https://frithhilton.com.ng/mp3/11/12.)Let it go.mp3",
  "duration": 180.576,
  "id": "250",
  "lyrics": [
    {
      "line": "[Verse 1]",
      "annotations": {},
      "timestamp": "0"
    },
    {
      "line": "Sometimes I wish I could hear the whisper",
      "annotations": {},
      "timestamp": "0"
    },
    {
      "line": "Hold on to myself, not let go",
      "annotations": {},
      "timestamp": "0"
    },
    {
      "line": "Sometimes I don’t wanna be heavier",
      "annotations": {},
      "timestamp": "0"
    },
    {
      "line": "I just want these thousands emotions",
      "annotations": {},
      "timestamp": "0"
    },
    {
      "line": "Being the same",
      "annotations": {},
      "timestamp": "0"
    },
    {
      "line": "Do you know what I mean",
      "annotations": {},
      "timestamp": "0"
    },
    {
      "line": "I mean just being here all day",
      "annotations": {},
      "timestamp": "0"
    },
    {
      "line": "I don’t want nothing new",
      "annotations": {},
      "timestamp": "0"
    },
    {
      "line": "I just wanna see my girl",
      "annotations": {},
      "timestamp": "0"
    },
    {
      "line": "Better than a dew",
      "annotations": {},
      "timestamp": "0"
    },
    {
      "line": "Brighter than the sun",
      "annotations": {},
      "timestamp": "0"
    },
    {
      "line": "I know nothing hurts that way",
      "annotations": {},
      "timestamp": "0"
    },
    {
      "line": "But I’ll be better as his son",
      "annotations": {},
      "timestamp": "0"
    },
    {
      "line": "Better with the moon",
      "annotations": {},
      "timestamp": "0"
    },
    {
      "line": "Better like I could have everything",
      "annotations": {},
      "timestamp": "0"
    },
    {
      "line": "Bettеr, better, bettеr",
      "annotations": {},
      "timestamp": "0"
    },
    {
      "line": "",
      "annotations": {},
      "timestamp": "0"
    },
    {
      "line": "[Chorus]",
      "annotations": {},
      "timestamp": "0"
    },
    {
      "line": "But sometimes I just want you to let me go",
      "annotations": {},
      "timestamp": "0"
    },
    {
      "line": "I don’t wanna to play these games",
      "annotations": {},
      "timestamp": "0"
    },
    {
      "line": "I just want you to let me go",
      "annotations": {},
      "timestamp": "0"
    },
    {
      "line": "I don’t want to feel this way",
      "annotations": {},
      "timestamp": "0"
    },
    {
      "line": "Would you let me go",
      "annotations": {},
      "timestamp": "0"
    },
    {
      "line": "I feel so better when I'm on my own",
      "annotations": {},
      "timestamp": "0"
    },
    {
      "line": "I wish I could prove and do some more",
      "annotations": {},
      "timestamp": "0"
    },
    {
      "line": "",
      "annotations": {},
      "timestamp": "0"
    },
    {
      "line": "[Verse 2]",
      "annotations": {},
      "timestamp": "0"
    },
    {
      "line": "Faster at saying a lie",
      "annotations": {},
      "timestamp": "0"
    },
    {
      "line": "I’m bad at keeping my dirty tracks",
      "annotations": {},
      "timestamp": "0"
    },
    {
      "line": "No, you come for it",
      "annotations": {},
      "timestamp": "0"
    },
    {
      "line": "Oh oh",
      "annotations": {},
      "timestamp": "0"
    },
    {
      "line": "Come merry y’all",
      "annotations": {},
      "timestamp": "0"
    },
    {
      "line": "Oh oh",
      "annotations": {},
      "timestamp": "0"
    },
    {
      "line": "Lost in this end of the world",
      "annotations": {},
      "timestamp": "0"
    },
    {
      "line": "And I don’t know where is home",
      "annotations": {},
      "timestamp": "0"
    },
    {
      "line": "Maybe it’s seeing you scold",
      "annotations": {},
      "timestamp": "0"
    },
    {
      "line": "(seeing you scold)",
      "annotations": {},
      "timestamp": "0"
    },
    {
      "line": "Would I let it go",
      "annotations": {},
      "timestamp": "0"
    },
    {
      "line": "(let it go)",
      "annotations": {},
      "timestamp": "0"
    },
    {
      "line": "My ears on fire",
      "annotations": {},
      "timestamp": "0"
    },
    {
      "line": "Let it go",
      "annotations": {},
      "timestamp": "0"
    },
    {
      "line": "(let it go)",
      "annotations": {},
      "timestamp": "0"
    },
    {
      "line": "My girl accosting me",
      "annotations": {},
      "timestamp": "0"
    },
    {
      "line": "Would I let it go",
      "annotations": {},
      "timestamp": "0"
    },
    {
      "line": "(let it go) ",
      "annotations": {},
      "timestamp": "0"
    },
    {
      "line": "",
      "annotations": {},
      "timestamp": "0"
    },
    {
      "line": "[Outro]",
      "annotations": {},
      "timestamp": "0"
    },
    {
      "line": "Running from my letting it go",
      "annotations": {},
      "timestamp": "0"
    },
    {
      "line": "Hold my goal",
      "annotations": {},
      "timestamp": "0"
    },
    {
      "line": "Letting it go",
      "annotations": {},
      "timestamp": "0"
    },
    {
      "line": "How long can I let it go",
      "annotations": {},
      "timestamp": "0"
    }
  ]
}