{
  "song_title": "Testa",
  "writer": "Frith Hilton",
  "release_date": "February 18, 2024",
  "cover": "https://frithhilton.com.ng/musicpool/covers/11/251.jpg",
  "mp3_url": "https://frithhilton.com.ng/mp3/11/13.)Testa.mp3",
  "duration": 182.232,
  "id": "251",
  "lyrics": [
    {
      "line": "[Chorus]",
      "annotations": {},
      "timestamp": "0"
    },
    {
      "line": "I found a girl",
      "annotations": {},
      "timestamp": "0"
    },
    {
      "line": "Might say it open",
      "annotations": {},
      "timestamp": "0"
    },
    {
      "line": "I found a girl",
      "annotations": {},
      "timestamp": "0"
    },
    {
      "line": "Might say it’s the end",
      "annotations": {},
      "timestamp": "0"
    },
    {
      "line": "But is it the way I will feel",
      "annotations": {},
      "timestamp": "0"
    },
    {
      "line": "The way I’ll gain",
      "annotations": {},
      "timestamp": "0"
    },
    {
      "line": "The way I’ll pay",
      "annotations": {},
      "timestamp": "0"
    },
    {
      "line": "Burr day",
      "annotations": {},
      "timestamp": "0"
    },
    {
      "line": "Sail, I did your way",
      "annotations": {},
      "timestamp": "0"
    },
    {
      "line": "I will say",
      "annotations": {},
      "timestamp": "0"
    },
    {
      "line": "I came",
      "annotations": {},
      "timestamp": "0"
    },
    {
      "line": "For testa",
      "annotations": {},
      "timestamp": "0"
    },
    {
      "line": "Oh comments, common best to her",
      "annotations": {},
      "timestamp": "0"
    },
    {
      "line": "Someone better, someone better",
      "annotations": {},
      "timestamp": "0"
    },
    {
      "line": "Someone best to us",
      "annotations": {},
      "timestamp": "0"
    },
    {
      "line": "My cursive not holding this down",
      "annotations": {},
      "timestamp": "0"
    },
    {
      "line": "",
      "annotations": {},
      "timestamp": "0"
    },
    {
      "line": "[Verse 1]",
      "annotations": {},
      "timestamp": "0"
    },
    {
      "line": "I’m waning, I'm whining",
      "annotations": {},
      "timestamp": "0"
    },
    {
      "line": "When I take my ends",
      "annotations": {},
      "timestamp": "0"
    },
    {
      "line": "And I'm heavy on this",
      "annotations": {},
      "timestamp": "0"
    },
    {
      "line": "Feeling, feeling",
      "annotations": {},
      "timestamp": "0"
    },
    {
      "line": "I don’t know how to let it go",
      "annotations": {},
      "timestamp": "0"
    },
    {
      "line": "",
      "annotations": {},
      "timestamp": "0"
    },
    {
      "line": "[Verse 2]",
      "annotations": {},
      "timestamp": "0"
    },
    {
      "line": "Maybe this won’t come around again",
      "annotations": {},
      "timestamp": "0"
    },
    {
      "line": "This pessimistic feeling",
      "annotations": {},
      "timestamp": "0"
    },
    {
      "line": "Maybe baby I’ll save that I can let it go",
      "annotations": {},
      "timestamp": "0"
    },
    {
      "line": "I’ll say I won’t fight it",
      "annotations": {},
      "timestamp": "0"
    },
    {
      "line": "But I'm going to honing",
      "annotations": {},
      "timestamp": "0"
    },
    {
      "line": "And I mean this . . .",
      "annotations": {},
      "timestamp": "0"
    },
    {
      "line": "To on my ward",
      "annotations": {},
      "timestamp": "0"
    },
    {
      "line": "I’m going to owning",
      "annotations": {},
      "timestamp": "0"
    },
    {
      "line": "My mistakes, my phase of poverty in",
      "annotations": {},
      "timestamp": "0"
    },
    {
      "line": "Brother I think I have it",
      "annotations": {},
      "timestamp": "0"
    },
    {
      "line": "Nothing personal just above it",
      "annotations": {},
      "timestamp": "0"
    },
    {
      "line": "Come on, we go check on her",
      "annotations": {},
      "timestamp": "0"
    },
    {
      "line": "This picture",
      "annotations": {},
      "timestamp": "0"
    },
    {
      "line": "I’m out this hung",
      "annotations": {},
      "timestamp": "0"
    },
    {
      "line": "Easy here",
      "annotations": {},
      "timestamp": "0"
    },
    {
      "line": "Beating in my heart",
      "annotations": {},
      "timestamp": "0"
    },
    {
      "line": "Photo apart",
      "annotations": {},
      "timestamp": "0"
    },
    {
      "line": "Would I give back",
      "annotations": {},
      "timestamp": "0"
    },
    {
      "line": "What I’ve never never had",
      "annotations": {},
      "timestamp": "0"
    },
    {
      "line": "Never never will I half",
      "annotations": {},
      "timestamp": "0"
    },
    {
      "line": "Oh oh",
      "annotations": {},
      "timestamp": "0"
    },
    {
      "line": "Still mode, too much effects",
      "annotations": {},
      "timestamp": "0"
    },
    {
      "line": "That’s how she commands",
      "annotations": {},
      "timestamp": "0"
    }
  ]
}