{
  "song_title": "Respiring",
  "writer": "Frith Hilton",
  "release_date": "February 18, 2024",
  "cover": "https://frithhilton.com.ng/musicpool/covers/11/252.jpg",
  "mp3_url": "https://frithhilton.com.ng/mp3/11/14.)Respiring.mp3",
  "duration": 139.176,
  "id": "252",
  "lyrics": [
    {
      "line": "[Verse 1]",
      "annotations": {},
      "timestamp": "0"
    },
    {
      "line": "I wish I could say",
      "annotations": {},
      "timestamp": "0"
    },
    {
      "line": "I love you",
      "annotations": {},
      "timestamp": "0"
    },
    {
      "line": "I wish I could say",
      "annotations": {},
      "timestamp": "0"
    },
    {
      "line": "I’ll do it all over",
      "annotations": {},
      "timestamp": "0"
    },
    {
      "line": "Cos my goodbye has come",
      "annotations": {},
      "timestamp": "0"
    },
    {
      "line": "And I have to ride with you",
      "annotations": {},
      "timestamp": "0"
    },
    {
      "line": "With you, with you, with you",
      "annotations": {},
      "timestamp": "0"
    },
    {
      "line": "I gotta handle a raccoon",
      "annotations": {},
      "timestamp": "0"
    },
    {
      "line": "It’s giving me all the lead buddy",
      "annotations": {},
      "timestamp": "0"
    },
    {
      "line": "",
      "annotations": {},
      "timestamp": "0"
    },
    {
      "line": "[Verse 2]",
      "annotations": {},
      "timestamp": "0"
    },
    {
      "line": "And I can say whatever",
      "annotations": {},
      "timestamp": "0"
    },
    {
      "line": "Band whatever",
      "annotations": {},
      "timestamp": "0"
    },
    {
      "line": "Gal on you",
      "annotations": {},
      "timestamp": "0"
    },
    {
      "line": "Hit me with the curve, the scary",
      "annotations": {},
      "timestamp": "0"
    },
    {
      "line": "Got me feeling like I could be the one",
      "annotations": {},
      "timestamp": "0"
    },
    {
      "line": "",
      "annotations": {},
      "timestamp": "0"
    },
    {
      "line": "[Chorus]",
      "annotations": {},
      "timestamp": "0"
    },
    {
      "line": "On a note, respiring",
      "annotations": {},
      "timestamp": "0"
    },
    {
      "line": "My time not starting up",
      "annotations": {},
      "timestamp": "0"
    },
    {
      "line": "She said, she said",
      "annotations": {},
      "timestamp": "0"
    },
    {
      "line": "It don’t have to end",
      "annotations": {},
      "timestamp": "0"
    },
    {
      "line": "My time, my time not starting right now",
      "annotations": {},
      "timestamp": "0"
    },
    {
      "line": "She said it is a nay",
      "annotations": {},
      "timestamp": "0"
    },
    {
      "line": "It doesn’t end",
      "annotations": {},
      "timestamp": "0"
    },
    {
      "line": "",
      "annotations": {},
      "timestamp": "0"
    },
    {
      "line": "[Verse 3]",
      "annotations": {},
      "timestamp": "0"
    },
    {
      "line": "Body on body all I ever dream",
      "annotations": {},
      "timestamp": "0"
    },
    {
      "line": "All I ever dream",
      "annotations": {},
      "timestamp": "0"
    },
    {
      "line": "I count three",
      "annotations": {},
      "timestamp": "0"
    },
    {
      "line": "Body on body it’s all I evеr dream",
      "annotations": {},
      "timestamp": "0"
    },
    {
      "line": "Am I really real",
      "annotations": {},
      "timestamp": "0"
    },
    {
      "line": "Bеcause she mine and I'm just high",
      "annotations": {},
      "timestamp": "0"
    },
    {
      "line": "High on marge, you are a séance",
      "annotations": {},
      "timestamp": "0"
    },
    {
      "line": "",
      "annotations": {},
      "timestamp": "0"
    },
    {
      "line": "[Outro]",
      "annotations": {},
      "timestamp": "0"
    },
    {
      "line": "Loving, loving all the time",
      "annotations": {},
      "timestamp": "0"
    },
    {
      "line": "Loving, loving, loving all the time",
      "annotations": {},
      "timestamp": "0"
    }
  ]
}