{
  "song_title": "Pretty girl",
  "writer": "Frith Hilton",
  "release_date": "February 18, 2024",
  "cover": "https://frithhilton.com.ng/musicpool/covers/11/253.jpg",
  "mp3_url": "https://frithhilton.com.ng/mp3/11/15.)Pretty girl.mp3",
  "duration": 189.288,
  "id": "253",
  "lyrics": [
    {
      "line": "[Verse 1]",
      "annotations": {},
      "timestamp": "0"
    },
    {
      "line": "Seen something special lately here",
      "annotations": {},
      "timestamp": "0"
    },
    {
      "line": "That girl",
      "annotations": {},
      "timestamp": "0"
    },
    {
      "line": "Pat me on the back",
      "annotations": {},
      "timestamp": "0"
    },
    {
      "line": "Tell me that you like it",
      "annotations": {},
      "timestamp": "0"
    },
    {
      "line": "Ah!",
      "annotations": {},
      "timestamp": "0"
    },
    {
      "line": "Pat me on the back",
      "annotations": {},
      "timestamp": "0"
    },
    {
      "line": "Girl I’ll tell you that I like it",
      "annotations": {},
      "timestamp": "0"
    },
    {
      "line": "Oh oh ",
      "annotations": {},
      "timestamp": "0"
    },
    {
      "line": "",
      "annotations": {},
      "timestamp": "0"
    },
    {
      "line": "[Verse 2]",
      "annotations": {},
      "timestamp": "0"
    },
    {
      "line": "Pretty girl with the pretty face",
      "annotations": {},
      "timestamp": "0"
    },
    {
      "line": "Can you come my way",
      "annotations": {},
      "timestamp": "0"
    },
    {
      "line": "Pretty girl with the pretty face",
      "annotations": {},
      "timestamp": "0"
    },
    {
      "line": "Can you tell me how you feel the same",
      "annotations": {},
      "timestamp": "0"
    },
    {
      "line": "I have been on your radar for a while now",
      "annotations": {},
      "timestamp": "0"
    },
    {
      "line": "And I have said it so many times",
      "annotations": {},
      "timestamp": "0"
    },
    {
      "line": "Avid I love that face",
      "annotations": {},
      "timestamp": "0"
    },
    {
      "line": "",
      "annotations": {},
      "timestamp": "0"
    },
    {
      "line": "[Verse 3]",
      "annotations": {},
      "timestamp": "0"
    },
    {
      "line": "Pretty girl with the pretty face",
      "annotations": {},
      "timestamp": "0"
    },
    {
      "line": "Can you tell that I'm still here",
      "annotations": {},
      "timestamp": "0"
    },
    {
      "line": "Calling out your name to the sky",
      "annotations": {},
      "timestamp": "0"
    },
    {
      "line": "Pretty girl with the pretty face",
      "annotations": {},
      "timestamp": "0"
    },
    {
      "line": "Can you tell that I'm still here",
      "annotations": {},
      "timestamp": "0"
    },
    {
      "line": "Shouting h rny to the sky",
      "annotations": {},
      "timestamp": "0"
    },
    {
      "line": "I’m just in on my first song",
      "annotations": {},
      "timestamp": "0"
    },
    {
      "line": "Okay, I wanna say that I care",
      "annotations": {},
      "timestamp": "0"
    },
    {
      "line": "",
      "annotations": {},
      "timestamp": "0"
    },
    {
      "line": "[Verse 4]",
      "annotations": {},
      "timestamp": "0"
    },
    {
      "line": "Seen a lot of guys",
      "annotations": {},
      "timestamp": "0"
    },
    {
      "line": "But I know that when I hum here",
      "annotations": {},
      "timestamp": "0"
    },
    {
      "line": "Promise I'm gonna try",
      "annotations": {},
      "timestamp": "0"
    },
    {
      "line": "To fully show",
      "annotations": {},
      "timestamp": "0"
    },
    {
      "line": "H ll my lady",
      "annotations": {},
      "timestamp": "0"
    },
    {
      "line": "If I still lily sweat",
      "annotations": {},
      "timestamp": "0"
    },
    {
      "line": "If I still lily swear, you’re here",
      "annotations": {},
      "timestamp": "0"
    },
    {
      "line": "My legs floating",
      "annotations": {},
      "timestamp": "0"
    }
  ]
}