{
  "song_title": "Vacation",
  "writer": "Frith Hilton",
  "release_date": "February 20, 2024",
  "cover": "https://frithhilton.com.ng/musicpool/covers/11/254.jpg",
  "mp3_url": "https://frithhilton.com.ng/mp3/11/16.)Vacation.mp3",
  "duration": 201.744,
  "id": "254",
  "lyrics": [
    {
      "line": "[Intro]",
      "annotations": {},
      "timestamp": "0"
    },
    {
      "line": "Come on, cos I don’t talk about patek and designers don’t mean I never bought some girl some. you know, trip it in, all that shit, it cost a lot.",
      "annotations": {},
      "timestamp": "0"
    },
    {
      "line": "But it don’t cost nothing to say shit about me except you’re putting on tmz. ",
      "annotations": {},
      "timestamp": "0"
    },
    {
      "line": "",
      "annotations": {},
      "timestamp": "0"
    },
    {
      "line": "[Verse 1]",
      "annotations": {},
      "timestamp": "0"
    },
    {
      "line": "Yeah, I wanted to fly away",
      "annotations": {},
      "timestamp": "0"
    },
    {
      "line": "I just want to take a vacation",
      "annotations": {},
      "timestamp": "0"
    },
    {
      "line": "I just want to fly away",
      "annotations": {},
      "timestamp": "0"
    },
    {
      "line": "I just want to take a vacation",
      "annotations": {},
      "timestamp": "0"
    },
    {
      "line": "But I have got too much work over here",
      "annotations": {},
      "timestamp": "0"
    },
    {
      "line": "My girl is not down",
      "annotations": {},
      "timestamp": "0"
    },
    {
      "line": "She say the hustle is real",
      "annotations": {},
      "timestamp": "0"
    },
    {
      "line": "Too real",
      "annotations": {},
      "timestamp": "0"
    },
    {
      "line": "It is the money coming in",
      "annotations": {},
      "timestamp": "0"
    },
    {
      "line": "It’s damn too real",
      "annotations": {},
      "timestamp": "0"
    },
    {
      "line": "",
      "annotations": {},
      "timestamp": "0"
    },
    {
      "line": "[Chorus]",
      "annotations": {},
      "timestamp": "0"
    },
    {
      "line": "So I’m staying in my own way",
      "annotations": {},
      "timestamp": "0"
    },
    {
      "line": "Till I get a vacation",
      "annotations": {},
      "timestamp": "0"
    },
    {
      "line": "I am fapping my head out",
      "annotations": {},
      "timestamp": "0"
    },
    {
      "line": "Till I get a donation",
      "annotations": {},
      "timestamp": "0"
    },
    {
      "line": "Summer come",
      "annotations": {},
      "timestamp": "0"
    },
    {
      "line": "Summer car",
      "annotations": {},
      "timestamp": "0"
    },
    {
      "line": "Summer cum",
      "annotations": {},
      "timestamp": "0"
    },
    {
      "line": "(I get the laud)",
      "annotations": {},
      "timestamp": "0"
    },
    {
      "line": "She could be",
      "annotations": {},
      "timestamp": "0"
    },
    {
      "line": "But now it’s time passed our check",
      "annotations": {},
      "timestamp": "0"
    },
    {
      "line": "She could be, she could be",
      "annotations": {},
      "timestamp": "0"
    },
    {
      "line": "But now it’s time passed our check",
      "annotations": {},
      "timestamp": "0"
    },
    {
      "line": "(but not letting go)",
      "annotations": {},
      "timestamp": "0"
    },
    {
      "line": "",
      "annotations": {},
      "timestamp": "0"
    },
    {
      "line": "[Verse 2]",
      "annotations": {},
      "timestamp": "0"
    },
    {
      "line": "I feel at times that my attitude is not",
      "annotations": {},
      "timestamp": "0"
    },
    {
      "line": "On key",
      "annotations": {},
      "timestamp": "0"
    },
    {
      "line": "Mama told me",
      "annotations": {},
      "timestamp": "0"
    },
    {
      "line": "Please you know, you are somebody",
      "annotations": {},
      "timestamp": "0"
    },
    {
      "line": "So I guess I need a vacation",
      "annotations": {},
      "timestamp": "0"
    },
    {
      "line": "We should talk about our fornications",
      "annotations": {},
      "timestamp": "0"
    },
    {
      "line": "I don’t know if I’m on this; the right station",
      "annotations": {},
      "timestamp": "0"
    },
    {
      "line": "But I know that yes I need a vacation",
      "annotations": {},
      "timestamp": "0"
    },
    {
      "line": "I know I need a vacation",
      "annotations": {},
      "timestamp": "0"
    },
    {
      "line": "My girl told me the hustle is real",
      "annotations": {},
      "timestamp": "0"
    },
    {
      "line": "Hold on boy, you need to hit this deal ",
      "annotations": {},
      "timestamp": "0"
    },
    {
      "line": "",
      "annotations": {},
      "timestamp": "0"
    },
    {
      "line": "[Outro]",
      "annotations": {},
      "timestamp": "0"
    },
    {
      "line": "Hey, so if you’re talking, make sure you’re spending money on that, cos at the end of the day, no one’s listening like? who is listening? hey! who is listening right? I could be smoking weed and doing drugs on the beach from a girl like, sommer ray is not too far from here, she’ll probably be one of the first to listen to this track, and that’s a tender care, if you know what I mean, and if you are looking for a princess, yes, you’re not looking too far, because you are listening to a prince. so, in the end it’s all about life being a vacation",
      "annotations": {},
      "timestamp": "0"
    }
  ]
}