{
  "song_title": "Benny",
  "writer": "Frith Hilton",
  "release_date": "February 25, 2024",
  "cover": "https://frithhilton.com.ng/musicpool/covers/11/256.jpg",
  "mp3_url": "https://frithhilton.com.ng/mp3/11/18.)Benny.mp3",
  "duration": 148.464,
  "id": "256",
  "lyrics": [
    {
      "line": "[Verse 1]",
      "annotations": {},
      "timestamp": "0"
    },
    {
      "line": "Benny on a benny head",
      "annotations": {},
      "timestamp": "0"
    },
    {
      "line": "Benny in a benny head",
      "annotations": {},
      "timestamp": "0"
    },
    {
      "line": "Man over on where we at",
      "annotations": {},
      "timestamp": "0"
    },
    {
      "line": "Id sake you got me in",
      "annotations": {},
      "timestamp": "0"
    },
    {
      "line": "Benny with the benny head",
      "annotations": {},
      "timestamp": "0"
    },
    {
      "line": "Been here with a healthy heart",
      "annotations": {},
      "timestamp": "0"
    },
    {
      "line": "Where I’ve been",
      "annotations": {},
      "timestamp": "0"
    },
    {
      "line": "I’ve been in the back",
      "annotations": {},
      "timestamp": "0"
    },
    {
      "line": "How I’ve been in the back",
      "annotations": {},
      "timestamp": "0"
    },
    {
      "line": "In the class",
      "annotations": {},
      "timestamp": "0"
    },
    {
      "line": "I’ve been causing h ll",
      "annotations": {},
      "timestamp": "0"
    },
    {
      "line": "And I know that I can tell",
      "annotations": {},
      "timestamp": "0"
    },
    {
      "line": "Where it all ends",
      "annotations": {},
      "timestamp": "0"
    },
    {
      "line": "I’ve been in the back",
      "annotations": {},
      "timestamp": "0"
    },
    {
      "line": "I’ve been cussing",
      "annotations": {},
      "timestamp": "0"
    },
    {
      "line": "I’ve been raising up h ll",
      "annotations": {},
      "timestamp": "0"
    },
    {
      "line": "",
      "annotations": {},
      "timestamp": "0"
    },
    {
      "line": "[Chorus]",
      "annotations": {},
      "timestamp": "0"
    },
    {
      "line": "Benny only had",
      "annotations": {},
      "timestamp": "0"
    },
    {
      "line": "Bеnny with the head",
      "annotations": {},
      "timestamp": "0"
    },
    {
      "line": "Wherе I have been",
      "annotations": {},
      "timestamp": "0"
    },
    {
      "line": "I’ve been never never way",
      "annotations": {},
      "timestamp": "0"
    },
    {
      "line": "Been near my horse hard",
      "annotations": {},
      "timestamp": "0"
    },
    {
      "line": "",
      "annotations": {},
      "timestamp": "0"
    },
    {
      "line": "[Verse 2]",
      "annotations": {},
      "timestamp": "0"
    },
    {
      "line": "Help is so bad",
      "annotations": {},
      "timestamp": "0"
    },
    {
      "line": "I’ve been on my bad",
      "annotations": {},
      "timestamp": "0"
    },
    {
      "line": "I’ve been going never rare real fast",
      "annotations": {},
      "timestamp": "0"
    },
    {
      "line": "Dance with me",
      "annotations": {},
      "timestamp": "0"
    },
    {
      "line": "She’ll never @ to me",
      "annotations": {},
      "timestamp": "0"
    },
    {
      "line": "My heart is with me",
      "annotations": {},
      "timestamp": "0"
    },
    {
      "line": "I could like kiss the undead",
      "annotations": {},
      "timestamp": "0"
    },
    {
      "line": "In a sunlit room",
      "annotations": {},
      "timestamp": "0"
    },
    {
      "line": "Nothing shows",
      "annotations": {},
      "timestamp": "0"
    },
    {
      "line": "Where you go",
      "annotations": {},
      "timestamp": "0"
    },
    {
      "line": "",
      "annotations": {},
      "timestamp": "0"
    },
    {
      "line": "[Bridge]",
      "annotations": {},
      "timestamp": "0"
    },
    {
      "line": "My shadow is the window",
      "annotations": {},
      "timestamp": "0"
    },
    {
      "line": "And it shows",
      "annotations": {},
      "timestamp": "0"
    },
    {
      "line": "My shadow, it’s the window",
      "annotations": {},
      "timestamp": "0"
    },
    {
      "line": "When it shows",
      "annotations": {},
      "timestamp": "0"
    },
    {
      "line": "",
      "annotations": {},
      "timestamp": "0"
    },
    {
      "line": "[Outro]",
      "annotations": {},
      "timestamp": "0"
    },
    {
      "line": "Benny had a hat",
      "annotations": {},
      "timestamp": "0"
    },
    {
      "line": "It was benny with the heart",
      "annotations": {},
      "timestamp": "0"
    },
    {
      "line": "Where has he been with the heart",
      "annotations": {},
      "timestamp": "0"
    },
    {
      "line": "Your spin",
      "annotations": {},
      "timestamp": "0"
    },
    {
      "line": "Girl on here no pretence",
      "annotations": {},
      "timestamp": "0"
    }
  ]
}