{
  "song_title": "Beginning",
  "writer": "Frith Hilton",
  "release_date": "February 29, 2024",
  "cover": "https://frithhilton.com.ng/musicpool/covers/11/257.jpg",
  "mp3_url": "https://frithhilton.com.ng/mp3/11/19.)Beginning.mp3",
  "duration": 171.576,
  "id": "257",
  "lyrics": [
    {
      "line": "[Chorus]",
      "annotations": {},
      "timestamp": "0"
    },
    {
      "line": "Let’s go back to the beginning",
      "annotations": {},
      "timestamp": "0"
    },
    {
      "line": "Even for a minute",
      "annotations": {},
      "timestamp": "0"
    },
    {
      "line": "Can we go",
      "annotations": {},
      "timestamp": "0"
    },
    {
      "line": "Back to the beginning",
      "annotations": {},
      "timestamp": "0"
    },
    {
      "line": "Even just a minute",
      "annotations": {},
      "timestamp": "0"
    },
    {
      "line": "End it, beginning",
      "annotations": {},
      "timestamp": "0"
    },
    {
      "line": "",
      "annotations": {},
      "timestamp": "0"
    },
    {
      "line": "[Verse 1]",
      "annotations": {},
      "timestamp": "0"
    },
    {
      "line": "Having you in my head blurs my thoughts",
      "annotations": {},
      "timestamp": "0"
    },
    {
      "line": "And it makes me feel like I can’t get another cut",
      "annotations": {},
      "timestamp": "0"
    },
    {
      "line": "No this this is not the court",
      "annotations": {},
      "timestamp": "0"
    },
    {
      "line": "It’s real as I feel, when I would say I’d do with the win",
      "annotations": {},
      "timestamp": "0"
    },
    {
      "line": "I’m lost on my own",
      "annotations": {},
      "timestamp": "0"
    },
    {
      "line": "Sitting twice don’t mean I have figured it out",
      "annotations": {},
      "timestamp": "0"
    },
    {
      "line": "A waste",
      "annotations": {},
      "timestamp": "0"
    },
    {
      "line": "I’m shaming my freaking feelings",
      "annotations": {},
      "timestamp": "0"
    },
    {
      "line": "Do I think it’s sieving",
      "annotations": {},
      "timestamp": "0"
    },
    {
      "line": "No whoa",
      "annotations": {},
      "timestamp": "0"
    },
    {
      "line": "It’s bigger than I had in mind",
      "annotations": {},
      "timestamp": "0"
    },
    {
      "line": "Oh when you’re not here",
      "annotations": {},
      "timestamp": "0"
    },
    {
      "line": "I just want to come here and say wish",
      "annotations": {},
      "timestamp": "0"
    },
    {
      "line": "I’m wishing no I'm not p ssed",
      "annotations": {},
      "timestamp": "0"
    },
    {
      "line": "I’m just saving this heart of mine",
      "annotations": {},
      "timestamp": "0"
    },
    {
      "line": "No I'm not damning not this time",
      "annotations": {},
      "timestamp": "0"
    },
    {
      "line": "I’m just feeling I can do better if I'm wishing",
      "annotations": {},
      "timestamp": "0"
    },
    {
      "line": "",
      "annotations": {},
      "timestamp": "0"
    },
    {
      "line": "[Chorus]",
      "annotations": {},
      "timestamp": "0"
    },
    {
      "line": "Let’s go back to the beginning",
      "annotations": {},
      "timestamp": "0"
    },
    {
      "line": "Even for a minute",
      "annotations": {},
      "timestamp": "0"
    },
    {
      "line": "Can we go",
      "annotations": {},
      "timestamp": "0"
    },
    {
      "line": "",
      "annotations": {},
      "timestamp": "0"
    },
    {
      "line": "[Verse 2]",
      "annotations": {},
      "timestamp": "0"
    },
    {
      "line": "So I will pray today",
      "annotations": {},
      "timestamp": "0"
    },
    {
      "line": "Everything goes and it comes my way",
      "annotations": {},
      "timestamp": "0"
    },
    {
      "line": "Yet it fallls on my laps",
      "annotations": {},
      "timestamp": "0"
    },
    {
      "line": "Like I got the world at the palm of my hands",
      "annotations": {},
      "timestamp": "0"
    },
    {
      "line": "Even if it’s just mine",
      "annotations": {},
      "timestamp": "0"
    },
    {
      "line": "And I want you in it",
      "annotations": {},
      "timestamp": "0"
    },
    {
      "line": "Blaming myself for too long",
      "annotations": {},
      "timestamp": "0"
    },
    {
      "line": "How would you feel when it’s not me on your songs",
      "annotations": {},
      "timestamp": "0"
    },
    {
      "line": "Oh my I don’t know I'm towing",
      "annotations": {},
      "timestamp": "0"
    },
    {
      "line": "I just want you here with me like all the time",
      "annotations": {},
      "timestamp": "0"
    },
    {
      "line": "Too messed up",
      "annotations": {},
      "timestamp": "0"
    },
    {
      "line": "’cause I'm too with the sentiments of love",
      "annotations": {},
      "timestamp": "0"
    },
    {
      "line": "Of this love",
      "annotations": {},
      "timestamp": "0"
    },
    {
      "line": "Love, this lover gains",
      "annotations": {},
      "timestamp": "0"
    }
  ]
}