{
  "song_title": "Bedroom",
  "writer": "Frith Hilton",
  "release_date": "March 3, 2024",
  "cover": "https://frithhilton.com.ng/musicpool/covers/11/258.jpg",
  "mp3_url": "https://frithhilton.com.ng/mp3/11/20.)Bedroom.mp3",
  "duration": 160.992,
  "id": "258",
  "lyrics": [
    {
      "line": "[Chorus]",
      "annotations": {},
      "timestamp": "0"
    },
    {
      "line": "Can I paint the pace a little down",
      "annotations": {},
      "timestamp": "0"
    },
    {
      "line": "For my heart has lost",
      "annotations": {},
      "timestamp": "0"
    },
    {
      "line": "Its taste for this rhythm",
      "annotations": {},
      "timestamp": "0"
    },
    {
      "line": "Can I paint the pace a little down",
      "annotations": {},
      "timestamp": "0"
    },
    {
      "line": "’cause my heart has lost",
      "annotations": {},
      "timestamp": "0"
    },
    {
      "line": "Its taste for this rhythm",
      "annotations": {},
      "timestamp": "0"
    },
    {
      "line": "",
      "annotations": {},
      "timestamp": "0"
    },
    {
      "line": "[Verse 1]",
      "annotations": {},
      "timestamp": "0"
    },
    {
      "line": "It’s bringing me down everything",
      "annotations": {},
      "timestamp": "0"
    },
    {
      "line": "Call it how I take the worst straw",
      "annotations": {},
      "timestamp": "0"
    },
    {
      "line": "Picking on my thoughts",
      "annotations": {},
      "timestamp": "0"
    },
    {
      "line": "For something more edible",
      "annotations": {},
      "timestamp": "0"
    },
    {
      "line": "Waiting here it suck",
      "annotations": {},
      "timestamp": "0"
    },
    {
      "line": "You suck",
      "annotations": {},
      "timestamp": "0"
    },
    {
      "line": "Every other time, why won’t I try harder",
      "annotations": {},
      "timestamp": "0"
    },
    {
      "line": "My heart is a mess when you’re around",
      "annotations": {},
      "timestamp": "0"
    },
    {
      "line": "And it frowns and it frowns at",
      "annotations": {},
      "timestamp": "0"
    },
    {
      "line": "My heart says something wrong every time",
      "annotations": {},
      "timestamp": "0"
    },
    {
      "line": "",
      "annotations": {},
      "timestamp": "0"
    },
    {
      "line": "[Bridge]",
      "annotations": {},
      "timestamp": "0"
    },
    {
      "line": "Can I paint the pace a . . .",
      "annotations": {},
      "timestamp": "0"
    },
    {
      "line": "",
      "annotations": {},
      "timestamp": "0"
    },
    {
      "line": "[Verse 2]",
      "annotations": {},
      "timestamp": "0"
    },
    {
      "line": "Come tell me that I could be bеtter",
      "annotations": {},
      "timestamp": "0"
    },
    {
      "line": "Come tell mе my life could turn down better",
      "annotations": {},
      "timestamp": "0"
    },
    {
      "line": "Ken is fine, it’s never a fight",
      "annotations": {},
      "timestamp": "0"
    },
    {
      "line": "When it’s fine",
      "annotations": {},
      "timestamp": "0"
    },
    {
      "line": "It’s only in sharing",
      "annotations": {},
      "timestamp": "0"
    },
    {
      "line": "Forever, would I ever let it go",
      "annotations": {},
      "timestamp": "0"
    },
    {
      "line": "Whenever I feel it picking on my thoughts",
      "annotations": {},
      "timestamp": "0"
    },
    {
      "line": "Picking on my worst",
      "annotations": {},
      "timestamp": "0"
    },
    {
      "line": "Have I ever had another thought",
      "annotations": {},
      "timestamp": "0"
    },
    {
      "line": "And I mean for the worst",
      "annotations": {},
      "timestamp": "0"
    },
    {
      "line": "",
      "annotations": {},
      "timestamp": "0"
    },
    {
      "line": "[Outro]",
      "annotations": {},
      "timestamp": "0"
    },
    {
      "line": "So I saw a man sleeping outside",
      "annotations": {},
      "timestamp": "0"
    },
    {
      "line": "And I wondered it could be my bedroom",
      "annotations": {},
      "timestamp": "0"
    },
    {
      "line": "I have felt the room",
      "annotations": {},
      "timestamp": "0"
    }
  ]
}