{
  "song_title": "Sure we lit",
  "writer": "Frith Hilton",
  "release_date": "March 7, 2024",
  "cover": "https://frithhilton.com.ng/musicpool/covers/11/260.jpg",
  "mp3_url": "https://frithhilton.com.ng/mp3/11/22.)Sure we lit.mp3",
  "duration": 181.08,
  "id": "260",
  "lyrics": [
    {
      "line": "[Verse 1]",
      "annotations": {},
      "timestamp": "0"
    },
    {
      "line": "I have spent a lot of time in darkness",
      "annotations": {},
      "timestamp": "0"
    },
    {
      "line": "But this time it’s feeling really different",
      "annotations": {},
      "timestamp": "0"
    },
    {
      "line": "Like something out there is not true",
      "annotations": {},
      "timestamp": "0"
    },
    {
      "line": "And it is the right sense",
      "annotations": {},
      "timestamp": "0"
    },
    {
      "line": "Of this bad tenses that I might choose",
      "annotations": {},
      "timestamp": "0"
    },
    {
      "line": "But I don’t know if am I a choos",
      "annotations": {},
      "timestamp": "0"
    },
    {
      "line": "And my rules on this cruises",
      "annotations": {},
      "timestamp": "0"
    },
    {
      "line": "That I keep going on",
      "annotations": {},
      "timestamp": "0"
    },
    {
      "line": "Like I got shoes to walk in them",
      "annotations": {},
      "timestamp": "0"
    },
    {
      "line": "Boos to hold them down",
      "annotations": {},
      "timestamp": "0"
    },
    {
      "line": "And I ain’t need a new good to hold me down",
      "annotations": {},
      "timestamp": "0"
    },
    {
      "line": "But I'm feeling darker in here",
      "annotations": {},
      "timestamp": "0"
    },
    {
      "line": "Like the lights is not real",
      "annotations": {},
      "timestamp": "0"
    },
    {
      "line": "And it’s just fox in there",
      "annotations": {},
      "timestamp": "0"
    },
    {
      "line": "And I don’t know what to take time for",
      "annotations": {},
      "timestamp": "0"
    },
    {
      "line": "Maybe it’s this",
      "annotations": {},
      "timestamp": "0"
    },
    {
      "line": "Or maybe it’s being I’d visit more",
      "annotations": {},
      "timestamp": "0"
    },
    {
      "line": "Because every time it is nothing but crease",
      "annotations": {},
      "timestamp": "0"
    },
    {
      "line": "I’m trying to look for a better plate",
      "annotations": {},
      "timestamp": "0"
    },
    {
      "line": "Like a better view of my dress",
      "annotations": {},
      "timestamp": "0"
    },
    {
      "line": "But it’s nothing else",
      "annotations": {},
      "timestamp": "0"
    },
    {
      "line": "It’s just the mess",
      "annotations": {},
      "timestamp": "0"
    },
    {
      "line": "And I'm hoping that",
      "annotations": {},
      "timestamp": "0"
    },
    {
      "line": "I don’t get someone vexed",
      "annotations": {},
      "timestamp": "0"
    },
    {
      "line": "",
      "annotations": {},
      "timestamp": "0"
    },
    {
      "line": "[Verse 2]",
      "annotations": {},
      "timestamp": "0"
    },
    {
      "line": "Tell me that it’s not the rest of it",
      "annotations": {},
      "timestamp": "0"
    },
    {
      "line": "Tell me that it’s not what I hope I'm best at",
      "annotations": {},
      "timestamp": "0"
    },
    {
      "line": "Making a fucking address",
      "annotations": {},
      "timestamp": "0"
    },
    {
      "line": "Of something that I should have not done in the first",
      "annotations": {},
      "timestamp": "0"
    },
    {
      "line": "I better get my only girl out there",
      "annotations": {},
      "timestamp": "0"
    },
    {
      "line": "Before I get myself in another weekend of regrets",
      "annotations": {},
      "timestamp": "0"
    },
    {
      "line": "And I'm still hoping for the light",
      "annotations": {},
      "timestamp": "0"
    },
    {
      "line": "Hoping that there is something",
      "annotations": {},
      "timestamp": "0"
    },
    {
      "line": "That I can really take my time to you know fight men",
      "annotations": {},
      "timestamp": "0"
    },
    {
      "line": "Nothing but myself that is the rights men",
      "annotations": {},
      "timestamp": "0"
    },
    {
      "line": "And I know that it’s not only about myself",
      "annotations": {},
      "timestamp": "0"
    },
    {
      "line": "But I just, it is tough to say it is me on the mic",
      "annotations": {},
      "timestamp": "0"
    },
    {
      "line": "Like what else, oh my god",
      "annotations": {},
      "timestamp": "0"
    },
    {
      "line": "And I’ve done nothing right",
      "annotations": {},
      "timestamp": "0"
    },
    {
      "line": "Nothing on this beat right",
      "annotations": {},
      "timestamp": "0"
    },
    {
      "line": "Isn’t even me",
      "annotations": {},
      "timestamp": "0"
    },
    {
      "line": "Or dizzy this fight of this shites",
      "annotations": {},
      "timestamp": "0"
    },
    {
      "line": "Of this girl that I really want to say that",
      "annotations": {},
      "timestamp": "0"
    },
    {
      "line": "I’m lost in the darkness not the light",
      "annotations": {},
      "timestamp": "0"
    },
    {
      "line": "And even when I'm looking out there",
      "annotations": {},
      "timestamp": "0"
    },
    {
      "line": "It’s the darkness in my heart",
      "annotations": {},
      "timestamp": "0"
    },
    {
      "line": "That is really holding me down",
      "annotations": {},
      "timestamp": "0"
    },
    {
      "line": "And I'm wondering what is it I have done",
      "annotations": {},
      "timestamp": "0"
    },
    {
      "line": "What is it I have done",
      "annotations": {},
      "timestamp": "0"
    },
    {
      "line": "It is not so serious",
      "annotations": {},
      "timestamp": "0"
    },
    {
      "line": "Maybe I should just get myself honour",
      "annotations": {},
      "timestamp": "0"
    },
    {
      "line": "",
      "annotations": {},
      "timestamp": "0"
    },
    {
      "line": "[Verse 3]",
      "annotations": {},
      "timestamp": "0"
    },
    {
      "line": "Put myself in front of a raven and you know",
      "annotations": {},
      "timestamp": "0"
    },
    {
      "line": "Cut it off with a scissors",
      "annotations": {},
      "timestamp": "0"
    },
    {
      "line": "Say I bought her a house",
      "annotations": {},
      "timestamp": "0"
    },
    {
      "line": "Say I bought her something better",
      "annotations": {},
      "timestamp": "0"
    },
    {
      "line": "Like girl you don’t need that",
      "annotations": {},
      "timestamp": "0"
    },
    {
      "line": "We don’t need to be out",
      "annotations": {},
      "timestamp": "0"
    },
    {
      "line": "Without a door and kneeling",
      "annotations": {},
      "timestamp": "0"
    },
    {
      "line": "We can put it somewhere",
      "annotations": {},
      "timestamp": "0"
    },
    {
      "line": "And say we washed them really clean",
      "annotations": {},
      "timestamp": "0"
    },
    {
      "line": "Like no the dry cleaners had enough",
      "annotations": {},
      "timestamp": "0"
    },
    {
      "line": "So we had to take it somewhere",
      "annotations": {},
      "timestamp": "0"
    },
    {
      "line": "That babe and I could be like",
      "annotations": {},
      "timestamp": "0"
    },
    {
      "line": "Sure we lit",
      "annotations": {},
      "timestamp": "0"
    },
    {
      "line": "",
      "annotations": {},
      "timestamp": "0"
    },
    {
      "line": "[Background music]",
      "annotations": {},
      "timestamp": "0"
    },
    {
      "line": "If I was letting you go",
      "annotations": {},
      "timestamp": "0"
    },
    {
      "line": "It would be forever",
      "annotations": {},
      "timestamp": "0"
    },
    {
      "line": "Dancing like whatever",
      "annotations": {},
      "timestamp": "0"
    },
    {
      "line": "If I was letting you go",
      "annotations": {},
      "timestamp": "0"
    },
    {
      "line": "It would be forever",
      "annotations": {},
      "timestamp": "0"
    },
    {
      "line": "I’d be dancing like whatever",
      "annotations": {},
      "timestamp": "0"
    },
    {
      "line": "You should know",
      "annotations": {},
      "timestamp": "0"
    },
    {
      "line": "Got a show",
      "annotations": {},
      "timestamp": "0"
    },
    {
      "line": "Goes on",
      "annotations": {},
      "timestamp": "0"
    },
    {
      "line": "I’m in the attic pondering what now",
      "annotations": {},
      "timestamp": "0"
    },
    {
      "line": "Girl you should know",
      "annotations": {},
      "timestamp": "0"
    },
    {
      "line": "My show goes on",
      "annotations": {},
      "timestamp": "0"
    },
    {
      "line": "In the attic pondering",
      "annotations": {},
      "timestamp": "0"
    },
    {
      "line": "Whether I'm still an addict",
      "annotations": {},
      "timestamp": "0"
    },
    {
      "line": "Looking a mess",
      "annotations": {},
      "timestamp": "0"
    },
    {
      "line": "Picking up tracts",
      "annotations": {},
      "timestamp": "0"
    },
    {
      "line": "I feel that nothing I’ll feel should be undressed",
      "annotations": {},
      "timestamp": "0"
    },
    {
      "line": "Taking my mind out",
      "annotations": {},
      "timestamp": "0"
    },
    {
      "line": "Nothing comes out",
      "annotations": {},
      "timestamp": "0"
    },
    {
      "line": "It’s this big mouth trying to be a lout",
      "annotations": {},
      "timestamp": "0"
    },
    {
      "line": "And I’ve been the one",
      "annotations": {},
      "timestamp": "0"
    },
    {
      "line": "Sleeping, so pained, sipping",
      "annotations": {},
      "timestamp": "0"
    },
    {
      "line": "And I just ponder",
      "annotations": {},
      "timestamp": "0"
    },
    {
      "line": "Do I feel they get the real picture",
      "annotations": {},
      "timestamp": "0"
    },
    {
      "line": "Making me feel bad",
      "annotations": {},
      "timestamp": "0"
    },
    {
      "line": "Making me feel like I don’t feel",
      "annotations": {},
      "timestamp": "0"
    },
    {
      "line": "How do you feel about that",
      "annotations": {},
      "timestamp": "0"
    },
    {
      "line": "My heart it’s not here no more",
      "annotations": {},
      "timestamp": "0"
    },
    {
      "line": "Not with me no more",
      "annotations": {},
      "timestamp": "0"
    },
    {
      "line": "Not how I want to",
      "annotations": {},
      "timestamp": "0"
    }
  ]
}