{
  "song_title": "So alive Overture",
  "writer": "Frith Hilton",
  "release_date": "May 4, 2025",
  "cover": "https://frithhilton.com.ng/pages/musicpool-db/covers/whereIsTheMoodRobot/1.jpg",
  "mp3_url": "https://frithhilton.com.ng/pages/musicpool-db/mp3/whereIsTheMoodRobot/1.mp3",
  "duration": 165,
  "id": "352",
  "lyrics": [
    {
      "line": "[Intro]",
      "annotations": {},
      "timestamp": "0.00"
    },
    {
      "line": "Fresh Boy Chilling",
      "annotations": {},
      "timestamp": "3.23"
    },
    {
      "line": "Preface of my old tales",
      "annotations": {},
      "timestamp": "10.85"
    },
    {
      "line": "Pressing me now and then",
      "annotations": {},
      "timestamp": "21.47"
    },
    {
      "line": "Now and then ah",
      "annotations": {},
      "timestamp": "24.54"
    },
    {
      "line": "",
      "annotations": {},
      "timestamp": "0"
    },
    {
      "line": "[Verse 1]",
      "annotations": {},
      "timestamp": "27.25"
    },
    {
      "line": "Pick the pace up",
      "annotations": {},
      "timestamp": "28.29"
    },
    {
      "line": "Don't let this be the end of the stories of the pages",
      "annotations": {},
      "timestamp": "31.08"
    },
    {
      "line": "She says",
      "annotations": {},
      "timestamp": "37.59"
    },
    {
      "line": "Wishing on me",
      "annotations": {},
      "timestamp": "39.50"
    },
    {
      "line": "How far from hell",
      "annotations": {},
      "timestamp": "42.74"
    },
    {
      "line": "Wishing on dissent of what you feel the most",
      "annotations": {},
      "timestamp": "45.88"
    },
    {
      "line": "",
      "annotations": {},
      "timestamp": "0"
    },
    {
      "line": "[Chorus]",
      "annotations": {},
      "timestamp": "53.69"
    },
    {
      "line": "How she does it",
      "annotations": {},
      "timestamp": "56.93"
    },
    {
      "line": "She keeps it",
      "annotations": {},
      "timestamp": "59.70"
    },
    {
      "line": "Makes me feel so alive",
      "annotations": {},
      "timestamp": "61.42"
    },
    {
      "line": "Oh oh",
      "annotations": {},
      "timestamp": "65.41"
    },
    {
      "line": "How she does it",
      "annotations": {},
      "timestamp": "67.35"
    },
    {
      "line": "Keeping me alive",
      "annotations": {},
      "timestamp": "70.80"
    },
    {
      "line": "Never touching the dissent, not for the feel",
      "annotations": {},
      "timestamp": "74.03"
    },
    {
      "line": "",
      "annotations": {},
      "timestamp": "0"
    },
    {
      "line": "[Verse 2]",
      "annotations": {},
      "timestamp": "80.26"
    },
    {
      "line": "That's the kind of life I live",
      "annotations": {},
      "timestamp": "81.04"
    },
    {
      "line": "Fast pace, wishing now we'll get another real tale",
      "annotations": {},
      "timestamp": "87.65"
    },
    {
      "line": "And I'm out here with these girls",
      "annotations": {},
      "timestamp": "93.33"
    },
    {
      "line": "Just another phase of my life",
      "annotations": {},
      "timestamp": "98.10"
    },
    {
      "line": "This is a carryout home",
      "annotations": {},
      "timestamp": "101.41"
    },
    {
      "line": "I just say: and be happier",
      "annotations": {},
      "timestamp": "103.74"
    },
    {
      "line": "",
      "annotations": {},
      "timestamp": "0"
    },
    {
      "line": "[Chorus]",
      "annotations": {},
      "timestamp": "106.13"
    },
    {
      "line": "How she does it",
      "annotations": {},
      "timestamp": "108.57"
    },
    {
      "line": "She keeps it",
      "annotations": {},
      "timestamp": "112.53"
    },
    {
      "line": "Makes me feel so alive",
      "annotations": {},
      "timestamp": "114.77"
    },
    {
      "line": "Oh oh",
      "annotations": {},
      "timestamp": "118.17"
    },
    {
      "line": "How she does it",
      "annotations": {},
      "timestamp": "120.81"
    },
    {
      "line": "Keeping me alive",
      "annotations": {},
      "timestamp": "123.97"
    },
    {
      "line": "Never touching the dissent, not for the feel",
      "annotations": {},
      "timestamp": "127.30"
    },
    {
      "line": "",
      "annotations": {},
      "timestamp": "0"
    },
    {
      "line": "[Outro]",
      "annotations": {},
      "timestamp": "133.32"
    },
    {
      "line": "So alive",
      "annotations": {},
      "timestamp": "135.89"
    },
    {
      "line": "Makes me feel so alive",
      "annotations": {},
      "timestamp": "155.94"
    }
  ]
}
