{
  "song_title": "Isn't it yours",
  "writer": "Frith Hilton",
  "release_date": "May 25, 2025",
  "cover": "https://frithhilton.com.ng/pages/musicpool-db/covers/whereIsTheMoodRobot/2.jpg",
  "mp3_url": "https://frithhilton.com.ng/pages/musicpool-db/mp3/whereIsTheMoodRobot/2.mp3",
  "duration": 164,
  "id": "353",
  "lyrics": [
    {
      "line": "[Intro]",
      "annotations": {},
      "timestamp": "0.00"
    },
    {
      "line": "Oh oh",
      "annotations": {},
      "timestamp": "1.41"
    },
    {
      "line": "",
      "annotations": {},
      "timestamp": "0"
    },
    {
      "line": "[Verse 1]",
      "annotations": {},
      "timestamp": "12.77"
    },
    {
      "line": "Take my life away from me",
      "annotations": {},
      "timestamp": "13.79"
    },
    {
      "line": "Saying I don't want it anymore",
      "annotations": {},
      "timestamp": "19.43"
    },
    {
      "line": "Want an end, this pain",
      "annotations": {},
      "timestamp": "25.92"
    },
    {
      "line": "This pain I feel all over me here",
      "annotations": {},
      "timestamp": "31.61"
    },
    {
      "line": "",
      "annotations": {},
      "timestamp": "0"
    },
    {
      "line": "[Bridge]",
      "annotations": {},
      "timestamp": "39.72"
    },
    {
      "line": "Take it back from me",
      "annotations": {},
      "timestamp": "41.15"
    },
    {
      "line": "I bet I bought it, the other time that I wanted in",
      "annotations": {},
      "timestamp": "46.20"
    },
    {
      "line": "Now I just want it away from me",
      "annotations": {},
      "timestamp": "50.31"
    },
    {
      "line": "",
      "annotations": {},
      "timestamp": "0"
    },
    {
      "line": "[Verse 2]",
      "annotations": {},
      "timestamp": "55.84"
    },
    {
      "line": "This burden has got me",
      "annotations": {},
      "timestamp": "56.68"
    },
    {
      "line": "Holding on to what was left",
      "annotations": {},
      "timestamp": "60.04"
    },
    {
      "line": "Wanna say that I want you",
      "annotations": {},
      "timestamp": "65.54"
    },
    {
      "line": "Cos I love going further with the beat I lost",
      "annotations": {},
      "timestamp": "69.91"
    },
    {
      "line": "Am I her hero, a murderer?",
      "annotations": {},
      "timestamp": "77.56"
    },
    {
      "line": "Cos I don't know",
      "annotations": {},
      "timestamp": "81.67"
    },
    {
      "line": "Know anymore, when this heart beats slow",
      "annotations": {},
      "timestamp": "85.43"
    },
    {
      "line": "Slow",
      "annotations": {},
      "timestamp": "95.54"
    },
    {
      "line": "",
      "annotations": {},
      "timestamp": "0"
    },
    {
      "line": "[Verse 3]",
      "annotations": {},
      "timestamp": "97.41"
    },
    {
      "line": "It is mine, all mine to give",
      "annotations": {},
      "timestamp": "98.46"
    },
    {
      "line": "I give into you my princess",
      "annotations": {},
      "timestamp": "106.25"
    },
    {
      "line": "How you ever will help me not to be present",
      "annotations": {},
      "timestamp": "114.05"
    },
    {
      "line": "I just want to give it right back to you",
      "annotations": {},
      "timestamp": "122.15"
    },
    {
      "line": "Right back to you from the start",
      "annotations": {},
      "timestamp": "127.07"
    },
    {
      "line": "Isn't it yours",
      "annotations": {},
      "timestamp": "134.90"
    },
    {
      "line": "Isn't it yours",
      "annotations": {},
      "timestamp": "137.18"
    },
    {
      "line": "Isn't it yours",
      "annotations": {},
      "timestamp": "140.69"
    },
    {
      "line": "Isn't it yours",
      "annotations": {},
      "timestamp": "146.57"
    },
    {
      "line": "Fresh Boy Chilling",
      "annotations": {},
      "timestamp": "151.97"
    }
  ]
}
