{
  "song_title": "Old Passions",
  "writer": "Frith Hilton",
  "release_date": "June 8, 2025",
  "cover": "https://frithhilton.com.ng/pages/musicpool-db/covers/whereIsTheMoodRobot/3.jpg",
  "mp3_url": "https://frithhilton.com.ng/pages/musicpool-db/mp3/whereIsTheMoodRobot/3.mp3",
  "duration": 190,
  "id": "354",
  "lyrics": [
    {
      "line": "[Intro]",
      "annotations": {},
      "timestamp": "0.00"
    },
    {
      "line": "Fresh Boy Chilling",
      "annotations": {},
      "timestamp": "5.67"
    },
    {
      "line": "",
      "annotations": {},
      "timestamp": "0"
    },
    {
      "line": "[Verse 1]",
      "annotations": {},
      "timestamp": "20.66"
    },
    {
      "line": "I know you see my face girl",
      "annotations": {},
      "timestamp": "22.37"
    },
    {
      "line": "Thinking bloc out here",
      "annotations": {},
      "timestamp": "26.51"
    },
    {
      "line": "I said it, I really wanna you make mine",
      "annotations": {},
      "timestamp": "29.82"
    },
    {
      "line": "I know you see my passion",
      "annotations": {},
      "timestamp": "33.90"
    },
    {
      "line": "It flows out these words I say",
      "annotations": {},
      "timestamp": "39.22"
    },
    {
      "line": "Pretty, cursor fresh like the day",
      "annotations": {},
      "timestamp": "43.46"
    },
    {
      "line": "I'm with it, I'm tryna get you to be mine",
      "annotations": {},
      "timestamp": "51.33"
    },
    {
      "line": "All of it for you",
      "annotations": {},
      "timestamp": "56.92"
    },
    {
      "line": "Don't be acting like you don't know",
      "annotations": {},
      "timestamp": "59.85"
    },
    {
      "line": "I'll be in the county looking for another bounty",
      "annotations": {},
      "timestamp": "62.36"
    },
    {
      "line": "Better peeled, better sitting on this",
      "annotations": {},
      "timestamp": "66.99"
    },
    {
      "line": "Better with damning Frith",
      "annotations": {},
      "timestamp": "73.34"
    },
    {
      "line": "She knows it",
      "annotations": {},
      "timestamp": "78.14"
    },
    {
      "line": "",
      "annotations": {},
      "timestamp": "0"
    },
    {
      "line": "[Chorus]",
      "annotations": {},
      "timestamp": "79.55"
    },
    {
      "line": "The love quickly fades off no pages",
      "annotations": {},
      "timestamp": "79.96"
    },
    {
      "line": "When it's written by me",
      "annotations": {},
      "timestamp": "86.01"
    },
    {
      "line": "When it's written by me",
      "annotations": {},
      "timestamp": "88.94"
    },
    {
      "line": "Love quickly fades off no pages",
      "annotations": {},
      "timestamp": "90.89"
    },
    {
      "line": "When it's written by me",
      "annotations": {},
      "timestamp": "96.10"
    },
    {
      "line": "It's written by me for you",
      "annotations": {},
      "timestamp": "99.28"
    },
    {
      "line": "Saying how much",
      "annotations": {},
      "timestamp": "104.30"
    },
    {
      "line": "I wanna take you over all my old passions",
      "annotations": {},
      "timestamp": "105.62"
    },
    {
      "line": "",
      "annotations": {},
      "timestamp": "0"
    },
    {
      "line": "[Verse 2]",
      "annotations": {},
      "timestamp": "113.94"
    },
    {
      "line": "I don't want nothing nostalgic",
      "annotations": {},
      "timestamp": "114.62"
    },
    {
      "line": "Not missing no oath magic",
      "annotations": {},
      "timestamp": "120.18"
    },
    {
      "line": "Loving how you speak",
      "annotations": {},
      "timestamp": "125.56"
    },
    {
      "line": "Don't fizzle out of my pages",
      "annotations": {},
      "timestamp": "128.64"
    },
    {
      "line": "Heavier time, working it out",
      "annotations": {},
      "timestamp": "136.45"
    },
    {
      "line": "Love in loving, love in the air",
      "annotations": {},
      "timestamp": "142.09"
    },
    {
      "line": "",
      "annotations": {},
      "timestamp": "0"
    },
    {
      "line": "[Chorus]",
      "annotations": {},
      "timestamp": "146.45"
    },
    {
      "line": "The love quickly fades off no pages",
      "annotations": {},
      "timestamp": "147.00"
    },
    {
      "line": "When it's written by me",
      "annotations": {},
      "timestamp": "153.68"
    },
    {
      "line": "When it's written by me",
      "annotations": {},
      "timestamp": "156.57"
    },
    {
      "line": "Love quickly fades off no pages",
      "annotations": {},
      "timestamp": "158.59"
    },
    {
      "line": "When it's written by me",
      "annotations": {},
      "timestamp": "164.24"
    },
    {
      "line": "It's written by me for you",
      "annotations": {},
      "timestamp": "166.75"
    },
    {
      "line": "Saying how much",
      "annotations": {},
      "timestamp": "171.16"
    },
    {
      "line": "I wanna take you over all my old passions",
      "annotations": {},
      "timestamp": "173.39"
    }
  ]
}
