{
  "song_title": "Bread II",
  "writer": "Frith Hilton",
  "release_date": "June 10, 2025",
  "cover": "https://frithhilton.com.ng/pages/musicpool-db/covers/whereIsTheMoodRobot/4.jpg",
  "mp3_url": "https://frithhilton.com.ng/pages/musicpool-db/mp3/whereIsTheMoodRobot/4.mp3",
  "duration": 133,
  "id": "355",
  "lyrics": [
    {
      "line": "[Intro]",
      "annotations": {},
      "timestamp": "0.00"
    },
    {
      "line": "Fresh Boy Chilling",
      "annotations": {},
      "timestamp": "3.75"
    },
    {
      "line": "",
      "annotations": {},
      "timestamp": "0"
    },
    {
      "line": "[Verse 1]",
      "annotations": {},
      "timestamp": "11.59"
    },
    {
      "line": "Sadness holla from me",
      "annotations": {},
      "timestamp": "16.48"
    },
    {
      "line": "To talk about it",
      "annotations": {},
      "timestamp": "21.05"
    },
    {
      "line": "I'm out for her reef",
      "annotations": {},
      "timestamp": "26.49"
    },
    {
      "line": "Sadness all over me",
      "annotations": {},
      "timestamp": "31.82"
    },
    {
      "line": "To talk about it, so furtive",
      "annotations": {},
      "timestamp": "36.88"
    },
    {
      "line": "",
      "annotations": {},
      "timestamp": "0"
    },
    {
      "line": "[Verse 2]",
      "annotations": {},
      "timestamp": "44.09"
    },
    {
      "line": "Smiling? Everything gone wrong",
      "annotations": {},
      "timestamp": "45.72"
    },
    {
      "line": "Feud nigh, pleasure leader hoarder",
      "annotations": {},
      "timestamp": "50.31"
    },
    {
      "line": "I'm usually better off this",
      "annotations": {},
      "timestamp": "55.71"
    },
    {
      "line": "I'm better, but it's her skill",
      "annotations": {},
      "timestamp": "60.82"
    },
    {
      "line": "Of this; serving for the fail",
      "annotations": {},
      "timestamp": "63.76"
    },
    {
      "line": "Losing all ends, losing I pretend",
      "annotations": {},
      "timestamp": "68.58"
    },
    {
      "line": "I get off better",
      "annotations": {},
      "timestamp": "73.82"
    },
    {
      "line": "Wishing I could come out clearer",
      "annotations": {},
      "timestamp": "78.51"
    },
    {
      "line": "Share the feelings I think I'll get her",
      "annotations": {},
      "timestamp": "83.13"
    },
    {
      "line": "In my head, we should leave it all dead",
      "annotations": {},
      "timestamp": "89.69"
    },
    {
      "line": "In my bed, wishing she will depend",
      "annotations": {},
      "timestamp": "97.07"
    },
    {
      "line": "While she's acting out with another man",
      "annotations": {},
      "timestamp": "103.52"
    },
    {
      "line": "I'm feeling all bread",
      "annotations": {},
      "timestamp": "107.53"
    },
    {
      "line": "Feeling all bread don't make sense now",
      "annotations": {},
      "timestamp": "112.44"
    },
    {
      "line": "Shit",
      "annotations": {},
      "timestamp": "117.49"
    }
  ]
}
