{
  "song_title": "Faraway",
  "writer": "Frith Hilton",
  "release_date": "June 10, 2025",
  "cover": "https://frithhilton.com.ng/pages/musicpool-db/covers/whereIsTheMoodRobot/5.jpg",
  "mp3_url": "https://frithhilton.com.ng/pages/musicpool-db/mp3/whereIsTheMoodRobot/5.mp3",
  "duration": 155,
  "id": "356",
  "lyrics": [
    {
      "line": "[Intro]",
      "annotations": {},
      "timestamp": "0.00"
    },
    {
      "line": "Fresh Boy Chilling",
      "annotations": {},
      "timestamp": "3.91"
    },
    {
      "line": "",
      "annotations": {},
      "timestamp": "0"
    },
    {
      "line": "[Verse 1]",
      "annotations": {},
      "timestamp": "10.05"
    },
    {
      "line": "I fell from a height",
      "annotations": {},
      "timestamp": "12.46"
    },
    {
      "line": "I thought I'd seen it all",
      "annotations": {},
      "timestamp": "16.84"
    },
    {
      "line": "Feelings for you",
      "annotations": {},
      "timestamp": "21.95"
    },
    {
      "line": "All mine, I open now",
      "annotations": {},
      "timestamp": "29.86"
    },
    {
      "line": "I'm mopping now",
      "annotations": {},
      "timestamp": "34.40"
    },
    {
      "line": "Far away, the distance from me to you",
      "annotations": {},
      "timestamp": "38.74"
    },
    {
      "line": "Calls me on",
      "annotations": {},
      "timestamp": "47.54"
    },
    {
      "line": "",
      "annotations": {},
      "timestamp": "0"
    },
    {
      "line": "[Chorus]",
      "annotations": {},
      "timestamp": "50.49"
    },
    {
      "line": "Faraway, it's where I need to be",
      "annotations": {},
      "timestamp": "51.53"
    },
    {
      "line": "To be able to get to you",
      "annotations": {},
      "timestamp": "58.70"
    },
    {
      "line": "Walking on",
      "annotations": {},
      "timestamp": "60.79"
    },
    {
      "line": "Faraway, the distance I need to be",
      "annotations": {},
      "timestamp": "64.41"
    },
    {
      "line": "To get to you",
      "annotations": {},
      "timestamp": "71.45"
    },
    {
      "line": "Walking on",
      "annotations": {},
      "timestamp": "74.60"
    },
    {
      "line": "",
      "annotations": {},
      "timestamp": "0"
    },
    {
      "line": "[Verse 2]",
      "annotations": {},
      "timestamp": "76.88"
    },
    {
      "line": "Flowers in the garden",
      "annotations": {},
      "timestamp": "77.88"
    },
    {
      "line": "Don't scent the same",
      "annotations": {},
      "timestamp": "82.57"
    },
    {
      "line": "And the water drops quieter",
      "annotations": {},
      "timestamp": "85.55"
    },
    {
      "line": "Silenter, the voice in my head I'm waiting on",
      "annotations": {},
      "timestamp": "95.24"
    },
    {
      "line": "So I'm putting it out",
      "annotations": {},
      "timestamp": "102.98"
    },
    {
      "line": "Living in a day dream",
      "annotations": {},
      "timestamp": "107.55"
    },
    {
      "line": "Weekend out, all alone at the table",
      "annotations": {},
      "timestamp": "110.92"
    },
    {
      "line": "",
      "annotations": {},
      "timestamp": "0"
    },
    {
      "line": "[Chorus]",
      "annotations": {},
      "timestamp": "115.89"
    },
    {
      "line": "Faraway, it's where I need to be",
      "annotations": {},
      "timestamp": "116.57"
    },
    {
      "line": "To be able to get to you",
      "annotations": {},
      "timestamp": "122.68"
    },
    {
      "line": "Walking on",
      "annotations": {},
      "timestamp": "125.77"
    },
    {
      "line": "Faraway, the distance I need to be",
      "annotations": {},
      "timestamp": "128.49"
    },
    {
      "line": "To get to you",
      "annotations": {},
      "timestamp": "135.45"
    },
    {
      "line": "Walking on",
      "annotations": {},
      "timestamp": "138.69"
    },
    {
      "line": "",
      "annotations": {},
      "timestamp": "0"
    },
    {
      "line": "[Outro]",
      "annotations": {},
      "timestamp": "140.73"
    },
    {
      "line": "Waiting here won't solve a thing",
      "annotations": {},
      "timestamp": "141.35"
    },
    {
      "line": "I'll cry it out",
      "annotations": {},
      "timestamp": "148.82"
    }
  ]
}
