{
  "song_title": "Cheer on me",
  "writer": "Frith Hilton",
  "release_date": "June 11, 2025",
  "cover": "https://frithhilton.com.ng/pages/musicpool-db/covers/whereIsTheMoodRobot/6.jpg",
  "mp3_url": "https://frithhilton.com.ng/pages/musicpool-db/mp3/whereIsTheMoodRobot/6.mp3",
  "duration": 180,
  "id": "357",
  "lyrics": [
  {
    "line": "[Intro]",
    "annotations": {},
    "timestamp": "0.00"
  },
  {
    "line": "Fresh Boy Chilling",
    "annotations": {},
    "timestamp": "4.55"
  },
  {
    "line": "When they come over, they'll say it",
    "annotations": {},
    "timestamp": "10.16"
  },
  {
    "line": "I've got a wild bare date on",
    "annotations": {},
    "timestamp": "15.25"
  },
  {
    "line": "",
    "annotations": {},
    "timestamp": "0"
  },
  {
    "line": "[Verse 1]",
    "annotations": {},
    "timestamp": "21.78"
  },
  {
    "line": "Your friends, in place",
    "annotations": {},
    "timestamp": "22.66"
  },
  {
    "line": "We're all about that race",
    "annotations": {},
    "timestamp": "25.63"
  },
  {
    "line": "You're owning my heart with this stain",
    "annotations": {},
    "timestamp": "28.05"
  },
  {
    "line": "The heart bleed, and it never weighs heavier",
    "annotations": {},
    "timestamp": "31.67"
  },
  {
    "line": "Same feeling with you",
    "annotations": {},
    "timestamp": "40.89"
  },
  {
    "line": "I want it, I love it, I gotta have it",
    "annotations": {},
    "timestamp": "43.87"
  },
  {
    "line": "I told her that I'll be first anytime she calls",
    "annotations": {},
    "timestamp": "45.89"
  },
  {
    "line": "She knows that I'm",
    "annotations": {},
    "timestamp": "49.44"
  },
  {
    "line": "Feeling, fond dear you're under your own rich",
    "annotations": {},
    "timestamp": "51.45"
  },
  {
    "line": "I said it, I know it, my love is on sickle wraith",
    "annotations": {},
    "timestamp": "55.27"
  },
  {
    "line": "On your hearse, every leader feed her raid",
    "annotations": {},
    "timestamp": "59.67"
  },
  {
    "line": "Put it on my mind for the long ride",
    "annotations": {},
    "timestamp": "68.08"
  },
  {
    "line": "",
    "annotations": {},
    "timestamp": "0"
  },
  {
    "line": "[Chorus]",
    "annotations": {},
    "timestamp": "76.78"
  },
  {
    "line": "Cheer you up, on me",
    "annotations": {},
    "timestamp": "77.58"
  },
  {
    "line": "I love how your freight here on me",
    "annotations": {},
    "timestamp": "82.12"
  },
  {
    "line": "She said her ship on me here",
    "annotations": {},
    "timestamp": "88.61"
  },
  {
    "line": "I love how you shine in the light",
    "annotations": {},
    "timestamp": "93.26"
  },
  {
    "line": "",
    "annotations": {},
    "timestamp": "0"
  },
  {
    "line": "[Verse 2]",
    "annotations": {},
    "timestamp": "98.96"
  },
  {
    "line": "It's heart cold in here",
    "annotations": {},
    "timestamp": "100.33"
  },
  {
    "line": "It's eyes closed in here",
    "annotations": {},
    "timestamp": "103.49"
  },
  {
    "line": "Feel nothing in here",
    "annotations": {},
    "timestamp": "106.48"
  },
  {
    "line": "But what goes in here",
    "annotations": {},
    "timestamp": "109.40"
  },
  {
    "line": "It's heart cold in here",
    "annotations": {},
    "timestamp": "112.12"
  },
  {
    "line": "It's eyes closed still here",
    "annotations": {},
    "timestamp": "115.00"
  },
  {
    "line": "I feel nothing but what grows in here",
    "annotations": {},
    "timestamp": "117.73"
  },
  {
    "line": "It's you, was you above a lil goal",
    "annotations": {},
    "timestamp": "123.86"
  },
  {
    "line": "In this money acting thing",
    "annotations": {},
    "timestamp": "130.22"
  },
  {
    "line": "I'll be with you, no bragging things",
    "annotations": {},
    "timestamp": "132.12"
  },
  {
    "line": "How you feeling?",
    "annotations": {},
    "timestamp": "135.45"
  },
  {
    "line": "I'm dancing with one finger out here",
    "annotations": {},
    "timestamp": "137.55"
  },
  {
    "line": "I'll shoot in, and she's got me",
    "annotations": {},
    "timestamp": "141.58"
  },
  {
    "line": "Right in the reeling",
    "annotations": {},
    "timestamp": "144.56"
  },
  {
    "line": "",
    "annotations": {},
    "timestamp": "0"
  },
  {
    "line": "[Outro]",
    "annotations": {},
    "timestamp": "147.10"
  },
  {
    "line": "I'll be wishing on you",
    "annotations": {},
    "timestamp": "148.25"
  },
  {
    "line": "You'll help me back home",
    "annotations": {},
    "timestamp": "153.55"
  },
  {
    "line": "I'm hoping you got a nice soar",
    "annotations": {},
    "timestamp": "158.02"
  }]
}