{
  "song_title": "For it",
  "writer": "Frith Hilton",
  "release_date": "June 13, 2025",
  "cover": "https://frithhilton.com.ng/pages/musicpool-db/covers/whereIsTheMoodRobot/7.jpg",
  "mp3_url": "https://frithhilton.com.ng/pages/musicpool-db/mp3/whereIsTheMoodRobot/7.mp3",
  "duration": 175,
  "id": "358",
  "lyrics": [
  {
    "line": "[Intro]",
    "annotations": {},
    "timestamp": "0.00"
  },
  {
    "line": "Fresh Boy Chilling",
    "annotations": {},
    "timestamp": "2.65"
  },
  {
    "line": "Sometimes you don't think you deserve something but",
    "annotations": {},
    "timestamp": "6.81"
  },
  {
    "line": "At times, it's what is given that you deserve",
    "annotations": {},
    "timestamp": "11.61"
  },
  {
    "line": "",
    "annotations": {},
    "timestamp": "0"
  },
  {
    "line": "[Verse 1]",
    "annotations": {},
    "timestamp": "20.48"
  },
  {
    "line": "I'm a fighter, damn, I'm a fighter",
    "annotations": {},
    "timestamp": "21.50"
  },
  {
    "line": "I wanna fight for it, I wanna knock a man down for it",
    "annotations": {},
    "timestamp": "26.51"
  },
  {
    "line": "Let someone know how far I'll go for it",
    "annotations": {},
    "timestamp": "32.19"
  },
  {
    "line": "Maybe spin my heart, just to make a show for it",
    "annotations": {},
    "timestamp": "37.53"
  },
  {
    "line": "Kill or die, freeze a vibe",
    "annotations": {},
    "timestamp": "42.42"
  },
  {
    "line": "Make her know what I will do for it",
    "annotations": {},
    "timestamp": "47.19"
  },
  {
    "line": "This feeling engulfing, it's for it",
    "annotations": {},
    "timestamp": "51.74"
  },
  {
    "line": "How she's got me so meshed up, willy here",
    "annotations": {},
    "timestamp": "57.29"
  },
  {
    "line": "Emotions I can't take home",
    "annotations": {},
    "timestamp": "62.92"
  },
  {
    "line": "Just gotta let you know by these brawls",
    "annotations": {},
    "timestamp": "68.09"
  },
  {
    "line": "It's for you",
    "annotations": {},
    "timestamp": "73.94"
  },
  {
    "line": "My dose of your medicine will help me stay alive",
    "annotations": {},
    "timestamp": "75.81"
  },
  {
    "line": "Stayed alive for another day",
    "annotations": {},
    "timestamp": "83.25"
  },
  {
    "line": "Just wanna be with you girl through these days",
    "annotations": {},
    "timestamp": "88.01"
  },
  {
    "line": "With these heart parts",
    "annotations": {},
    "timestamp": "93.26"
  },
  {
    "line": "Flotsam on your waters",
    "annotations": {},
    "timestamp": "98.77"
  },
  {
    "line": "Sheen put back on",
    "annotations": {},
    "timestamp": "103.46"
  },
  {
    "line": "When you tell me just how much you could get on",
    "annotations": {},
    "timestamp": "108.37"
  },
  {
    "line": "When you're far, it's the dark",
    "annotations": {},
    "timestamp": "113.26"
  },
  {
    "line": "When the light comes on, you mess me up",
    "annotations": {},
    "timestamp": "118.71"
  },
  {
    "line": "And set me harder",
    "annotations": {},
    "timestamp": "122.53"
  },
  {
    "line": "I never thought it'd be that way",
    "annotations": {},
    "timestamp": "124.34"
  },
  {
    "line": "Never saying bye",
    "annotations": {},
    "timestamp": "129.31"
  },
  {
    "line": "Hi, a must I leave with that",
    "annotations": {},
    "timestamp": "133.79"
  },
  {
    "line": "Having you this close just to say",
    "annotations": {},
    "timestamp": "139.00"
  },
  {
    "line": "Code, Dakota is now on another chapter",
    "annotations": {},
    "timestamp": "143.73"
  },
  {
    "line": "We could see what comes after",
    "annotations": {},
    "timestamp": "149.37"
  }]
}