{
  "song_title": "Via",
  "writer": "Frith Hilton",
  "release_date": "June 15, 2025",
  "cover": "https://frithhilton.com.ng/pages/musicpool-db/covers/whereIsTheMoodRobot/8.jpg",
  "mp3_url": "https://frithhilton.com.ng/pages/musicpool-db/mp3/whereIsTheMoodRobot/8.mp3",
  "duration": 144,
  "id": "359",
  "lyrics": [
    {
      "line": "[Intro] ",
      "annotations": {},
      "timestamp": "0.00"
    },
    {
      "line": "Fresh Boy Chilling ",
      "annotations": {},
      "timestamp": "2.61"
    },
    {
      "line": "",
      "annotations": {},
      "timestamp": "0"
    },
    {
      "line": "[Verse 1]",
      "annotations": {},
      "timestamp": "12.06"
    },
    {
      "line": "Flipping, I'm flipping pies",
      "annotations": {},
      "timestamp": "13.58"
    },
    {
      "line": "I'm flipping, hiding in sights",
      "annotations": {},
      "timestamp": "19.27"
    },
    {
      "line": "He's flipping the storyline",
      "annotations": {},
      "timestamp": "24.24"
    },
    {
      "line": "Wishing this time I get up in her, I'm vying",
      "annotations": {},
      "timestamp": "30.73"
    },
    {
      "line": "Via your love I'll say",
      "annotations": {},
      "timestamp": "37.27"
    },
    {
      "line": "Via your heart I'll say I got my heart pounding on",
      "annotations": {},
      "timestamp": "41.52"
    },
    {
      "line": "Via your love I'll say",
      "annotations": {},
      "timestamp": "49.72"
    },
    {
      "line": "Via your heart rhythm in poetry ",
      "annotations": {},
      "timestamp": "54.15"
    },
    {
      "line": "I got my heart ",
      "annotations": {},
      "timestamp": "60.46"
    },
    {
      "line": "",
      "annotations": {},
      "timestamp": "0"
    },
    {
      "line": "[Verse 2]",
      "annotations": {},
      "timestamp": "62.89"
    },
    {
      "line": "See it this way when I pick up my pen",
      "annotations": {},
      "timestamp": "64.06"
    },
    {
      "line": "To write you, I see scapes",
      "annotations": {},
      "timestamp": "67.38"
    },
    {
      "line": "Looking like dream faces",
      "annotations": {},
      "timestamp": "70.71"
    },
    {
      "line": "Kids we could put on these swaying screens ",
      "annotations": {},
      "timestamp": "74.70"
    },
    {
      "line": "I love how you tuck me",
      "annotations": {},
      "timestamp": "79.89"
    },
    {
      "line": "Love the way you say you're pleasing ",
      "annotations": {},
      "timestamp": "82.09"
    },
    {
      "line": "Would you stay please",
      "annotations": {},
      "timestamp": "87.15"
    },
    {
      "line": "",
      "annotations": {},
      "timestamp": "0"
    },
    {
      "line": "[Verse 3]",
      "annotations": {},
      "timestamp": "90.01"
    },
    {
      "line": "Me and you",
      "annotations": {},
      "timestamp": "91.43"
    },
    {
      "line": "I just wanna please you girl",
      "annotations": {},
      "timestamp": "93.14"
    },
    {
      "line": "We are a team",
      "annotations": {},
      "timestamp": "97.79"
    },
    {
      "line": "I just wanna be with you through the night ",
      "annotations": {},
      "timestamp": "101.69"
    },
    {
      "line": "Making you feel sovereign all night long",
      "annotations": {},
      "timestamp": "107.61"
    },
    {
      "line": "For me to meet your slave",
      "annotations": {},
      "timestamp": "111.77"
    },
    {
      "line": "",
      "annotations": {},
      "timestamp": "0"
    },
    {
      "line": "[Outro] ",
      "annotations": {},
      "timestamp": "114.82"
    },
    {
      "line": "I wonder if you've been with someone before ",
      "annotations": {},
      "timestamp": "116.57"
    },
    {
      "line": "Maybe a couple of men",
      "annotations": {},
      "timestamp": "119.41"
    },
    {
      "line": "I told you that you'll never be sober no more",
      "annotations": {},
      "timestamp": "121.85"
    },
    {
      "line": "Whoa, I'm here to implore you take me really serious. ",
      "annotations": {},
      "timestamp": "127.00"
    }
  ]
}