{
  "song_title": "Dakota",
  "writer": "Frith Hilton",
  "release_date": "June 17, 2025",
  "cover": "https://frithhilton.com.ng/pages/musicpool-db/covers/whereIsTheMoodRobot/9.jpg",
  "mp3_url": "https://frithhilton.com.ng/pages/musicpool-db/mp3/whereIsTheMoodRobot/9.mp3",
  "duration": 173,
  "id": "360",
  "lyrics": [
    {
      "line": "[Intro] ",
      "annotations": {},
      "timestamp": "0.00"
    },
    {
      "line": "Fresh Boy Chilling ",
      "annotations": {},
      "timestamp": "5.45"
    },
    {
      "line": "",
      "annotations": {},
      "timestamp": "0"
    },
    {
      "line": "[Verse 1] ",
      "annotations": {},
      "timestamp": "9.35"
    },
    {
      "line": "I swear I'm damp past dry jokes ",
      "annotations": {},
      "timestamp": "22.08"
    },
    {
      "line": "Got rags better than I got good clothes ",
      "annotations": {},
      "timestamp": "29.94"
    },
    {
      "line": "Seen more hos than I've written good prose ",
      "annotations": {},
      "timestamp": "35.54"
    },
    {
      "line": "And I know I could give up on those ",
      "annotations": {},
      "timestamp": "40.22"
    },
    {
      "line": "But what comes close, stays close",
      "annotations": {},
      "timestamp": "44.96"
    },
    {
      "line": "Seeing your face, not foe",
      "annotations": {},
      "timestamp": "48.45"
    },
    {
      "line": "Has me singing notes all over again",
      "annotations": {},
      "timestamp": "51.52"
    },
    {
      "line": "I don't wanna say words not stuck in composure ",
      "annotations": {},
      "timestamp": "55.73"
    },
    {
      "line": "Words not about this love portion ",
      "annotations": {},
      "timestamp": "62.08"
    },
    {
      "line": "I mean what have you got for me",
      "annotations": {},
      "timestamp": "67.06"
    },
    {
      "line": "If it's not soothing peace ",
      "annotations": {},
      "timestamp": "69.37"
    },
    {
      "line": "What have you got for me",
      "annotations": {},
      "timestamp": "73.71"
    },
    {
      "line": "If it's not loving digits ",
      "annotations": {},
      "timestamp": "76.00"
    },
    {
      "line": "What I can't swear on is how I feel",
      "annotations": {},
      "timestamp": "80.41"
    },
    {
      "line": "Just feelings girl",
      "annotations": {},
      "timestamp": "87.32"
    },
    {
      "line": "Just meanings girl, musings girl",
      "annotations": {},
      "timestamp": "91.01"
    },
    {
      "line": "Put them in words, I call them poetry",
      "annotations": {},
      "timestamp": "96.57"
    },
    {
      "line": "I think you could be in my family tree",
      "annotations": {},
      "timestamp": "101.70"
    },
    {
      "line": "When I see it I shy away",
      "annotations": {},
      "timestamp": "106.32"
    },
    {
      "line": "From true willed love your way ",
      "annotations": {},
      "timestamp": "110.92"
    }
  ]
}