{
  "song_title": "The Man",
  "writer": "Frith Hilton",
  "release_date": "June 22, 2025",
  "cover": "https://frithhilton.com.ng/pages/musicpool-db/covers/whereIsTheMoodRobot/10.jpg",
  "mp3_url": "https://frithhilton.com.ng/pages/musicpool-db/mp3/whereIsTheMoodRobot/10.mp3",
  "duration": 144,
  "id": "361",
  "lyrics": [
    {
      "line": "[Intro] ",
      "annotations": {},
      "timestamp": "0.00"
    },
    {
      "line": "Fresh Boy Chilling ",
      "annotations": {},
      "timestamp": "3.81"
    },
    {
      "line": "",
      "annotations": {},
      "timestamp": "0"
    },
    {
      "line": "[Verse 1]",
      "annotations": {},
      "timestamp": "9.69"
    },
    {
      "line": "Sell me a wedding plan",
      "annotations": {},
      "timestamp": "13.33"
    },
    {
      "line": "I need the crude heaven fan ",
      "annotations": {},
      "timestamp": "18.87"
    },
    {
      "line": "Channeling all my thoughts on this",
      "annotations": {},
      "timestamp": "25.62"
    },
    {
      "line": "Paving way for my utter oddish ",
      "annotations": {},
      "timestamp": "31.57"
    },
    {
      "line": "",
      "annotations": {},
      "timestamp": "0"
    },
    {
      "line": "[Chorus]",
      "annotations": {},
      "timestamp": "38.11"
    },
    {
      "line": "I'm the man",
      "annotations": {},
      "timestamp": "39.23"
    },
    {
      "line": "When she comes around she says it",
      "annotations": {},
      "timestamp": "43.56"
    },
    {
      "line": "He's the man",
      "annotations": {},
      "timestamp": "46.30"
    },
    {
      "line": "When it sears they say it",
      "annotations": {},
      "timestamp": "48.18"
    },
    {
      "line": "On the pavement I run the town",
      "annotations": {},
      "timestamp": "53.60"
    },
    {
      "line": "Making a name, I make it insane ",
      "annotations": {},
      "timestamp": "57.45"
    },
    {
      "line": "Make it our pale, our home on the ground ",
      "annotations": {},
      "timestamp": "60.25"
    },
    {
      "line": "",
      "annotations": {},
      "timestamp": "0"
    },
    {
      "line": "[Verse 2] ",
      "annotations": {},
      "timestamp": "64.20"
    },
    {
      "line": "On patrol, there is bulls",
      "annotations": {},
      "timestamp": "64.88"
    },
    {
      "line": "I'm feeling like I've got no clues",
      "annotations": {},
      "timestamp": "67.54"
    },
    {
      "line": "For these shoes that I've got on",
      "annotations": {},
      "timestamp": "71.89"
    },
    {
      "line": "I'm in brogue, my good on",
      "annotations": {},
      "timestamp": "73.84"
    },
    {
      "line": "I'm looking like I got no tee on my",
      "annotations": {},
      "timestamp": "75.46"
    },
    {
      "line": "Leaving in the scene and ",
      "annotations": {},
      "timestamp": "78.83"
    },
    {
      "line": "I'm going to my other apartment ",
      "annotations": {},
      "timestamp": "80.37"
    },
    {
      "line": "I thought I had the keys",
      "annotations": {},
      "timestamp": "83.56"
    },
    {
      "line": "But I was lost, that was my",
      "annotations": {},
      "timestamp": "85.58"
    },
    {
      "line": "Courting the door",
      "annotations": {},
      "timestamp": "87.63"
    },
    {
      "line": "In the middle of the streets ",
      "annotations": {},
      "timestamp": "89.21"
    },
    {
      "line": "And I met you girl",
      "annotations": {},
      "timestamp": "91.30"
    },
    {
      "line": "And I thought that it would be not this fair ",
      "annotations": {},
      "timestamp": "93.62"
    },
    {
      "line": "It's not this fire, when it's outside ",
      "annotations": {},
      "timestamp": "98.38"
    },
    {
      "line": "Where it's so cold",
      "annotations": {},
      "timestamp": "101.73"
    },
    {
      "line": "But the way you've held me",
      "annotations": {},
      "timestamp": "103.29"
    },
    {
      "line": "It's got me oh lost in this world",
      "annotations": {},
      "timestamp": "104.95"
    },
    {
      "line": "If I'm not with you",
      "annotations": {},
      "timestamp": "111.23"
    },
    {
      "line": "If I'm not with you girl ",
      "annotations": {},
      "timestamp": "112.89"
    },
    {
      "line": "",
      "annotations": {},
      "timestamp": "0"
    },
    {
      "line": "[Outro] ",
      "annotations": {},
      "timestamp": "115.87"
    },
    {
      "line": "Let me reiterate",
      "annotations": {},
      "timestamp": "116.82"
    },
    {
      "line": "I love you, I love you",
      "annotations": {},
      "timestamp": "118.48"
    },
    {
      "line": "Can I  reiterate? ",
      "annotations": {},
      "timestamp": "121.65"
    },
    {
      "line": "I love you, I love you ",
      "annotations": {},
      "timestamp": "123.28"
    },
    {
      "line": "Fresh Boy Chilling  ",
      "annotations": {},
      "timestamp": "125.38"
    }
  ]
}