{
  "song_title": "Buddy",
  "writer": "Frith Hilton",
  "release_date": "July 6, 2025",
  "cover": "https://frithhilton.com.ng/pages/musicpool-db/covers/whereIsTheMoodRobot/13.jpg",
  "mp3_url": "https://frithhilton.com.ng/pages/musicpool-db/mp3/whereIsTheMoodRobot/13.mp3",
  "duration": 191,
  "id": "364",
  "lyrics": [
    {
      "line": "[Intro]",
      "annotations": {},
      "timestamp": "0.00"
    },
    {
      "line": "I just want to know, if you care ",
      "annotations": {},
      "timestamp": "2.38"
    },
    {
      "line": "",
      "annotations": {},
      "timestamp": "0"
    },
    {
      "line": "[Chorus] ",
      "annotations": {},
      "timestamp": "12.00"
    },
    {
      "line": "Could it still be cool with your text unsent ",
      "annotations": {},
      "timestamp": "12.87"
    },
    {
      "line": "Ooh",
      "annotations": {},
      "timestamp": "17.52"
    },
    {
      "line": "When I'm jaded, wasted to unsend it to you",
      "annotations": {},
      "timestamp": "19.80"
    },
    {
      "line": "How do you fool? ",
      "annotations": {},
      "timestamp": "24.47"
    },
    {
      "line": "Accept to use",
      "annotations": {},
      "timestamp": "32.82"
    },
    {
      "line": "But I still I get you're buddy",
      "annotations": {},
      "timestamp": "36.79"
    },
    {
      "line": "It means you're buddy",
      "annotations": {},
      "timestamp": "38.78"
    },
    {
      "line": "It means you're buddy ",
      "annotations": {},
      "timestamp": "40.29"
    },
    {
      "line": "",
      "annotations": {},
      "timestamp": "0"
    },
    {
      "line": "[Verse 1] ",
      "annotations": {},
      "timestamp": "41.88"
    },
    {
      "line": "Spitting to our feign",
      "annotations": {},
      "timestamp": "42.40"
    },
    {
      "line": "Whistling off the air oh",
      "annotations": {},
      "timestamp": "46.52"
    },
    {
      "line": "And she serious, nothing comes around the dollar, you're home",
      "annotations": {},
      "timestamp": "54.40"
    },
    {
      "line": "Way you feel it's the same",
      "annotations": {},
      "timestamp": "61.90"
    },
    {
      "line": "Chapped up, holding your door, saying ",
      "annotations": {},
      "timestamp": "67.03"
    },
    {
      "line": "Fever body, come around ",
      "annotations": {},
      "timestamp": "75.44"
    },
    {
      "line": "When I ",
      "annotations": {},
      "timestamp": "80.16"
    },
    {
      "line": "",
      "annotations": {},
      "timestamp": "0"
    },
    {
      "line": "[Chorus] ",
      "annotations": {},
      "timestamp": "81.63"
    },
    {
      "line": "I'll be your fool, accept to use",
      "annotations": {},
      "timestamp": "81.90"
    },
    {
      "line": "But I still I get you're buddy",
      "annotations": {},
      "timestamp": "91.43"
    },
    {
      "line": "It means you're buddy",
      "annotations": {},
      "timestamp": "93.46"
    },
    {
      "line": "How do you fool? ",
      "annotations": {},
      "timestamp": "95.44"
    },
    {
      "line": "Accept to use",
      "annotations": {},
      "timestamp": "101.62"
    },
    {
      "line": "But I still I get you're buddy",
      "annotations": {},
      "timestamp": "105.24"
    },
    {
      "line": "It means you're buddy",
      "annotations": {},
      "timestamp": "107.25"
    },
    {
      "line": "It means you're buddy ",
      "annotations": {},
      "timestamp": "109.16"
    },
    {
      "line": "",
      "annotations": {},
      "timestamp": "0"
    },
    {
      "line": "[Verse 2]",
      "annotations": {},
      "timestamp": "110.11"
    },
    {
      "line": "Months gone under",
      "annotations": {},
      "timestamp": "111.13"
    },
    {
      "line": "She your fancy ",
      "annotations": {},
      "timestamp": "114.85"
    },
    {
      "line": "You're fooling over, under her earth",
      "annotations": {},
      "timestamp": "118.23"
    },
    {
      "line": "Under space, in my turf",
      "annotations": {},
      "timestamp": "122.92"
    },
    {
      "line": "Whenever you're her my saving words ",
      "annotations": {},
      "timestamp": "128.51"
    },
    {
      "line": "You follow here, and I get it all the time",
      "annotations": {},
      "timestamp": "132.81"
    },
    {
      "line": "Dedicate it all to myself",
      "annotations": {},
      "timestamp": "139.77"
    },
    {
      "line": "Girls are the ceiling, but you're as about the one",
      "annotations": {},
      "timestamp": "143.28"
    },
    {
      "line": "Going under, I wonder ",
      "annotations": {},
      "timestamp": "148.54"
    },
    {
      "line": "",
      "annotations": {},
      "timestamp": "0"
    },
    {
      "line": "[Chorus] ",
      "annotations": {},
      "timestamp": "150.73"
    },
    {
      "line": "Fool, accept to use",
      "annotations": {},
      "timestamp": "151.16"
    },
    {
      "line": "But I still I get you're buddy",
      "annotations": {},
      "timestamp": "159.85"
    },
    {
      "line": "It means you're buddy",
      "annotations": {},
      "timestamp": "162.28"
    },
    {
      "line": "It means you're proof",
      "annotations": {},
      "timestamp": "164.08"
    },
    {
      "line": "Accept to use",
      "annotations": {},
      "timestamp": "170.30"
    },
    {
      "line": "But I still I get you're buddy",
      "annotations": {},
      "timestamp": "173.53"
    },
    {
      "line": "It means you're buddy",
      "annotations": {},
      "timestamp": "175.93"
    },
    {
      "line": "It means you're buddy ",
      "annotations": {},
      "timestamp": "177.54"
    },
    {
      "line": "",
      "annotations": {},
      "timestamp": "0"
    },
    {
      "line": "[Outro]",
      "annotations": {},
      "timestamp": "178.94"
    },
    {
      "line": "Cos she only wants it here",
      "annotations": {},
      "timestamp": "179.39"
    },
    {
      "line": "Take what you want",
      "annotations": {},
      "timestamp": "183.40"
    },
    {
      "line": "You know I'm crazy",
      "annotations": {},
      "timestamp": "184.48"
    },
    {
      "line": "Take what you want",
      "annotations": {},
      "timestamp": "186.33"
    },
    {
      "line": "You know I'm crazy",
      "annotations": {},
      "timestamp": "187.98"
    },
    {
      "line": "Take what you want",
      "annotations": {},
      "timestamp": "189.46"
    }
  ]
}