{
  "song_title": "Taeke no buck",
  "writer": "Frith Hilton",
  "release_date": "May 5, 2022",
  "cover": "",
  "mp3_url": "",
  "duration": 187.74204081632652,
  "id": "69",
  "lyrics": [
  {
    "line": "[Verse 1]",
    "annotations": {}
  },
  {
    "line": "It is go",
    "annotations": {}
  },
  {
    "line": "Whoa o-o-o",
    "annotations": {}
  },
  {
    "line": "Kathy",
    "annotations": {}
  },
  {
    "line": "Her um",
    "annotations": {}
  },
  {
    "line": "N, she knows I'ma love her oral",
    "annotations": {}
  },
  {
    "line": "(Laughter)",
    "annotations": {}
  },
  {
    "line": "Okay",
    "annotations": {}
  },
  {
    "line": "I'm back to the stack",
    "annotations": {}
  },
  {
    "line": "Back with the map",
    "annotations": {}
  },
  {
    "line": "Back WAP",
    "annotations": {}
  },
  {
    "line": "I'm feeling like I had it all",
    "annotations": {}
  },
  {
    "line": "I had it all",
    "annotations": {}
  },
  {
    "line": "The girl on my mind",
    "annotations": {}
  },
  {
    "line": "She's not my ex",
    "annotations": {}
  },
  {
    "line": "Feeling like I might just be buried in 1965",
    "annotations": {}
  },
  {
    "line": "Lust in my pants",
    "annotations": {}
  },
  {
    "line": "Extol out here",
    "annotations": {}
  },
  {
    "line": "On my fairer mime",
    "annotations": {}
  },
  {
    "line": "Lurking around for the best life",
    "annotations": {}
  },
  {
    "line": "Ah!",
    "annotations": {}
  },
  {
    "line": "I'm talking my talk",
    "annotations": {}
  },
  {
    "line": "Feeling like I never took a lock",
    "annotations": {}
  },
  {
    "line": "Feeling like I never flipped the blunt",
    "annotations": {}
  },
  {
    "line": "Feeling like I never took my luck",
    "annotations": {}
  },
  {
    "line": "And I hit her in the spot",
    "annotations": {}
  },
  {
    "line": "Like supper sup",
    "annotations": {}
  },
  {
    "line": "I'm tucking all my shit",
    "annotations": {}
  },
  {
    "line": "That she know",
    "annotations": {}
  },
  {
    "line": "What's up",
    "annotations": {}
  },
  {
    "line": "Yeah she never had me stuck in a",
    "annotations": {}
  },
  {
    "line": "Cart!",
    "annotations": {}
  },
  {
    "line": "Stuck in the plot",
    "annotations": {}
  },
  {
    "line": "Took on my love all the time",
    "annotations": {}
  },
  {
    "line": "And she knows I'm not on her",
    "annotations": {}
  },
  {
    "line": "I'm not on the card",
    "annotations": {}
  },
  {
    "line": "It's no muffle girl",
    "annotations": {}
  },
  {
    "line": "It's coming at you",
    "annotations": {}
  },
  {
    "line": "Like live at you",
    "annotations": {}
  },
  {
    "line": "Lie for you",
    "annotations": {}
  },
  {
    "line": "Talking like a stud to you",
    "annotations": {}
  },
  {
    "line": "Starring on your radio",
    "annotations": {}
  },
  {
    "line": "You star me all the time",
    "annotations": {}
  },
  {
    "line": "In the sugar",
    "annotations": {}
  },
  {
    "line": "Putting the shit like . .",
    "annotations": {}
  },
  {
    "line": "I never bother",
    "annotations": {}
  },
  {
    "line": "No hating here",
    "annotations": {}
  },
  {
    "line": "Girl it's no bother",
    "annotations": {}
  },
  {
    "line": "I'm just feeling like I might take her sober",
    "annotations": {}
  },
  {
    "line": "Acting like I never took a collar",
    "annotations": {}
  },
  {
    "line": "Yeah!",
    "annotations": {}
  },
  {
    "line": "And that's it",
    "annotations": {}
  },
  {
    "line": "Hmm",
    "annotations": {}
  },
  {
    "line": "Hey!",
    "annotations": {}
  },
  {
    "line": "And this is my first . . . um, freestyle on this . .",
    "annotations": {}
  },
  {
    "line": "It's my first",
    "annotations": {}
  },
  {
    "line": "Feel like I never took a tuck",
    "annotations": {}
  },
  {
    "line": "But it's all on set",
    "annotations": {}
  },
  {
    "line": "Feeling like everything is all on prim",
    "annotations": {}
  },
  {
    "line": "Nah!",
    "annotations": {}
  },
  {
    "line": "Taking no buck",
    "annotations": {}
  },
  {
    "line": "No!",
    "annotations": {}
  },
  {
    "line": "Said I’m not taking no damn buck",
    "annotations": {}
  },
  {
    "line": "Uh!",
    "annotations": {}
  },
  {
    "line": "It’s your love",
    "annotations": {}
  },
  {
    "line": "It’s your love",
    "annotations": {}
  },
  {
    "line": "It is my damn luck",
    "annotations": {}
  },
  {
    "line": "Ah!",
    "annotations": {}
  },
  {
    "line": "Hey!",
    "annotations": {}
  },
  {
    "line": "(Laughter)",
    "annotations": {}
  },
  {
    "line": "Yo!",
    "annotations": {}
  },
  {
    "line": "I’m not even smiling",
    "annotations": {}
  },
  {
    "line": "Like I will have no reason to smile",
    "annotations": {}
  },
  {
    "line": "On this",
    "annotations": {}
  },
  {
    "line": "Bitch right!",
    "annotations": {}
  },
  {
    "line": "I love you Lili Reinhart",
    "annotations": {}
  }]
}