{
  "song_title": "Triple to the X",
  "writer": "Frith Hilton",
  "release_date": "May 7, 2022",
  "cover": "https://frithhilton.com.ng/musicpool/covers/4/70.jpg",
  "mp3_url": "https://frithhilton.com.ng/mp3/4/2.) Triple to the X.mp3",
  "duration": 187.66367346938776,
  "id": "70",
  "lyrics": [
    {
      "line": "To her, I'm pooh",
      "annotations": {},
      "timestamp": "0"
    },
    {
      "line": "I never wanna tell you how it goes",
      "annotations": {},
      "timestamp": "0"
    },
    {
      "line": "Loving me",
      "annotations": {},
      "timestamp": "0"
    },
    {
      "line": "You’re never wrong",
      "annotations": {},
      "timestamp": "0"
    },
    {
      "line": "I never wanna tell you how it goes",
      "annotations": {},
      "timestamp": "0"
    },
    {
      "line": "Never waiting on the walls",
      "annotations": {},
      "timestamp": "0"
    },
    {
      "line": "Cos I'm fucked up",
      "annotations": {},
      "timestamp": "0"
    },
    {
      "line": "Resting",
      "annotations": {},
      "timestamp": "0"
    },
    {
      "line": "I’m right for it",
      "annotations": {},
      "timestamp": "0"
    },
    {
      "line": "I already know",
      "annotations": {},
      "timestamp": "0"
    },
    {
      "line": "fucked up?",
      "annotations": {},
      "timestamp": "0"
    },
    {
      "line": "Rest on my fawn",
      "annotations": {},
      "timestamp": "0"
    },
    {
      "line": "I’m ready",
      "annotations": {},
      "timestamp": "0"
    },
    {
      "line": "I don’t want this success on my fucking pain",
      "annotations": {},
      "timestamp": "0"
    },
    {
      "line": "I just want the love filling me up",
      "annotations": {},
      "timestamp": "0"
    },
    {
      "line": "And I'm going away",
      "annotations": {},
      "timestamp": "0"
    },
    {
      "line": "When I am going away",
      "annotations": {},
      "timestamp": "0"
    },
    {
      "line": "Her",
      "annotations": {},
      "timestamp": "0"
    },
    {
      "line": "You got me peeled on my cellphone",
      "annotations": {},
      "timestamp": "0"
    },
    {
      "line": "Trying to reach you",
      "annotations": {},
      "timestamp": "0"
    },
    {
      "line": "When you mind the closer",
      "annotations": {},
      "timestamp": "0"
    },
    {
      "line": "I can’t get you",
      "annotations": {},
      "timestamp": "0"
    },
    {
      "line": "You’re the spark",
      "annotations": {},
      "timestamp": "0"
    },
    {
      "line": "Whizz",
      "annotations": {},
      "timestamp": "0"
    },
    {
      "line": "This time mind’s appalled the asunder",
      "annotations": {},
      "timestamp": "0"
    },
    {
      "line": "How it feels",
      "annotations": {},
      "timestamp": "0"
    },
    {
      "line": "How it feels",
      "annotations": {},
      "timestamp": "0"
    },
    {
      "line": "When you work the self",
      "annotations": {},
      "timestamp": "0"
    },
    {
      "line": "How it feels",
      "annotations": {},
      "timestamp": "0"
    },
    {
      "line": "How it feels",
      "annotations": {},
      "timestamp": "0"
    },
    {
      "line": "When I feel",
      "annotations": {},
      "timestamp": "0"
    },
    {
      "line": "I’m searching for your heart",
      "annotations": {},
      "timestamp": "0"
    },
    {
      "line": "Is it the sex you says",
      "annotations": {},
      "timestamp": "0"
    },
    {
      "line": "I don’t wanna be your lover",
      "annotations": {},
      "timestamp": "0"
    },
    {
      "line": "Waste away",
      "annotations": {},
      "timestamp": "0"
    },
    {
      "line": "Yeah",
      "annotations": {},
      "timestamp": "0"
    },
    {
      "line": "If I distract two cs (cup)",
      "annotations": {},
      "timestamp": "0"
    },
    {
      "line": "I don’t wanna be devastated in my head",
      "annotations": {},
      "timestamp": "0"
    },
    {
      "line": "You should me fill up",
      "annotations": {},
      "timestamp": "0"
    },
    {
      "line": "That does it better",
      "annotations": {},
      "timestamp": "0"
    },
    {
      "line": "Whoa",
      "annotations": {},
      "timestamp": "0"
    },
    {
      "line": "Whoa",
      "annotations": {},
      "timestamp": "0"
    },
    {
      "line": "I don’t wanna her lorn",
      "annotations": {},
      "timestamp": "0"
    },
    {
      "line": "I don’t want her a lone one",
      "annotations": {},
      "timestamp": "0"
    },
    {
      "line": "I don’t want this sauce in my cuff",
      "annotations": {},
      "timestamp": "0"
    },
    {
      "line": "I’m acting cordial to you in a while",
      "annotations": {},
      "timestamp": "0"
    },
    {
      "line": "Valve",
      "annotations": {},
      "timestamp": "0"
    },
    {
      "line": "I don’t want this sauce here",
      "annotations": {},
      "timestamp": "0"
    },
    {
      "line": "You’ve been here",
      "annotations": {},
      "timestamp": "0"
    },
    {
      "line": "Now she’s got my collar",
      "annotations": {},
      "timestamp": "0"
    },
    {
      "line": "Whoa",
      "annotations": {},
      "timestamp": "0"
    },
    {
      "line": "I’m reaching",
      "annotations": {},
      "timestamp": "0"
    },
    {
      "line": "A valve",
      "annotations": {},
      "timestamp": "0"
    },
    {
      "line": "I’m with your house",
      "annotations": {},
      "timestamp": "0"
    },
    {
      "line": "It is fine when you’re attuned my lonely love",
      "annotations": {},
      "timestamp": "0"
    },
    {
      "line": "Through it all",
      "annotations": {},
      "timestamp": "0"
    },
    {
      "line": "She had me y’all",
      "annotations": {},
      "timestamp": "0"
    },
    {
      "line": "She got me down",
      "annotations": {},
      "timestamp": "0"
    },
    {
      "line": "When I was laid there",
      "annotations": {},
      "timestamp": "0"
    },
    {
      "line": "She’d lie there by my side",
      "annotations": {},
      "timestamp": "0"
    },
    {
      "line": "Triple to the x",
      "annotations": {},
      "timestamp": "0"
    },
    {
      "line": "Triple to the plex (solar plexus)",
      "annotations": {},
      "timestamp": "0"
    },
    {
      "line": "Triple to the:",
      "annotations": {},
      "timestamp": "0"
    },
    {
      "line": "We had it all",
      "annotations": {},
      "timestamp": "0"
    },
    {
      "line": "Now I'm feeling like",
      "annotations": {},
      "timestamp": "0"
    },
    {
      "line": "I can’t get my self without it all",
      "annotations": {},
      "timestamp": "0"
    },
    {
      "line": "No mime here",
      "annotations": {},
      "timestamp": "0"
    },
    {
      "line": "And she said",
      "annotations": {},
      "timestamp": "0"
    },
    {
      "line": "I’ll be out here",
      "annotations": {},
      "timestamp": "0"
    },
    {
      "line": "Looking at the star",
      "annotations": {},
      "timestamp": "0"
    },
    {
      "line": "Looking at the star",
      "annotations": {},
      "timestamp": "0"
    },
    {
      "line": "Now",
      "annotations": {},
      "timestamp": "0"
    },
    {
      "line": "When she said",
      "annotations": {},
      "timestamp": "0"
    },
    {
      "line": "No map yet",
      "annotations": {},
      "timestamp": "0"
    },
    {
      "line": "I’ll be out here",
      "annotations": {},
      "timestamp": "0"
    },
    {
      "line": "I’ll be out here",
      "annotations": {},
      "timestamp": "0"
    },
    {
      "line": "Looking at tomorrow",
      "annotations": {},
      "timestamp": "0"
    },
    {
      "line": "Looking out for north",
      "annotations": {},
      "timestamp": "0"
    }
  ]
}