{
  "song_title": "Hope",
  "writer": "Frith Hilton",
  "release_date": "May 21, 2022",
  "cover": "https://frithhilton.com.ng/musicpool/covers/4/78.jpg",
  "mp3_url": "https://frithhilton.com.ng/mp3/4/10.) Hope.mp3",
  "duration": 207.20326530612246,
  "id": "78",
  "lyrics": [
    {
      "line": "[Intro]",
      "annotations": {},
      "timestamp": "0"
    },
    {
      "line": "I know it hurt sometimes",
      "annotations": {},
      "timestamp": "0"
    },
    {
      "line": "I’m all right I’ll be fine",
      "annotations": {},
      "timestamp": "0"
    },
    {
      "line": "",
      "annotations": {},
      "timestamp": "0"
    },
    {
      "line": "[Verse 1]",
      "annotations": {},
      "timestamp": "0"
    },
    {
      "line": "Hope on the knotted noose stern of a lasso",
      "annotations": {},
      "timestamp": "0"
    },
    {
      "line": "Strewth!",
      "annotations": {},
      "timestamp": "0"
    },
    {
      "line": "Down from eerie eaves to the patio",
      "annotations": {},
      "timestamp": "0"
    },
    {
      "line": "Rush of blood",
      "annotations": {},
      "timestamp": "0"
    },
    {
      "line": "Rush of blood",
      "annotations": {},
      "timestamp": "0"
    },
    {
      "line": "Heart stops",
      "annotations": {},
      "timestamp": "0"
    },
    {
      "line": "Mine bumps",
      "annotations": {},
      "timestamp": "0"
    },
    {
      "line": "Void of name",
      "annotations": {},
      "timestamp": "0"
    },
    {
      "line": "Still I eat you alive",
      "annotations": {},
      "timestamp": "0"
    },
    {
      "line": "Carry on",
      "annotations": {},
      "timestamp": "0"
    },
    {
      "line": "Carry on",
      "annotations": {},
      "timestamp": "0"
    },
    {
      "line": "Though benighted",
      "annotations": {},
      "timestamp": "0"
    },
    {
      "line": "I’ma still lay you beside me",
      "annotations": {},
      "timestamp": "0"
    },
    {
      "line": "Heart pieces my kintsugi",
      "annotations": {},
      "timestamp": "0"
    },
    {
      "line": "",
      "annotations": {},
      "timestamp": "0"
    },
    {
      "line": "[Bridge]",
      "annotations": {},
      "timestamp": "0"
    },
    {
      "line": "I don’t see you in a better light",
      "annotations": {},
      "timestamp": "0"
    },
    {
      "line": "Parts receptacle in, make it feel right",
      "annotations": {},
      "timestamp": "0"
    },
    {
      "line": "Together this heart wreck could be pithy",
      "annotations": {},
      "timestamp": "0"
    },
    {
      "line": "You’d rather have it last the night",
      "annotations": {},
      "timestamp": "0"
    },
    {
      "line": "But I'm",
      "annotations": {},
      "timestamp": "0"
    },
    {
      "line": "Still stuck on you",
      "annotations": {},
      "timestamp": "0"
    },
    {
      "line": "Demise of my reason",
      "annotations": {},
      "timestamp": "0"
    },
    {
      "line": "Cos this heart construed",
      "annotations": {},
      "timestamp": "0"
    },
    {
      "line": "Pillow talk till our stalk the talk of the heavens",
      "annotations": {},
      "timestamp": "0"
    },
    {
      "line": "Smiles of ivory (smiles of ivory)",
      "annotations": {},
      "timestamp": "0"
    },
    {
      "line": "Our own penitentiary",
      "annotations": {},
      "timestamp": "0"
    },
    {
      "line": "",
      "annotations": {},
      "timestamp": "0"
    },
    {
      "line": "[Chorus]",
      "annotations": {},
      "timestamp": "0"
    },
    {
      "line": "I know it hurt sometimes",
      "annotations": {},
      "timestamp": "0"
    },
    {
      "line": "I’m all right I’ll be fine",
      "annotations": {},
      "timestamp": "0"
    },
    {
      "line": "I know it hurt at times",
      "annotations": {},
      "timestamp": "0"
    },
    {
      "line": "I’m all right I’ll be fine",
      "annotations": {},
      "timestamp": "0"
    },
    {
      "line": "",
      "annotations": {},
      "timestamp": "0"
    },
    {
      "line": "[Verse 2]",
      "annotations": {},
      "timestamp": "0"
    },
    {
      "line": "Quaggy heart takes no slithery",
      "annotations": {},
      "timestamp": "0"
    },
    {
      "line": "Staying still streaks of misery",
      "annotations": {},
      "timestamp": "0"
    },
    {
      "line": "Pretty girl with silly dreams",
      "annotations": {},
      "timestamp": "0"
    },
    {
      "line": "Bad wheat makes no dizzy gleams",
      "annotations": {},
      "timestamp": "0"
    },
    {
      "line": "This hurts like picking bins",
      "annotations": {},
      "timestamp": "0"
    },
    {
      "line": "Me minus I results in why",
      "annotations": {},
      "timestamp": "0"
    },
    {
      "line": "Still I’ll give self for a better shelf",
      "annotations": {},
      "timestamp": "0"
    },
    {
      "line": "Would you be my belt",
      "annotations": {},
      "timestamp": "0"
    },
    {
      "line": "When sheaths don’t hold",
      "annotations": {},
      "timestamp": "0"
    },
    {
      "line": "And oars ply burrows",
      "annotations": {},
      "timestamp": "0"
    },
    {
      "line": "Would you play till tomorrow",
      "annotations": {},
      "timestamp": "0"
    },
    {
      "line": "Sake a pale and wake the tale",
      "annotations": {},
      "timestamp": "0"
    },
    {
      "line": "Crane for the page",
      "annotations": {},
      "timestamp": "0"
    },
    {
      "line": "A lengthy all we did",
      "annotations": {},
      "timestamp": "0"
    },
    {
      "line": "Retorting",
      "annotations": {},
      "timestamp": "0"
    },
    {
      "line": "Depressing",
      "annotations": {},
      "timestamp": "0"
    },
    {
      "line": "The common pipette in",
      "annotations": {},
      "timestamp": "0"
    },
    {
      "line": "Till we thought we had a thing",
      "annotations": {},
      "timestamp": "0"
    },
    {
      "line": "Top lid",
      "annotations": {},
      "timestamp": "0"
    },
    {
      "line": "We all did",
      "annotations": {},
      "timestamp": "0"
    },
    {
      "line": "Eyes shut to the already drained",
      "annotations": {},
      "timestamp": "0"
    },
    {
      "line": "A breaking admit",
      "annotations": {},
      "timestamp": "0"
    },
    {
      "line": "",
      "annotations": {},
      "timestamp": "0"
    },
    {
      "line": "[Bridge]",
      "annotations": {},
      "timestamp": "0"
    },
    {
      "line": "Pillow talk till our stalk the talk of the heavens",
      "annotations": {},
      "timestamp": "0"
    },
    {
      "line": "Smiles of ivory",
      "annotations": {},
      "timestamp": "0"
    },
    {
      "line": "Our own penitentiary",
      "annotations": {},
      "timestamp": "0"
    },
    {
      "line": "",
      "annotations": {},
      "timestamp": "0"
    },
    {
      "line": "[Chorus]",
      "annotations": {},
      "timestamp": "0"
    },
    {
      "line": "I know it hurt sometimes",
      "annotations": {},
      "timestamp": "0"
    },
    {
      "line": "I’m all right I’ll be fine",
      "annotations": {},
      "timestamp": "0"
    },
    {
      "line": "I know it hurt at times",
      "annotations": {},
      "timestamp": "0"
    },
    {
      "line": "I’m all right I’ll be fine",
      "annotations": {},
      "timestamp": "0"
    },
    {
      "line": "I know it hurt sometimes",
      "annotations": {},
      "timestamp": "0"
    },
    {
      "line": "I’m all right I’ll be fine",
      "annotations": {},
      "timestamp": "0"
    },
    {
      "line": "I know it hurt at times",
      "annotations": {},
      "timestamp": "0"
    },
    {
      "line": "I’m all right I’ll be fine",
      "annotations": {},
      "timestamp": "0"
    },
    {
      "line": "",
      "annotations": {},
      "timestamp": "0"
    },
    {
      "line": "[Outro]",
      "annotations": {},
      "timestamp": "0"
    },
    {
      "line": "I know",
      "annotations": {},
      "timestamp": "0"
    },
    {
      "line": "I know",
      "annotations": {},
      "timestamp": "0"
    },
    {
      "line": "It hurt at times",
      "annotations": {},
      "timestamp": "0"
    },
    {
      "line": "Hurt at times",
      "annotations": {},
      "timestamp": "0"
    },
    {
      "line": "I know",
      "annotations": {},
      "timestamp": "0"
    },
    {
      "line": "I know",
      "annotations": {},
      "timestamp": "0"
    },
    {
      "line": "It hurt at times",
      "annotations": {},
      "timestamp": "0"
    },
    {
      "line": "Hurts",
      "annotations": {},
      "timestamp": "0"
    }
  ]
}