{
  "song_title": "Warn me you’re ready",
  "writer": "Frith Hilton",
  "release_date": "June 2, 2022",
  "cover": "https://frithhilton.com.ng/musicpool/covers/4/84.jpg",
  "mp3_url": "https://frithhilton.com.ng/mp3/4/16.) Warn me you're ready.mp3",
  "duration": 93.44,
  "id": "84",
  "lyrics": [
    {
      "line": "[Verse 1]",
      "annotations": {},
      "timestamp": "0"
    },
    {
      "line": "I ‘on’t need no stop",
      "annotations": {},
      "timestamp": "0"
    },
    {
      "line": "You can steal the family if you’re neater",
      "annotations": {},
      "timestamp": "0"
    },
    {
      "line": "My mind is like a roller coaster",
      "annotations": {},
      "timestamp": "0"
    },
    {
      "line": "I can spin it with these wills",
      "annotations": {},
      "timestamp": "0"
    },
    {
      "line": "I can never stop",
      "annotations": {},
      "timestamp": "0"
    },
    {
      "line": "Hop it",
      "annotations": {},
      "timestamp": "0"
    },
    {
      "line": "Up it",
      "annotations": {},
      "timestamp": "0"
    },
    {
      "line": "Step in like a popping",
      "annotations": {},
      "timestamp": "0"
    },
    {
      "line": "Uh huh!",
      "annotations": {},
      "timestamp": "0"
    },
    {
      "line": "I’m pulse in",
      "annotations": {},
      "timestamp": "0"
    },
    {
      "line": "Pulsing",
      "annotations": {},
      "timestamp": "0"
    },
    {
      "line": "Took into the rein",
      "annotations": {},
      "timestamp": "0"
    },
    {
      "line": "I’m creeping on your love",
      "annotations": {},
      "timestamp": "0"
    },
    {
      "line": "Who’s there?",
      "annotations": {},
      "timestamp": "0"
    },
    {
      "line": "It is the parley",
      "annotations": {},
      "timestamp": "0"
    },
    {
      "line": "She used to be my shorty",
      "annotations": {},
      "timestamp": "0"
    },
    {
      "line": "Tryna find",
      "annotations": {},
      "timestamp": "0"
    },
    {
      "line": "Who’s gonna cook your lobbying",
      "annotations": {},
      "timestamp": "0"
    },
    {
      "line": "Who’s there?",
      "annotations": {},
      "timestamp": "0"
    },
    {
      "line": "nobody",
      "annotations": {},
      "timestamp": "0"
    },
    {
      "line": "Just me and my shorty",
      "annotations": {},
      "timestamp": "0"
    },
    {
      "line": "Tryna find who’s gonna creep on your lobby like",
      "annotations": {},
      "timestamp": "0"
    },
    {
      "line": "Trapping lit",
      "annotations": {},
      "timestamp": "0"
    },
    {
      "line": "Bel air crib",
      "annotations": {},
      "timestamp": "0"
    },
    {
      "line": "She got a face that makes you wanna puke",
      "annotations": {},
      "timestamp": "0"
    },
    {
      "line": "Never heard the one",
      "annotations": {},
      "timestamp": "0"
    },
    {
      "line": "Something like a mute",
      "annotations": {},
      "timestamp": "0"
    },
    {
      "line": "So I put thе fucking gold on the deal",
      "annotations": {},
      "timestamp": "0"
    },
    {
      "line": "Duty",
      "annotations": {},
      "timestamp": "0"
    },
    {
      "line": "Something not so hеavy",
      "annotations": {},
      "timestamp": "0"
    },
    {
      "line": "My love on the conduit you headed",
      "annotations": {},
      "timestamp": "0"
    },
    {
      "line": "Hover over it",
      "annotations": {},
      "timestamp": "0"
    },
    {
      "line": "Over it",
      "annotations": {},
      "timestamp": "0"
    },
    {
      "line": "",
      "annotations": {},
      "timestamp": "0"
    },
    {
      "line": "[Outro]",
      "annotations": {},
      "timestamp": "0"
    },
    {
      "line": "I love it",
      "annotations": {},
      "timestamp": "0"
    },
    {
      "line": "And it ends like",
      "annotations": {},
      "timestamp": "0"
    },
    {
      "line": "Yeah",
      "annotations": {},
      "timestamp": "0"
    },
    {
      "line": "I like that breath thing",
      "annotations": {},
      "timestamp": "0"
    },
    {
      "line": "Just warn me you’re ready",
      "annotations": {},
      "timestamp": "0"
    }
  ]
}