{
  "song_title": "Unfurled",
  "writer": "Frith Hilton",
  "release_date": "June 3, 2022",
  "cover": "https://frithhilton.com.ng/musicpool/covers/4/85.jpg",
  "mp3_url": "https://frithhilton.com.ng/mp3/4/17.) Unfurled.mp3",
  "duration": 126.17142857142858,
  "id": "85",
  "lyrics": [
    {
      "line": "[Intro]",
      "annotations": {},
      "timestamp": "0"
    },
    {
      "line": "Mail it",
      "annotations": {},
      "timestamp": "0"
    },
    {
      "line": "I made it",
      "annotations": {},
      "timestamp": "0"
    },
    {
      "line": "Did you figure it out yet?",
      "annotations": {},
      "timestamp": "0"
    },
    {
      "line": "I mean like I am really serious",
      "annotations": {},
      "timestamp": "0"
    },
    {
      "line": "They could call me troubadour?",
      "annotations": {},
      "timestamp": "0"
    },
    {
      "line": "",
      "annotations": {},
      "timestamp": "0"
    },
    {
      "line": "[Verse 1]",
      "annotations": {},
      "timestamp": "0"
    },
    {
      "line": "Eh!",
      "annotations": {},
      "timestamp": "0"
    },
    {
      "line": "Mind my manners",
      "annotations": {},
      "timestamp": "0"
    },
    {
      "line": "But I'm still tryna find a course prettier",
      "annotations": {},
      "timestamp": "0"
    },
    {
      "line": "Pity her",
      "annotations": {},
      "timestamp": "0"
    },
    {
      "line": "I mean tidy her",
      "annotations": {},
      "timestamp": "0"
    },
    {
      "line": "And to my tunnel",
      "annotations": {},
      "timestamp": "0"
    },
    {
      "line": "The set he failed the year",
      "annotations": {},
      "timestamp": "0"
    },
    {
      "line": "I look at the dates",
      "annotations": {},
      "timestamp": "0"
    },
    {
      "line": "Like this could be hideous",
      "annotations": {},
      "timestamp": "0"
    },
    {
      "line": "Yeah I am the critter",
      "annotations": {},
      "timestamp": "0"
    },
    {
      "line": "Stalling on your love",
      "annotations": {},
      "timestamp": "0"
    },
    {
      "line": "Tryna get it right",
      "annotations": {},
      "timestamp": "0"
    },
    {
      "line": "Like it was not enough",
      "annotations": {},
      "timestamp": "0"
    },
    {
      "line": "I wish he could be nice yeah?",
      "annotations": {},
      "timestamp": "0"
    },
    {
      "line": "I could be the finest",
      "annotations": {},
      "timestamp": "0"
    },
    {
      "line": "But leeches gotta let me know",
      "annotations": {},
      "timestamp": "0"
    },
    {
      "line": "Who is to fight this",
      "annotations": {},
      "timestamp": "0"
    },
    {
      "line": "Titus",
      "annotations": {},
      "timestamp": "0"
    },
    {
      "line": "The sinning on the righteous",
      "annotations": {},
      "timestamp": "0"
    },
    {
      "line": "Overall you should keep with the minors",
      "annotations": {},
      "timestamp": "0"
    },
    {
      "line": "Yes!",
      "annotations": {},
      "timestamp": "0"
    },
    {
      "line": "For my vices",
      "annotations": {},
      "timestamp": "0"
    },
    {
      "line": "I’ve been tryna get you right",
      "annotations": {},
      "timestamp": "0"
    },
    {
      "line": "But I'm not lead",
      "annotations": {},
      "timestamp": "0"
    },
    {
      "line": "I’ve been missing classes",
      "annotations": {},
      "timestamp": "0"
    },
    {
      "line": "Just to get the thesis",
      "annotations": {},
      "timestamp": "0"
    },
    {
      "line": "Living on my testes",
      "annotations": {},
      "timestamp": "0"
    },
    {
      "line": "Leaving all my head list",
      "annotations": {},
      "timestamp": "0"
    },
    {
      "line": "I gotta get this",
      "annotations": {},
      "timestamp": "0"
    },
    {
      "line": "See you when you get this",
      "annotations": {},
      "timestamp": "0"
    },
    {
      "line": "Cpu will get this",
      "annotations": {},
      "timestamp": "0"
    },
    {
      "line": "bitches gotta get us like",
      "annotations": {},
      "timestamp": "0"
    },
    {
      "line": "Uh!",
      "annotations": {},
      "timestamp": "0"
    },
    {
      "line": "Yeah!",
      "annotations": {},
      "timestamp": "0"
    },
    {
      "line": "",
      "annotations": {},
      "timestamp": "0"
    },
    {
      "line": "[Verse 2]",
      "annotations": {},
      "timestamp": "0"
    },
    {
      "line": "Still the same apperception",
      "annotations": {},
      "timestamp": "0"
    },
    {
      "line": "Living . .",
      "annotations": {},
      "timestamp": "0"
    },
    {
      "line": "Yeah",
      "annotations": {},
      "timestamp": "0"
    },
    {
      "line": "I’m the weaving box",
      "annotations": {},
      "timestamp": "0"
    },
    {
      "line": "Thinking with this nut",
      "annotations": {},
      "timestamp": "0"
    },
    {
      "line": "I never had a lot of stocks",
      "annotations": {},
      "timestamp": "0"
    },
    {
      "line": "I just had a lot of crocs",
      "annotations": {},
      "timestamp": "0"
    },
    {
      "line": "Sticking on my lusting",
      "annotations": {},
      "timestamp": "0"
    },
    {
      "line": "Still he never called it love",
      "annotations": {},
      "timestamp": "0"
    },
    {
      "line": "Just caught my tux",
      "annotations": {},
      "timestamp": "0"
    },
    {
      "line": "And I put it on the . .",
      "annotations": {},
      "timestamp": "0"
    },
    {
      "line": "But you know what’s up",
      "annotations": {},
      "timestamp": "0"
    },
    {
      "line": "Yeah, tip on my . .",
      "annotations": {},
      "timestamp": "0"
    },
    {
      "line": "Trip live",
      "annotations": {},
      "timestamp": "0"
    },
    {
      "line": "Save it",
      "annotations": {},
      "timestamp": "0"
    }
  ]
}