{
  "song_title": "Admissible emotions",
  "writer": "Frith Hilton",
  "release_date": "June 18, 2022",
  "cover": "https://frithhilton.com.ng/musicpool/covers/4/88.jpg",
  "mp3_url": "https://frithhilton.com.ng/mp3/4/20.) Admissible emotions.mp3",
  "duration": 130.37714285714284,
  "id": "88",
  "lyrics": [
    {
      "line": "[Voice note]",
      "annotations": {},
      "timestamp": "0"
    },
    {
      "line": "Basically this song is like … I don’t know, yesterday I was in a totally bad mood, and I was like ok! I am going to write a song to be called admissible emotions and I don’t know right now, I am just like just like how am I going to like sing this? like I can’t even like put my emotions behind it … I don’t know so let’s see how it goes",
      "annotations": {},
      "timestamp": "0"
    },
    {
      "line": "",
      "annotations": {},
      "timestamp": "0"
    },
    {
      "line": "[Verse 1]",
      "annotations": {},
      "timestamp": "0"
    },
    {
      "line": "Sorry I'm offended now",
      "annotations": {},
      "timestamp": "0"
    },
    {
      "line": "Blurry you come with the end’s wind out",
      "annotations": {},
      "timestamp": "0"
    },
    {
      "line": "Attainable intentions",
      "annotations": {},
      "timestamp": "0"
    },
    {
      "line": "Sh ll sheave off the wall",
      "annotations": {},
      "timestamp": "0"
    },
    {
      "line": "Admissible emotions",
      "annotations": {},
      "timestamp": "0"
    },
    {
      "line": "It’s all I'm asking for all the",
      "annotations": {},
      "timestamp": "0"
    },
    {
      "line": "Time time",
      "annotations": {},
      "timestamp": "0"
    },
    {
      "line": "Band out",
      "annotations": {},
      "timestamp": "0"
    },
    {
      "line": "Around whose hussy?",
      "annotations": {},
      "timestamp": "0"
    },
    {
      "line": "Building buzz",
      "annotations": {},
      "timestamp": "0"
    },
    {
      "line": "I can’t",
      "annotations": {},
      "timestamp": "0"
    },
    {
      "line": "We can’t get out of this love",
      "annotations": {},
      "timestamp": "0"
    },
    {
      "line": "Wane on evеrything",
      "annotations": {},
      "timestamp": "0"
    },
    {
      "line": "One thing I can’t kept pondering",
      "annotations": {},
      "timestamp": "0"
    },
    {
      "line": "Is how I'm gonna gеt out of this love",
      "annotations": {},
      "timestamp": "0"
    },
    {
      "line": "Oh it hurts just as a memory",
      "annotations": {},
      "timestamp": "0"
    },
    {
      "line": "",
      "annotations": {},
      "timestamp": "0"
    },
    {
      "line": "[Bridge]",
      "annotations": {},
      "timestamp": "0"
    },
    {
      "line": "Got me festering all along all along",
      "annotations": {},
      "timestamp": "0"
    },
    {
      "line": "Can’t get this right",
      "annotations": {},
      "timestamp": "0"
    },
    {
      "line": "Got me festering all along all along",
      "annotations": {},
      "timestamp": "0"
    },
    {
      "line": "Can’t get this right",
      "annotations": {},
      "timestamp": "0"
    },
    {
      "line": "",
      "annotations": {},
      "timestamp": "0"
    },
    {
      "line": "[Chorus]",
      "annotations": {},
      "timestamp": "0"
    },
    {
      "line": "Admissible emotions",
      "annotations": {},
      "timestamp": "0"
    },
    {
      "line": "Emotions",
      "annotations": {},
      "timestamp": "0"
    },
    {
      "line": "Is all I'm asking",
      "annotations": {},
      "timestamp": "0"
    },
    {
      "line": "I can’t keep up with these dole",
      "annotations": {},
      "timestamp": "0"
    },
    {
      "line": "Admissible emotions",
      "annotations": {},
      "timestamp": "0"
    },
    {
      "line": "Emotions",
      "annotations": {},
      "timestamp": "0"
    },
    {
      "line": "Is all I'm asking",
      "annotations": {},
      "timestamp": "0"
    },
    {
      "line": "I can’t keep up with these dole",
      "annotations": {},
      "timestamp": "0"
    },
    {
      "line": "",
      "annotations": {},
      "timestamp": "0"
    },
    {
      "line": "[Outro]",
      "annotations": {},
      "timestamp": "0"
    },
    {
      "line": "Still very certain with my pride",
      "annotations": {},
      "timestamp": "0"
    },
    {
      "line": "Hulling in a . . . dip in",
      "annotations": {},
      "timestamp": "0"
    }
  ]
}