{
  "song_title": "Euphoria",
  "writer": "Frith Hilton",
  "release_date": "June 19, 2022",
  "cover": "https://frithhilton.com.ng/musicpool/covers/4/89.jpg",
  "mp3_url": "https://frithhilton.com.ng/mp3/4/21.) Euphoria.mp3",
  "duration": 257.3061224489796,
  "id": "89",
  "lyrics": [
    {
      "line": "[Chorus]",
      "annotations": {},
      "timestamp": "0"
    },
    {
      "line": "If I could turn the hands",
      "annotations": {},
      "timestamp": "0"
    },
    {
      "line": "I’ll turn it right to you",
      "annotations": {},
      "timestamp": "0"
    },
    {
      "line": "To the time when I thought it was just us two",
      "annotations": {},
      "timestamp": "0"
    },
    {
      "line": "Something is missing",
      "annotations": {},
      "timestamp": "0"
    },
    {
      "line": "B tton unfastened",
      "annotations": {},
      "timestamp": "0"
    },
    {
      "line": "I feel like I got the anti wound",
      "annotations": {},
      "timestamp": "0"
    },
    {
      "line": "If I could turn the hands",
      "annotations": {},
      "timestamp": "0"
    },
    {
      "line": "I’ll turn it right to you",
      "annotations": {},
      "timestamp": "0"
    },
    {
      "line": "To the time when I thought it was just us two",
      "annotations": {},
      "timestamp": "0"
    },
    {
      "line": "Something is missing",
      "annotations": {},
      "timestamp": "0"
    },
    {
      "line": "B tton unfastened",
      "annotations": {},
      "timestamp": "0"
    },
    {
      "line": "I feel like I got the anti wound",
      "annotations": {},
      "timestamp": "0"
    },
    {
      "line": "",
      "annotations": {},
      "timestamp": "0"
    },
    {
      "line": "[Verse1]",
      "annotations": {},
      "timestamp": "0"
    },
    {
      "line": "You were the type of girl to always get her panties off",
      "annotations": {},
      "timestamp": "0"
    },
    {
      "line": "I’ma let the d slide",
      "annotations": {},
      "timestamp": "0"
    },
    {
      "line": "Yeah you always loved the rush",
      "annotations": {},
      "timestamp": "0"
    },
    {
      "line": "Aren’t we made for this touch?",
      "annotations": {},
      "timestamp": "0"
    },
    {
      "line": "Cuddle me insoluble love",
      "annotations": {},
      "timestamp": "0"
    },
    {
      "line": "Fairy plunking on eros’ sling",
      "annotations": {},
      "timestamp": "0"
    },
    {
      "line": "Subtle sock",
      "annotations": {},
      "timestamp": "0"
    },
    {
      "line": "Imposed sinfonietta",
      "annotations": {},
      "timestamp": "0"
    },
    {
      "line": "Shorty burned",
      "annotations": {},
      "timestamp": "0"
    },
    {
      "line": "Yeah she loves her haughty alter",
      "annotations": {},
      "timestamp": "0"
    },
    {
      "line": "Potter I mould her up party hunter",
      "annotations": {},
      "timestamp": "0"
    },
    {
      "line": "When we roll it’s a birthday shower",
      "annotations": {},
      "timestamp": "0"
    },
    {
      "line": "Ash and pills",
      "annotations": {},
      "timestamp": "0"
    },
    {
      "line": "Huff! huff!",
      "annotations": {},
      "timestamp": "0"
    },
    {
      "line": "Melee rompers",
      "annotations": {},
      "timestamp": "0"
    },
    {
      "line": "Coughs!",
      "annotations": {},
      "timestamp": "0"
    },
    {
      "line": "Don’t you wait",
      "annotations": {},
      "timestamp": "0"
    },
    {
      "line": "Duct tape is on your thoughts",
      "annotations": {},
      "timestamp": "0"
    },
    {
      "line": "It’s euphoria",
      "annotations": {},
      "timestamp": "0"
    },
    {
      "line": "Make her o’clock",
      "annotations": {},
      "timestamp": "0"
    },
    {
      "line": "Tick tick",
      "annotations": {},
      "timestamp": "0"
    },
    {
      "line": "Tut tut",
      "annotations": {},
      "timestamp": "0"
    },
    {
      "line": "Anti wound",
      "annotations": {},
      "timestamp": "0"
    },
    {
      "line": "Shove our problems under rug",
      "annotations": {},
      "timestamp": "0"
    },
    {
      "line": "Primer on",
      "annotations": {},
      "timestamp": "0"
    },
    {
      "line": "See it out",
      "annotations": {},
      "timestamp": "0"
    },
    {
      "line": "Living on a feeling",
      "annotations": {},
      "timestamp": "0"
    },
    {
      "line": "Toothpick turn",
      "annotations": {},
      "timestamp": "0"
    },
    {
      "line": "Heeding on to eden",
      "annotations": {},
      "timestamp": "0"
    },
    {
      "line": "It is sullen",
      "annotations": {},
      "timestamp": "0"
    },
    {
      "line": "Holly earn",
      "annotations": {},
      "timestamp": "0"
    },
    {
      "line": "With my feathers on my back (my feathers on my back)",
      "annotations": {},
      "timestamp": "0"
    },
    {
      "line": "I can’t take a flight",
      "annotations": {},
      "timestamp": "0"
    },
    {
      "line": "I’m on wrench",
      "annotations": {},
      "timestamp": "0"
    },
    {
      "line": "Holy veil",
      "annotations": {},
      "timestamp": "0"
    },
    {
      "line": "Null me on",
      "annotations": {},
      "timestamp": "0"
    },
    {
      "line": "She saw me on",
      "annotations": {},
      "timestamp": "0"
    },
    {
      "line": "",
      "annotations": {},
      "timestamp": "0"
    },
    {
      "line": "[Voice note clip]",
      "annotations": {},
      "timestamp": "0"
    },
    {
      "line": "Whoa whoa whoa whoa whoa",
      "annotations": {},
      "timestamp": "0"
    },
    {
      "line": "Jess I feel kind of um . . . distant",
      "annotations": {},
      "timestamp": "0"
    },
    {
      "line": "Pff",
      "annotations": {},
      "timestamp": "0"
    },
    {
      "line": "Oh gawd!",
      "annotations": {},
      "timestamp": "0"
    },
    {
      "line": "Why, why, why",
      "annotations": {},
      "timestamp": "0"
    },
    {
      "line": "I woke up this morning",
      "annotations": {},
      "timestamp": "0"
    },
    {
      "line": "Had a leak",
      "annotations": {},
      "timestamp": "0"
    },
    {
      "line": "Well, I'm feeling it",
      "annotations": {},
      "timestamp": "0"
    },
    {
      "line": "Went to the beach",
      "annotations": {},
      "timestamp": "0"
    },
    {
      "line": "I’ll call it a retreat",
      "annotations": {},
      "timestamp": "0"
    },
    {
      "line": "I’m back in the sheet",
      "annotations": {},
      "timestamp": "0"
    },
    {
      "line": "I’ll be okay",
      "annotations": {},
      "timestamp": "0"
    },
    {
      "line": "I woke up this morning",
      "annotations": {},
      "timestamp": "0"
    },
    {
      "line": "Had a leak",
      "annotations": {},
      "timestamp": "0"
    },
    {
      "line": "Felt it was lit",
      "annotations": {},
      "timestamp": "0"
    },
    {
      "line": "Went to the beach",
      "annotations": {},
      "timestamp": "0"
    },
    {
      "line": "Call the shit retreat",
      "annotations": {},
      "timestamp": "0"
    },
    {
      "line": "I’m back in the sheet",
      "annotations": {},
      "timestamp": "0"
    },
    {
      "line": "I’ll keep my distance",
      "annotations": {},
      "timestamp": "0"
    },
    {
      "line": "Oh, I know I’ll be okay",
      "annotations": {},
      "timestamp": "0"
    },
    {
      "line": "I ‘on’t really know what the time is",
      "annotations": {},
      "timestamp": "0"
    },
    {
      "line": "But I'm just making this song",
      "annotations": {},
      "timestamp": "0"
    },
    {
      "line": "I wish we had cinnamon roll",
      "annotations": {},
      "timestamp": "0"
    },
    {
      "line": "But that don’t make me roll, roll",
      "annotations": {},
      "timestamp": "0"
    },
    {
      "line": "You make me roll",
      "annotations": {},
      "timestamp": "0"
    },
    {
      "line": "I think I'ma say that",
      "annotations": {},
      "timestamp": "0"
    },
    {
      "line": "When I know for sure",
      "annotations": {},
      "timestamp": "0"
    },
    {
      "line": "For sure",
      "annotations": {},
      "timestamp": "0"
    },
    {
      "line": "Maybe I just did",
      "annotations": {},
      "timestamp": "0"
    },
    {
      "line": "Aw!",
      "annotations": {},
      "timestamp": "0"
    },
    {
      "line": "I woke up this morning",
      "annotations": {},
      "timestamp": "0"
    },
    {
      "line": "Had a leak",
      "annotations": {},
      "timestamp": "0"
    },
    {
      "line": "Felt it was lit",
      "annotations": {},
      "timestamp": "0"
    },
    {
      "line": "Went to the beach",
      "annotations": {},
      "timestamp": "0"
    },
    {
      "line": "Call the shit retreat",
      "annotations": {},
      "timestamp": "0"
    },
    {
      "line": "I’m back on my bed right now",
      "annotations": {},
      "timestamp": "0"
    },
    {
      "line": "Okay I really didn’t go to any beach",
      "annotations": {},
      "timestamp": "0"
    },
    {
      "line": "I just wanted to say um",
      "annotations": {},
      "timestamp": "0"
    },
    {
      "line": "",
      "annotations": {},
      "timestamp": "0"
    },
    {
      "line": "[?]",
      "annotations": {},
      "timestamp": "0"
    }
  ]
}