{
  "song_title": "Ready to begin",
  "writer": "Frith Hilton",
  "release_date": "June 19, 2022",
  "cover": "https://frithhilton.com.ng/musicpool/covers/4/91.jpg",
  "mp3_url": "https://frithhilton.com.ng/mp3/4/23.) Ready to begin.mp3",
  "duration": 99.91836734693878,
  "id": "91",
  "lyrics": [
    {
      "line": "[Chorus]",
      "annotations": {},
      "timestamp": "0"
    },
    {
      "line": "It’s your boy frith spilling",
      "annotations": {},
      "timestamp": "0"
    },
    {
      "line": "Done with it",
      "annotations": {},
      "timestamp": "0"
    },
    {
      "line": "Down with it",
      "annotations": {},
      "timestamp": "0"
    },
    {
      "line": "Done with it",
      "annotations": {},
      "timestamp": "0"
    },
    {
      "line": "Down with it",
      "annotations": {},
      "timestamp": "0"
    },
    {
      "line": "",
      "annotations": {},
      "timestamp": "0"
    },
    {
      "line": "[Verse 1]",
      "annotations": {},
      "timestamp": "0"
    },
    {
      "line": "Mind like metal",
      "annotations": {},
      "timestamp": "0"
    },
    {
      "line": "Inhale premeditated",
      "annotations": {},
      "timestamp": "0"
    },
    {
      "line": "Not experimental",
      "annotations": {},
      "timestamp": "0"
    },
    {
      "line": "What’s your name?",
      "annotations": {},
      "timestamp": "0"
    },
    {
      "line": "Gotta hold you down",
      "annotations": {},
      "timestamp": "0"
    },
    {
      "line": "For dreary weather",
      "annotations": {},
      "timestamp": "0"
    },
    {
      "line": "When am down",
      "annotations": {},
      "timestamp": "0"
    },
    {
      "line": "I wield it wild",
      "annotations": {},
      "timestamp": "0"
    },
    {
      "line": "Am westly on triggers",
      "annotations": {},
      "timestamp": "0"
    },
    {
      "line": "Laevulose",
      "annotations": {},
      "timestamp": "0"
    },
    {
      "line": "Leave her for toast",
      "annotations": {},
      "timestamp": "0"
    },
    {
      "line": "She winks I ain’t no comatose",
      "annotations": {},
      "timestamp": "0"
    },
    {
      "line": "Beading hits on that abacus",
      "annotations": {},
      "timestamp": "0"
    },
    {
      "line": "Sterile steel",
      "annotations": {},
      "timestamp": "0"
    },
    {
      "line": "Dwindle my paradox",
      "annotations": {},
      "timestamp": "0"
    },
    {
      "line": "Pit it, stir it",
      "annotations": {},
      "timestamp": "0"
    },
    {
      "line": "Muck around her yummy pool",
      "annotations": {},
      "timestamp": "0"
    },
    {
      "line": "Bounce back off a billiard curb",
      "annotations": {},
      "timestamp": "0"
    },
    {
      "line": "Nip slip",
      "annotations": {},
      "timestamp": "0"
    },
    {
      "line": "My favourite brush",
      "annotations": {},
      "timestamp": "0"
    },
    {
      "line": "Pyre wire for the nut",
      "annotations": {},
      "timestamp": "0"
    },
    {
      "line": "And am out",
      "annotations": {},
      "timestamp": "0"
    },
    {
      "line": "Thanks for the rush",
      "annotations": {},
      "timestamp": "0"
    },
    {
      "line": "Bad city",
      "annotations": {},
      "timestamp": "0"
    },
    {
      "line": "Toll the bell with a coin",
      "annotations": {},
      "timestamp": "0"
    },
    {
      "line": "Yeah it’s my biddy",
      "annotations": {},
      "timestamp": "0"
    },
    {
      "line": "Hit that booty once",
      "annotations": {},
      "timestamp": "0"
    },
    {
      "line": "Bet it gonna back",
      "annotations": {},
      "timestamp": "0"
    },
    {
      "line": "Yeah she with it",
      "annotations": {},
      "timestamp": "0"
    },
    {
      "line": "She never tepid",
      "annotations": {},
      "timestamp": "0"
    },
    {
      "line": "So hot",
      "annotations": {},
      "timestamp": "0"
    },
    {
      "line": "She subterranean",
      "annotations": {},
      "timestamp": "0"
    },
    {
      "line": "Alien got my soul boxed up",
      "annotations": {},
      "timestamp": "0"
    },
    {
      "line": "Aquarian",
      "annotations": {},
      "timestamp": "0"
    },
    {
      "line": "I glow I know",
      "annotations": {},
      "timestamp": "0"
    },
    {
      "line": "But she loves a running noose",
      "annotations": {},
      "timestamp": "0"
    },
    {
      "line": "Beseeching soul",
      "annotations": {},
      "timestamp": "0"
    },
    {
      "line": "She wanna rule a haughty heart",
      "annotations": {},
      "timestamp": "0"
    },
    {
      "line": "Charisma underpants",
      "annotations": {},
      "timestamp": "0"
    },
    {
      "line": "It’s sophistry up your ass",
      "annotations": {},
      "timestamp": "0"
    },
    {
      "line": "Huff off that purée",
      "annotations": {},
      "timestamp": "0"
    },
    {
      "line": "She could be liberian",
      "annotations": {},
      "timestamp": "0"
    },
    {
      "line": "Sin city",
      "annotations": {},
      "timestamp": "0"
    },
    {
      "line": "That’s besides the point",
      "annotations": {},
      "timestamp": "0"
    },
    {
      "line": "Just a remark",
      "annotations": {},
      "timestamp": "0"
    },
    {
      "line": "Wager digits off the mark",
      "annotations": {},
      "timestamp": "0"
    },
    {
      "line": "Plop, counting up the smacks",
      "annotations": {},
      "timestamp": "0"
    },
    {
      "line": "That’s it",
      "annotations": {},
      "timestamp": "0"
    },
    {
      "line": "I’m a bad piper",
      "annotations": {},
      "timestamp": "0"
    },
    {
      "line": "With a better left hand",
      "annotations": {},
      "timestamp": "0"
    },
    {
      "line": "I’m picking this seal",
      "annotations": {},
      "timestamp": "0"
    },
    {
      "line": "Never resend",
      "annotations": {},
      "timestamp": "0"
    },
    {
      "line": "",
      "annotations": {},
      "timestamp": "0"
    },
    {
      "line": "[Chorus]",
      "annotations": {},
      "timestamp": "0"
    },
    {
      "line": "It’s your boy frith spilling",
      "annotations": {},
      "timestamp": "0"
    },
    {
      "line": "Done with it",
      "annotations": {},
      "timestamp": "0"
    },
    {
      "line": "Down with it",
      "annotations": {},
      "timestamp": "0"
    },
    {
      "line": "Done with it",
      "annotations": {},
      "timestamp": "0"
    },
    {
      "line": "Down with it",
      "annotations": {},
      "timestamp": "0"
    },
    {
      "line": "",
      "annotations": {},
      "timestamp": "0"
    },
    {
      "line": "[Outro]",
      "annotations": {},
      "timestamp": "0"
    },
    {
      "line": "Down with it",
      "annotations": {},
      "timestamp": "0"
    },
    {
      "line": "Down with it",
      "annotations": {},
      "timestamp": "0"
    },
    {
      "line": "Done with it",
      "annotations": {},
      "timestamp": "0"
    },
    {
      "line": "Done with it",
      "annotations": {},
      "timestamp": "0"
    },
    {
      "line": "Down with it",
      "annotations": {},
      "timestamp": "0"
    }
  ]
}