{
  "song_title": "Low life dirty rat",
  "writer": "Frith Hilton",
  "release_date": "March 8, 2024",
  "cover": "",
  "mp3_url": "",  
  "id": "262",
  "lyrics": [
    {
      "line": "[Intro]",
      "annotations": {}
    },
    {
      "line": "How do I",
      "annotations": {}
    },
    {
      "line": "Tell myself I'm better than",
      "annotations": {}
    },
    {
      "line": "",
      "annotations": {}
    },
    {
      "line": "[Verse 1]",
      "annotations": {}
    },
    {
      "line": "A low life dirty rat",
      "annotations": {}
    },
    {
      "line": "Tell it, a lie twice",
      "annotations": {}
    },
    {
      "line": "Baby, I'll get a third time",
      "annotations": {}
    },
    {
      "line": "A better time at making myself",
      "annotations": {}
    },
    {
      "line": "Look better",
      "annotations": {}
    },
    {
      "line": "All the love, you're Eve",
      "annotations": {}
    },
    {
      "line": "When I'm on my own",
      "annotations": {}
    },
    {
      "line": "The wishing, you were never here",
      "annotations": {}
    },
    {
      "line": "But it's in my face",
      "annotations": {}
    },
    {
      "line": "You say you don't care",
      "annotations": {}
    },
    {
      "line": "How do I take this out of here",
      "annotations": {}
    },
    {
      "line": "When loving is all I ever wanted for myself",
      "annotations": {}
    },
    {
      "line": "Loving not much of a given",
      "annotations": {}
    },
    {
      "line": "",
      "annotations": {}
    },
    {
      "line": "[Chorus]",
      "annotations": {}
    },
    {
      "line": "Take my heart",
      "annotations": {}
    },
    {
      "line": "Not the swipe right now",
      "annotations": {}
    },
    {
      "line": "Tell me nay",
      "annotations": {}
    },
    {
      "line": "It's your flop",
      "annotations": {}
    },
    {
      "line": "You're losing me",
      "annotations": {}
    },
    {
      "line": "Because you never knew me",
      "annotations": {}
    },
    {
      "line": "",
      "annotations": {}
    },
    {
      "line": "[Verse 2]",
      "annotations": {}
    },
    {
      "line": "So I'll go back",
      "annotations": {}
    },
    {
      "line": "And I'll ask why",
      "annotations": {}
    },
    {
      "line": "I'm worst, her destination",
      "annotations": {}
    },
    {
      "line": "Is it you on top of me",
      "annotations": {}
    },
    {
      "line": "Is it two on top of me",
      "annotations": {}
    },
    {
      "line": "Is it through, I'm on top of meaning",
      "annotations": {}
    },
    {
      "line": "I need to top my healing",
      "annotations": {}
    },
    {
      "line": "Devil it's why I am drawing these feelings",
      "annotations": {}
    },
    {
      "line": "Thrumming these feelings",
      "annotations": {}
    },
    {
      "line": "Asking myself no questions",
      "annotations": {}
    },
    {
      "line": "",
      "annotations": {}
    },
    {
      "line": "[Chorus 2]",
      "annotations": {}
    },
    {
      "line": "I won't be the type",
      "annotations": {}
    },
    {
      "line": "To say I need this . . .",
      "annotations": {}
    },
    {
      "line": "Therapeutically a sin",
      "annotations": {}
    },
    {
      "line": "At least here . . .",
      "annotations": {}
    },
    {
      "line": "Just to say that I was busy",
      "annotations": {}
    },
    {
      "line": "I'll never be how I'll say",
      "annotations": {}
    },
    {
      "line": "You're the one",
      "annotations": {}
    },
    {
      "line": "You say it's therapeutic",
      "annotations": {}
    },
    {
      "line": "Being one with my feelings",
      "annotations": {}
    },
    {
      "line": "Asking what's the good feeling around here",
      "annotations": {}
    }
  ]
}
