{
  "song_title": "Summit",
  "writer": "Frith Hilton",
  "release_date": "March 10, 2024",
  "cover": "https://frithhilton.com.ng/musicpool/covers/12/264.jpg",
  "mp3_url": "https://frithhilton.com.ng/mp3/12/3.)Summit.mp3",
  "duration": 58.824,
  "id": "264",
  "lyrics": [
    {
      "line": "[Verse 1]",
      "annotations": {},
      "timestamp": "0"
    },
    {
      "line": "Sipping, out it’s stormy",
      "annotations": {},
      "timestamp": "0"
    },
    {
      "line": "With the right taste for your summit",
      "annotations": {},
      "timestamp": "0"
    },
    {
      "line": "When you text",
      "annotations": {},
      "timestamp": "0"
    },
    {
      "line": "I just want you on my bed",
      "annotations": {},
      "timestamp": "0"
    },
    {
      "line": "Well, I ever care",
      "annotations": {},
      "timestamp": "0"
    },
    {
      "line": "That I can’t be your dear",
      "annotations": {},
      "timestamp": "0"
    },
    {
      "line": "Lover",
      "annotations": {},
      "timestamp": "0"
    },
    {
      "line": "(teh who)",
      "annotations": {},
      "timestamp": "0"
    },
    {
      "line": "Can I be your dear lover",
      "annotations": {},
      "timestamp": "0"
    },
    {
      "line": "(lover)",
      "annotations": {},
      "timestamp": "0"
    },
    {
      "line": "Well in on my thoughts",
      "annotations": {},
      "timestamp": "0"
    },
    {
      "line": "It bothers",
      "annotations": {},
      "timestamp": "0"
    },
    {
      "line": "(bothering me)",
      "annotations": {},
      "timestamp": "0"
    },
    {
      "line": "If we’re on the third",
      "annotations": {},
      "timestamp": "0"
    },
    {
      "line": "Well they’re in love, blah, lover",
      "annotations": {},
      "timestamp": "0"
    },
    {
      "line": "(I just want your touch)",
      "annotations": {},
      "timestamp": "0"
    },
    {
      "line": "And I'm trying to reach really closer",
      "annotations": {},
      "timestamp": "0"
    },
    {
      "line": "So how you piece this spot like the other",
      "annotations": {},
      "timestamp": "0"
    },
    {
      "line": "Ma ah ah ah",
      "annotations": {},
      "timestamp": "0"
    },
    {
      "line": "Beating my collar phase",
      "annotations": {},
      "timestamp": "0"
    }
  ]
}