{
  "song_title": "New hemp plant",
  "writer": "Frith Hilton",
  "release_date": "March 12, 2024",
  "cover": "https://frithhilton.com.ng/musicpool/covers/12/265.jpg",
  "mp3_url": "https://frithhilton.com.ng/mp3/12/4.)New hemp plant.mp3",
  "duration": 182.844,
  "id": "265",
  "lyrics": [
    {
      "line": "[Intro]",
      "annotations": {},
      "timestamp": "0"
    },
    {
      "line": "Fresh boy chilling",
      "annotations": {},
      "timestamp": "0"
    },
    {
      "line": "When you see me",
      "annotations": {},
      "timestamp": "0"
    },
    {
      "line": "I’ll say be there",
      "annotations": {},
      "timestamp": "0"
    },
    {
      "line": "When you see me",
      "annotations": {},
      "timestamp": "0"
    },
    {
      "line": "I’ll say be a doll",
      "annotations": {},
      "timestamp": "0"
    },
    {
      "line": "Not just next to me",
      "annotations": {},
      "timestamp": "0"
    },
    {
      "line": "Here in my head",
      "annotations": {},
      "timestamp": "0"
    },
    {
      "line": "Not just next to me",
      "annotations": {},
      "timestamp": "0"
    },
    {
      "line": "(my head, winning in my head)",
      "annotations": {},
      "timestamp": "0"
    },
    {
      "line": "Here in my bed",
      "annotations": {},
      "timestamp": "0"
    },
    {
      "line": "(my bread)",
      "annotations": {},
      "timestamp": "0"
    },
    {
      "line": "Not just next to me girl",
      "annotations": {},
      "timestamp": "0"
    },
    {
      "line": "Meet me halfway in my thoughts",
      "annotations": {},
      "timestamp": "0"
    },
    {
      "line": "(it won’t hit)",
      "annotations": {},
      "timestamp": "0"
    },
    {
      "line": "",
      "annotations": {},
      "timestamp": "0"
    },
    {
      "line": "[Verse 1]",
      "annotations": {},
      "timestamp": "0"
    },
    {
      "line": "Top baby",
      "annotations": {},
      "timestamp": "0"
    },
    {
      "line": "She never has a feeling like a dull girl",
      "annotations": {},
      "timestamp": "0"
    },
    {
      "line": "(stunting on my plaintiff)",
      "annotations": {},
      "timestamp": "0"
    },
    {
      "line": "Sweet shawty",
      "annotations": {},
      "timestamp": "0"
    },
    {
      "line": "How you have me up in the air",
      "annotations": {},
      "timestamp": "0"
    },
    {
      "line": "When I'm here",
      "annotations": {},
      "timestamp": "0"
    },
    {
      "line": "I feel like I'm smoking something",
      "annotations": {},
      "timestamp": "0"
    },
    {
      "line": "I don’t bail b",
      "annotations": {},
      "timestamp": "0"
    },
    {
      "line": "I don’t baby",
      "annotations": {},
      "timestamp": "0"
    },
    {
      "line": "Ever come down",
      "annotations": {},
      "timestamp": "0"
    },
    {
      "line": "",
      "annotations": {},
      "timestamp": "0"
    },
    {
      "line": "[Bridge]",
      "annotations": {},
      "timestamp": "0"
    },
    {
      "line": "When it’s your love",
      "annotations": {},
      "timestamp": "0"
    },
    {
      "line": "I feel this is something morе",
      "annotations": {},
      "timestamp": "0"
    },
    {
      "line": "I feel there is something morе",
      "annotations": {},
      "timestamp": "0"
    },
    {
      "line": "Girl when it is your love",
      "annotations": {},
      "timestamp": "0"
    },
    {
      "line": "I feel that it’s something more",
      "annotations": {},
      "timestamp": "0"
    },
    {
      "line": "I feel that it’s something more",
      "annotations": {},
      "timestamp": "0"
    },
    {
      "line": "",
      "annotations": {},
      "timestamp": "0"
    },
    {
      "line": "[Chorus]",
      "annotations": {},
      "timestamp": "0"
    },
    {
      "line": "Remember the day you perched on my soul",
      "annotations": {},
      "timestamp": "0"
    },
    {
      "line": "And you promised you’ll never let me go",
      "annotations": {},
      "timestamp": "0"
    },
    {
      "line": "Never let me go",
      "annotations": {},
      "timestamp": "0"
    },
    {
      "line": "(would you)",
      "annotations": {},
      "timestamp": "0"
    },
    {
      "line": "",
      "annotations": {},
      "timestamp": "0"
    },
    {
      "line": "[Verse 2]",
      "annotations": {},
      "timestamp": "0"
    },
    {
      "line": "Hey you get in my ride",
      "annotations": {},
      "timestamp": "0"
    },
    {
      "line": "Baby I'm on it",
      "annotations": {},
      "timestamp": "0"
    },
    {
      "line": "(I mould it)",
      "annotations": {},
      "timestamp": "0"
    },
    {
      "line": "Hey girl I'm on it",
      "annotations": {},
      "timestamp": "0"
    },
    {
      "line": "(her money)",
      "annotations": {},
      "timestamp": "0"
    },
    {
      "line": "Never getting enough",
      "annotations": {},
      "timestamp": "0"
    },
    {
      "line": "Always pondering",
      "annotations": {},
      "timestamp": "0"
    },
    {
      "line": "(oh oh oh oh)",
      "annotations": {},
      "timestamp": "0"
    },
    {
      "line": "If he’s h rny or not",
      "annotations": {},
      "timestamp": "0"
    },
    {
      "line": "(no oh oh oh)",
      "annotations": {},
      "timestamp": "0"
    },
    {
      "line": "Baby I’ll be acting like I'm bugging in nam",
      "annotations": {},
      "timestamp": "0"
    },
    {
      "line": "(where’re you going)",
      "annotations": {},
      "timestamp": "0"
    },
    {
      "line": "I’m shot up",
      "annotations": {},
      "timestamp": "0"
    },
    {
      "line": "(go in)",
      "annotations": {},
      "timestamp": "0"
    },
    {
      "line": "All this love testosterones",
      "annotations": {},
      "timestamp": "0"
    },
    {
      "line": "(oxytocin)",
      "annotations": {},
      "timestamp": "0"
    },
    {
      "line": "Baby how you got me feeling",
      "annotations": {},
      "timestamp": "0"
    },
    {
      "line": "Hold mine, ain’t a mini",
      "annotations": {},
      "timestamp": "0"
    },
    {
      "line": "(bel air billing)",
      "annotations": {},
      "timestamp": "0"
    },
    {
      "line": "Girl how you got me feeling",
      "annotations": {},
      "timestamp": "0"
    },
    {
      "line": "Hammer on ma, my meaning",
      "annotations": {},
      "timestamp": "0"
    },
    {
      "line": "(though you know, do you know)",
      "annotations": {},
      "timestamp": "0"
    },
    {
      "line": "Minding my bidet",
      "annotations": {},
      "timestamp": "0"
    },
    {
      "line": "(though you know, do you know)",
      "annotations": {},
      "timestamp": "0"
    },
    {
      "line": "This is it, headed for your bed girl",
      "annotations": {},
      "timestamp": "0"
    },
    {
      "line": "Right on my pin girl",
      "annotations": {},
      "timestamp": "0"
    },
    {
      "line": "Isn’t out",
      "annotations": {},
      "timestamp": "0"
    },
    {
      "line": "I know who you’re calling",
      "annotations": {},
      "timestamp": "0"
    },
    {
      "line": "(said it enough, love, love)",
      "annotations": {},
      "timestamp": "0"
    },
    {
      "line": "Close the curtains",
      "annotations": {},
      "timestamp": "0"
    },
    {
      "line": "(assertive in love)",
      "annotations": {},
      "timestamp": "0"
    },
    {
      "line": "I’m diving",
      "annotations": {},
      "timestamp": "0"
    },
    {
      "line": "(love blob)",
      "annotations": {},
      "timestamp": "0"
    },
    {
      "line": "Not on here",
      "annotations": {},
      "timestamp": "0"
    },
    {
      "line": "I’m not ending my trip",
      "annotations": {},
      "timestamp": "0"
    },
    {
      "line": "",
      "annotations": {},
      "timestamp": "0"
    },
    {
      "line": "[Outro]",
      "annotations": {},
      "timestamp": "0"
    },
    {
      "line": "Hey",
      "annotations": {},
      "timestamp": "0"
    },
    {
      "line": "You’re in the universe",
      "annotations": {},
      "timestamp": "0"
    },
    {
      "line": "Sp ce, sp ce, universe",
      "annotations": {},
      "timestamp": "0"
    },
    {
      "line": "And should knows, she knows, she knows",
      "annotations": {},
      "timestamp": "0"
    },
    {
      "line": "(she knows)",
      "annotations": {},
      "timestamp": "0"
    },
    {
      "line": "She’s for sure",
      "annotations": {},
      "timestamp": "0"
    },
    {
      "line": "She knows, she knows, she knows",
      "annotations": {},
      "timestamp": "0"
    },
    {
      "line": "She’s for sure",
      "annotations": {},
      "timestamp": "0"
    },
    {
      "line": "(she knows)",
      "annotations": {},
      "timestamp": "0"
    },
    {
      "line": "She knows, she knows, she knows",
      "annotations": {},
      "timestamp": "0"
    },
    {
      "line": "She’s for sure",
      "annotations": {},
      "timestamp": "0"
    },
    {
      "line": "(she knows)",
      "annotations": {},
      "timestamp": "0"
    },
    {
      "line": "Chest going up like",
      "annotations": {},
      "timestamp": "0"
    },
    {
      "line": "New hemp p p p",
      "annotations": {},
      "timestamp": "0"
    },
    {
      "line": "(it’s a new hemp plant)",
      "annotations": {},
      "timestamp": "0"
    },
    {
      "line": "I’m a new hemp p p p plant",
      "annotations": {},
      "timestamp": "0"
    },
    {
      "line": "Girl, girl it’s a new hemp plant, plant, plant",
      "annotations": {},
      "timestamp": "0"
    },
    {
      "line": "I’m a new hemp plant",
      "annotations": {},
      "timestamp": "0"
    }
  ]
}