{
  "song_title": "Melly",
  "writer": "Frith Hilton",
  "release_date": "March 14, 2024",
  "cover": "https://frithhilton.com.ng/musicpool/covers/12/266.jpg",
  "mp3_url": "https://frithhilton.com.ng/mp3/12/5.)Melly.mp3",
  "duration": 194.004,
  "id": "266",
  "lyrics": [
    {
      "line": "[Intro]",
      "annotations": {},
      "timestamp": "0"
    },
    {
      "line": "Hey",
      "annotations": {},
      "timestamp": "0"
    },
    {
      "line": "Have you ever wondered",
      "annotations": {},
      "timestamp": "0"
    },
    {
      "line": "What I do most times when",
      "annotations": {},
      "timestamp": "0"
    },
    {
      "line": "I’m on x",
      "annotations": {},
      "timestamp": "0"
    },
    {
      "line": "",
      "annotations": {},
      "timestamp": "0"
    },
    {
      "line": "[Verse 1]",
      "annotations": {},
      "timestamp": "0"
    },
    {
      "line": "If it isn’t you then it’s someone else",
      "annotations": {},
      "timestamp": "0"
    },
    {
      "line": "(definitely)",
      "annotations": {},
      "timestamp": "0"
    },
    {
      "line": "If it isn’t me buzzing some girl",
      "annotations": {},
      "timestamp": "0"
    },
    {
      "line": "Then it’s some business",
      "annotations": {},
      "timestamp": "0"
    },
    {
      "line": "So why you ask",
      "annotations": {},
      "timestamp": "0"
    },
    {
      "line": "That I’ll be hard",
      "annotations": {},
      "timestamp": "0"
    },
    {
      "line": "Girl come on",
      "annotations": {},
      "timestamp": "0"
    },
    {
      "line": "That ass got me feeling like",
      "annotations": {},
      "timestamp": "0"
    },
    {
      "line": "I could be a father",
      "annotations": {},
      "timestamp": "0"
    },
    {
      "line": "With these bills",
      "annotations": {},
      "timestamp": "0"
    },
    {
      "line": "’cause there’s nothing that appeases",
      "annotations": {},
      "timestamp": "0"
    },
    {
      "line": "When I'm on my hills",
      "annotations": {},
      "timestamp": "0"
    },
    {
      "line": "Girl, come on",
      "annotations": {},
      "timestamp": "0"
    },
    {
      "line": "It’s right there",
      "annotations": {},
      "timestamp": "0"
    },
    {
      "line": "I’m a biggy",
      "annotations": {},
      "timestamp": "0"
    },
    {
      "line": "Never on these waves",
      "annotations": {},
      "timestamp": "0"
    },
    {
      "line": "Just me on my taste",
      "annotations": {},
      "timestamp": "0"
    },
    {
      "line": "That’ll be tic tac toe",
      "annotations": {},
      "timestamp": "0"
    },
    {
      "line": "Cause I'm always on my ten toes",
      "annotations": {},
      "timestamp": "0"
    },
    {
      "line": "Tryna find no foe",
      "annotations": {},
      "timestamp": "0"
    },
    {
      "line": "Maybe that could be my under goals",
      "annotations": {},
      "timestamp": "0"
    },
    {
      "line": "Oh no! bae don’t bicker",
      "annotations": {},
      "timestamp": "0"
    },
    {
      "line": "I could . . . saving all",
      "annotations": {},
      "timestamp": "0"
    },
    {
      "line": "I could tell you that",
      "annotations": {},
      "timestamp": "0"
    },
    {
      "line": "I’ll be the special one for you",
      "annotations": {},
      "timestamp": "0"
    },
    {
      "line": "",
      "annotations": {},
      "timestamp": "0"
    },
    {
      "line": "[Chorus]",
      "annotations": {},
      "timestamp": "0"
    },
    {
      "line": "And it is true girl",
      "annotations": {},
      "timestamp": "0"
    },
    {
      "line": "Nothing comes above you",
      "annotations": {},
      "timestamp": "0"
    },
    {
      "line": "When you’re the one",
      "annotations": {},
      "timestamp": "0"
    },
    {
      "line": "And it is true girl",
      "annotations": {},
      "timestamp": "0"
    },
    {
      "line": "Nothing comes above",
      "annotations": {},
      "timestamp": "0"
    },
    {
      "line": "Nothing comes above, above",
      "annotations": {},
      "timestamp": "0"
    },
    {
      "line": "You could be the one",
      "annotations": {},
      "timestamp": "0"
    },
    {
      "line": "Nothing comes above",
      "annotations": {},
      "timestamp": "0"
    },
    {
      "line": "Nothing comes above",
      "annotations": {},
      "timestamp": "0"
    },
    {
      "line": "You could be the one",
      "annotations": {},
      "timestamp": "0"
    },
    {
      "line": "You could be the one",
      "annotations": {},
      "timestamp": "0"
    },
    {
      "line": "You’re the one",
      "annotations": {},
      "timestamp": "0"
    },
    {
      "line": "Let’s play the game of being the one",
      "annotations": {},
      "timestamp": "0"
    },
    {
      "line": "You could be the one girl",
      "annotations": {},
      "timestamp": "0"
    },
    {
      "line": "Melly, melly let’s stay in the alley of e",
      "annotations": {},
      "timestamp": "0"
    },
    {
      "line": "",
      "annotations": {},
      "timestamp": "0"
    },
    {
      "line": "[Verse 2]",
      "annotations": {},
      "timestamp": "0"
    },
    {
      "line": "The one",
      "annotations": {},
      "timestamp": "0"
    },
    {
      "line": "fuck the entertainment",
      "annotations": {},
      "timestamp": "0"
    },
    {
      "line": "I just wanna be the right placement",
      "annotations": {},
      "timestamp": "0"
    },
    {
      "line": "How it feels when everything calls",
      "annotations": {},
      "timestamp": "0"
    },
    {
      "line": "Say my reign, and I'm on you",
      "annotations": {},
      "timestamp": "0"
    },
    {
      "line": "All I want",
      "annotations": {},
      "timestamp": "0"
    },
    {
      "line": "Drumming on your ear like a xylophone",
      "annotations": {},
      "timestamp": "0"
    },
    {
      "line": "All I want girl",
      "annotations": {},
      "timestamp": "0"
    },
    {
      "line": "Chomping on your heart all day",
      "annotations": {},
      "timestamp": "0"
    },
    {
      "line": "Just for this lot",
      "annotations": {},
      "timestamp": "0"
    },
    {
      "line": "",
      "annotations": {},
      "timestamp": "0"
    },
    {
      "line": "[Verse 3]",
      "annotations": {},
      "timestamp": "0"
    },
    {
      "line": "So it could be",
      "annotations": {},
      "timestamp": "0"
    },
    {
      "line": "Definitely, it won’t be on the not",
      "annotations": {},
      "timestamp": "0"
    },
    {
      "line": "That will mean",
      "annotations": {},
      "timestamp": "0"
    },
    {
      "line": "Tying the knot",
      "annotations": {},
      "timestamp": "0"
    },
    {
      "line": "It is as simple as",
      "annotations": {},
      "timestamp": "0"
    },
    {
      "line": "Putting the dust behind",
      "annotations": {},
      "timestamp": "0"
    },
    {
      "line": "That’s a cross",
      "annotations": {},
      "timestamp": "0"
    },
    {
      "line": "You know",
      "annotations": {},
      "timestamp": "0"
    },
    {
      "line": "On some other new path where",
      "annotations": {},
      "timestamp": "0"
    },
    {
      "line": "Yeah, I bought her that car",
      "annotations": {},
      "timestamp": "0"
    },
    {
      "line": "(laughter)",
      "annotations": {},
      "timestamp": "0"
    },
    {
      "line": "",
      "annotations": {},
      "timestamp": "0"
    },
    {
      "line": "[Outro]",
      "annotations": {},
      "timestamp": "0"
    },
    {
      "line": "Frith hilton",
      "annotations": {},
      "timestamp": "0"
    },
    {
      "line": "Fresh boy chilling",
      "annotations": {},
      "timestamp": "0"
    },
    {
      "line": "It is that healing",
      "annotations": {},
      "timestamp": "0"
    },
    {
      "line": "It’s about time",
      "annotations": {},
      "timestamp": "0"
    },
    {
      "line": "This ain’t even a feat",
      "annotations": {},
      "timestamp": "0"
    },
    {
      "line": "It’s a free tease, you know",
      "annotations": {},
      "timestamp": "0"
    },
    {
      "line": "Experimenting",
      "annotations": {},
      "timestamp": "0"
    },
    {
      "line": "It’s a simple sampling",
      "annotations": {},
      "timestamp": "0"
    },
    {
      "line": "And I'm out",
      "annotations": {},
      "timestamp": "0"
    }
  ]
}