{
  "song_title": "Stuck in life",
  "writer": "Frith Hilton",
  "release_date": "March 14, 2024",
  "cover": "https://frithhilton.com.ng/musicpool/covers/12/267.jpg",
  "mp3_url": "https://frithhilton.com.ng/mp3/12/6.)Stuck in life.mp3",
  "duration": 180.324,
  "id": "267",
  "lyrics": [
    {
      "line": "[Verse 1]",
      "annotations": {},
      "timestamp": "0"
    },
    {
      "line": "Tell me how I can",
      "annotations": {},
      "timestamp": "0"
    },
    {
      "line": "Move myself",
      "annotations": {},
      "timestamp": "0"
    },
    {
      "line": "I will try",
      "annotations": {},
      "timestamp": "0"
    },
    {
      "line": "Get this out to my consciousness",
      "annotations": {},
      "timestamp": "0"
    },
    {
      "line": "Say it out to the beating what I feel",
      "annotations": {},
      "timestamp": "0"
    },
    {
      "line": "Tell some more words",
      "annotations": {},
      "timestamp": "0"
    },
    {
      "line": "Words pour their rays on",
      "annotations": {},
      "timestamp": "0"
    },
    {
      "line": "",
      "annotations": {},
      "timestamp": "0"
    },
    {
      "line": "[Chorus]",
      "annotations": {},
      "timestamp": "0"
    },
    {
      "line": "I think I know what pain is",
      "annotations": {},
      "timestamp": "0"
    },
    {
      "line": "I think I know what it is",
      "annotations": {},
      "timestamp": "0"
    },
    {
      "line": "I think I know what joy is",
      "annotations": {},
      "timestamp": "0"
    },
    {
      "line": "I think I know what it is",
      "annotations": {},
      "timestamp": "0"
    },
    {
      "line": "",
      "annotations": {},
      "timestamp": "0"
    },
    {
      "line": "[Verse 2]",
      "annotations": {},
      "timestamp": "0"
    },
    {
      "line": "Holy fuck",
      "annotations": {},
      "timestamp": "0"
    },
    {
      "line": "(laughter)",
      "annotations": {},
      "timestamp": "0"
    },
    {
      "line": "Okay, yeah",
      "annotations": {},
      "timestamp": "0"
    },
    {
      "line": "Hmm",
      "annotations": {},
      "timestamp": "0"
    },
    {
      "line": "Not much to say",
      "annotations": {},
      "timestamp": "0"
    },
    {
      "line": "But I will say this though",
      "annotations": {},
      "timestamp": "0"
    },
    {
      "line": "I have been in a place",
      "annotations": {},
      "timestamp": "0"
    },
    {
      "line": "Where I’ve been down",
      "annotations": {},
      "timestamp": "0"
    },
    {
      "line": "And I thought",
      "annotations": {},
      "timestamp": "0"
    },
    {
      "line": "I’d never find a way out",
      "annotations": {},
      "timestamp": "0"
    },
    {
      "line": "Yeah, I’ve been quite so sad oh",
      "annotations": {},
      "timestamp": "0"
    },
    {
      "line": "Not for too long",
      "annotations": {},
      "timestamp": "0"
    },
    {
      "line": "But I had to pull the jack fast",
      "annotations": {},
      "timestamp": "0"
    },
    {
      "line": "Had to put the cut out fast",
      "annotations": {},
      "timestamp": "0"
    },
    {
      "line": "Like, no light attaches",
      "annotations": {},
      "timestamp": "0"
    },
    {
      "line": "Need to be out",
      "annotations": {},
      "timestamp": "0"
    },
    {
      "line": "So I know what pain is",
      "annotations": {},
      "timestamp": "0"
    },
    {
      "line": "And I know what it is",
      "annotations": {},
      "timestamp": "0"
    },
    {
      "line": "When your thoughts keep going",
      "annotations": {},
      "timestamp": "0"
    },
    {
      "line": "And they want also to be ended",
      "annotations": {},
      "timestamp": "0"
    },
    {
      "line": "And I know when every reflex",
      "annotations": {},
      "timestamp": "0"
    },
    {
      "line": "And every sign just says",
      "annotations": {},
      "timestamp": "0"
    },
    {
      "line": "It has come to an еnd",
      "annotations": {},
      "timestamp": "0"
    },
    {
      "line": "Yeah",
      "annotations": {},
      "timestamp": "0"
    },
    {
      "line": "And you seek the end",
      "annotations": {},
      "timestamp": "0"
    },
    {
      "line": "And you gеt to the end",
      "annotations": {},
      "timestamp": "0"
    },
    {
      "line": "And you wake up",
      "annotations": {},
      "timestamp": "0"
    },
    {
      "line": "And you’re still alive",
      "annotations": {},
      "timestamp": "0"
    },
    {
      "line": "And you’re just mad",
      "annotations": {},
      "timestamp": "0"
    },
    {
      "line": "Mad at the crazy substance you’ve got in your body",
      "annotations": {},
      "timestamp": "0"
    },
    {
      "line": "Just, just wanted better",
      "annotations": {},
      "timestamp": "0"
    },
    {
      "line": "And now you have to deal with it",
      "annotations": {},
      "timestamp": "0"
    },
    {
      "line": "You’re back in life",
      "annotations": {},
      "timestamp": "0"
    },
    {
      "line": "It’s the air out there",
      "annotations": {},
      "timestamp": "0"
    },
    {
      "line": "Still electricity; it is still up",
      "annotations": {},
      "timestamp": "0"
    },
    {
      "line": "It’s dark, the sun is out",
      "annotations": {},
      "timestamp": "0"
    },
    {
      "line": "And, it just all sucks",
      "annotations": {},
      "timestamp": "0"
    },
    {
      "line": "’cause now",
      "annotations": {},
      "timestamp": "0"
    },
    {
      "line": "Death is more expensive",
      "annotations": {},
      "timestamp": "0"
    },
    {
      "line": "Than you thought it was before",
      "annotations": {},
      "timestamp": "0"
    },
    {
      "line": "And it isn’t much of pain",
      "annotations": {},
      "timestamp": "0"
    },
    {
      "line": "You’re just stuck, stuck in life",
      "annotations": {},
      "timestamp": "0"
    },
    {
      "line": "Just stuck, stuck",
      "annotations": {},
      "timestamp": "0"
    },
    {
      "line": "fucking stuck",
      "annotations": {},
      "timestamp": "0"
    }
  ]
}