{
  "song_title": "Heart census",
  "writer": "Frith Hilton",
  "release_date": "March 16, 2024",
  "cover": "https://frithhilton.com.ng/musicpool/covers/12/268.jpg",
  "mp3_url": "https://frithhilton.com.ng/mp3/12/7.)Heart census.mp3",
  "duration": 182.232,
  "id": "268",
  "lyrics": [
    {
      "line": "[Verse 1]",
      "annotations": {},
      "timestamp": "0"
    },
    {
      "line": "Forever",
      "annotations": {},
      "timestamp": "0"
    },
    {
      "line": "I’m feeling like it is forever",
      "annotations": {},
      "timestamp": "0"
    },
    {
      "line": "When I take my drivers",
      "annotations": {},
      "timestamp": "0"
    },
    {
      "line": "Put them in the arrivals",
      "annotations": {},
      "timestamp": "0"
    },
    {
      "line": "I’m feeling like it’s forever",
      "annotations": {},
      "timestamp": "0"
    },
    {
      "line": "When I take my time",
      "annotations": {},
      "timestamp": "0"
    },
    {
      "line": "And I put these words",
      "annotations": {},
      "timestamp": "0"
    },
    {
      "line": "On the damn bic",
      "annotations": {},
      "timestamp": "0"
    },
    {
      "line": "Girl, I'm feeling like it is forever",
      "annotations": {},
      "timestamp": "0"
    },
    {
      "line": "Your light shinning not a gleam",
      "annotations": {},
      "timestamp": "0"
    },
    {
      "line": "Aim, you know that this is not the scene",
      "annotations": {},
      "timestamp": "0"
    },
    {
      "line": "In the bed girl, I'm not making you scream",
      "annotations": {},
      "timestamp": "0"
    },
    {
      "line": "Just making you find out",
      "annotations": {},
      "timestamp": "0"
    },
    {
      "line": "What is about to be in the dream",
      "annotations": {},
      "timestamp": "0"
    },
    {
      "line": "That is not 808",
      "annotations": {},
      "timestamp": "0"
    },
    {
      "line": "That is me on the severe",
      "annotations": {},
      "timestamp": "0"
    },
    {
      "line": "You’re the lane",
      "annotations": {},
      "timestamp": "0"
    },
    {
      "line": "",
      "annotations": {},
      "timestamp": "0"
    },
    {
      "line": "[Verse 2]",
      "annotations": {},
      "timestamp": "0"
    },
    {
      "line": "Silver lean, baby lean",
      "annotations": {},
      "timestamp": "0"
    },
    {
      "line": "I’m tryna get my mind off",
      "annotations": {},
      "timestamp": "0"
    },
    {
      "line": "These other lean, ease us",
      "annotations": {},
      "timestamp": "0"
    },
    {
      "line": "Dreamings of all the planets",
      "annotations": {},
      "timestamp": "0"
    },
    {
      "line": "I ‘on’t even know why I even got the habit",
      "annotations": {},
      "timestamp": "0"
    },
    {
      "line": "But it’s me shining",
      "annotations": {},
      "timestamp": "0"
    },
    {
      "line": "You make me shine girl",
      "annotations": {},
      "timestamp": "0"
    },
    {
      "line": "Even though when it’s just a feeling",
      "annotations": {},
      "timestamp": "0"
    },
    {
      "line": "That I am trying to hold on to this . . .",
      "annotations": {},
      "timestamp": "0"
    },
    {
      "line": "",
      "annotations": {},
      "timestamp": "0"
    },
    {
      "line": "[Verse 3]",
      "annotations": {},
      "timestamp": "0"
    },
    {
      "line": "Okay",
      "annotations": {},
      "timestamp": "0"
    },
    {
      "line": "Going on this with my eyes closed",
      "annotations": {},
      "timestamp": "0"
    },
    {
      "line": "Mind open like it’s our toast",
      "annotations": {},
      "timestamp": "0"
    },
    {
      "line": "And I am feeling I don’t get those",
      "annotations": {},
      "timestamp": "0"
    },
    {
      "line": "No more baby come on me",
      "annotations": {},
      "timestamp": "0"
    },
    {
      "line": "I just want to get to this",
      "annotations": {},
      "timestamp": "0"
    },
    {
      "line": "I am not trying to pour",
      "annotations": {},
      "timestamp": "0"
    },
    {
      "line": "No, it’s not a rainfall",
      "annotations": {},
      "timestamp": "0"
    },
    {
      "line": "It’s not a windfall",
      "annotations": {},
      "timestamp": "0"
    },
    {
      "line": "It’s just me, and I am acting poor",
      "annotations": {},
      "timestamp": "0"
    },
    {
      "line": "With your emotions",
      "annotations": {},
      "timestamp": "0"
    },
    {
      "line": "Yeah, it is the abortions",
      "annotations": {},
      "timestamp": "0"
    },
    {
      "line": "I don’t get it off",
      "annotations": {},
      "timestamp": "0"
    },
    {
      "line": "It is the versions",
      "annotations": {},
      "timestamp": "0"
    },
    {
      "line": "I’m lost in my conscience",
      "annotations": {},
      "timestamp": "0"
    },
    {
      "line": "And that’s makes me feel like",
      "annotations": {},
      "timestamp": "0"
    },
    {
      "line": "I could be something like a vulture",
      "annotations": {},
      "timestamp": "0"
    },
    {
      "line": "Tell me what it feels like",
      "annotations": {},
      "timestamp": "0"
    },
    {
      "line": "I like it when you’re not around",
      "annotations": {},
      "timestamp": "0"
    },
    {
      "line": "And tell me what it feels like",
      "annotations": {},
      "timestamp": "0"
    },
    {
      "line": "When I bother about",
      "annotations": {},
      "timestamp": "0"
    },
    {
      "line": "The things that I haven’t said",
      "annotations": {},
      "timestamp": "0"
    },
    {
      "line": "Things that I might just get around",
      "annotations": {},
      "timestamp": "0"
    },
    {
      "line": "And get over my heart or its census",
      "annotations": {},
      "timestamp": "0"
    },
    {
      "line": "Of how I am feeling for another",
      "annotations": {},
      "timestamp": "0"
    },
    {
      "line": "Cut it out like I was not for the bags, I guts",
      "annotations": {},
      "timestamp": "0"
    },
    {
      "line": "Of my living in the scene",
      "annotations": {},
      "timestamp": "0"
    },
    {
      "line": "Barking like talking, big in on this vein",
      "annotations": {},
      "timestamp": "0"
    },
    {
      "line": "",
      "annotations": {},
      "timestamp": "0"
    },
    {
      "line": "[Outro]",
      "annotations": {},
      "timestamp": "0"
    },
    {
      "line": "Yeah",
      "annotations": {},
      "timestamp": "0"
    },
    {
      "line": "It’s no time to do it again",
      "annotations": {},
      "timestamp": "0"
    },
    {
      "line": "It’s one take and I have this in the lake",
      "annotations": {},
      "timestamp": "0"
    },
    {
      "line": "I have been pondering my convictions",
      "annotations": {},
      "timestamp": "0"
    },
    {
      "line": "And things that I say",
      "annotations": {},
      "timestamp": "0"
    },
    {
      "line": "If they’re true with the diction",
      "annotations": {},
      "timestamp": "0"
    },
    {
      "line": "’cause I won’t say them twice",
      "annotations": {},
      "timestamp": "0"
    },
    {
      "line": "And I wonder if everyone here was the price",
      "annotations": {},
      "timestamp": "0"
    },
    {
      "line": "I’m still working with this",
      "annotations": {},
      "timestamp": "0"
    },
    {
      "line": "It is my dynamo, let’s do it again",
      "annotations": {},
      "timestamp": "0"
    }
  ]
}