{
  "song_title": "Kevin Hart",
  "writer": "Frith Hilton",
  "release_date": "March 17, 2024",
  "cover": "https://frithhilton.com.ng/musicpool/covers/12/269.jpg",
  "mp3_url": "https://frithhilton.com.ng/mp3/12/8.)Kevin Hart.mp3",
  "duration": 194.112,
  "id": "269",
  "lyrics": [
    {
      "line": "[Intro]",
      "annotations": {},
      "timestamp": "0"
    },
    {
      "line": "It’s just this evening",
      "annotations": {},
      "timestamp": "0"
    },
    {
      "line": "I felt I was living",
      "annotations": {},
      "timestamp": "0"
    },
    {
      "line": "In the present, but like",
      "annotations": {},
      "timestamp": "0"
    },
    {
      "line": "Like I had seen the future sometime",
      "annotations": {},
      "timestamp": "0"
    },
    {
      "line": "And everything just felt you know",
      "annotations": {},
      "timestamp": "0"
    },
    {
      "line": "Quite retro",
      "annotations": {},
      "timestamp": "0"
    },
    {
      "line": "",
      "annotations": {},
      "timestamp": "0"
    },
    {
      "line": "[Chorus]",
      "annotations": {},
      "timestamp": "0"
    },
    {
      "line": "Bringing love back",
      "annotations": {},
      "timestamp": "0"
    },
    {
      "line": "(hey)",
      "annotations": {},
      "timestamp": "0"
    },
    {
      "line": "Bringing heart back",
      "annotations": {},
      "timestamp": "0"
    },
    {
      "line": "(hey)",
      "annotations": {},
      "timestamp": "0"
    },
    {
      "line": "When you’re in",
      "annotations": {},
      "timestamp": "0"
    },
    {
      "line": "Forever marching on",
      "annotations": {},
      "timestamp": "0"
    },
    {
      "line": "Bringing love back",
      "annotations": {},
      "timestamp": "0"
    },
    {
      "line": "(hey)",
      "annotations": {},
      "timestamp": "0"
    },
    {
      "line": "Bringing hearts back",
      "annotations": {},
      "timestamp": "0"
    },
    {
      "line": "(hey)",
      "annotations": {},
      "timestamp": "0"
    },
    {
      "line": "I’m forever",
      "annotations": {},
      "timestamp": "0"
    },
    {
      "line": "Where I'm marching on",
      "annotations": {},
      "timestamp": "0"
    },
    {
      "line": "Beating in my heart",
      "annotations": {},
      "timestamp": "0"
    },
    {
      "line": "Has a different theme",
      "annotations": {},
      "timestamp": "0"
    },
    {
      "line": "Can you let it go",
      "annotations": {},
      "timestamp": "0"
    },
    {
      "line": "Beating in my heart",
      "annotations": {},
      "timestamp": "0"
    },
    {
      "line": "Has a different rhythm",
      "annotations": {},
      "timestamp": "0"
    },
    {
      "line": "Can you let it go",
      "annotations": {},
      "timestamp": "0"
    },
    {
      "line": "",
      "annotations": {},
      "timestamp": "0"
    },
    {
      "line": "[Verse 1]",
      "annotations": {},
      "timestamp": "0"
    },
    {
      "line": "The smile on my face can’t deny it",
      "annotations": {},
      "timestamp": "0"
    },
    {
      "line": "(I kind of like it, you know, I mean it’s different)",
      "annotations": {},
      "timestamp": "0"
    },
    {
      "line": "The block on your face I can buy it",
      "annotations": {},
      "timestamp": "0"
    },
    {
      "line": "It’s just how I see it",
      "annotations": {},
      "timestamp": "0"
    },
    {
      "line": "Taking my mind and I say it twice",
      "annotations": {},
      "timestamp": "0"
    },
    {
      "line": "Just to believe it",
      "annotations": {},
      "timestamp": "0"
    },
    {
      "line": "I am not withholding this",
      "annotations": {},
      "timestamp": "0"
    },
    {
      "line": "",
      "annotations": {},
      "timestamp": "0"
    },
    {
      "line": "[Verse 2]",
      "annotations": {},
      "timestamp": "0"
    },
    {
      "line": "Not withholding",
      "annotations": {},
      "timestamp": "0"
    },
    {
      "line": "I am betrothing",
      "annotations": {},
      "timestamp": "0"
    },
    {
      "line": "(hey)",
      "annotations": {},
      "timestamp": "0"
    },
    {
      "line": "Say it",
      "annotations": {},
      "timestamp": "0"
    },
    {
      "line": "That she’ll never get the hold of me",
      "annotations": {},
      "timestamp": "0"
    },
    {
      "line": "(hey, hey)",
      "annotations": {},
      "timestamp": "0"
    },
    {
      "line": "I quill it",
      "annotations": {},
      "timestamp": "0"
    },
    {
      "line": "Every time I swindle these feelings",
      "annotations": {},
      "timestamp": "0"
    },
    {
      "line": "That wanna keep me in check",
      "annotations": {},
      "timestamp": "0"
    },
    {
      "line": "K!ll me",
      "annotations": {},
      "timestamp": "0"
    },
    {
      "line": "(hey)",
      "annotations": {},
      "timestamp": "0"
    },
    {
      "line": "I dribble it",
      "annotations": {},
      "timestamp": "0"
    },
    {
      "line": "(hey)",
      "annotations": {},
      "timestamp": "0"
    },
    {
      "line": "See my caving heart",
      "annotations": {},
      "timestamp": "0"
    },
    {
      "line": "Does he ever feel you’re in lead",
      "annotations": {},
      "timestamp": "0"
    },
    {
      "line": "Pee, your ending",
      "annotations": {},
      "timestamp": "0"
    },
    {
      "line": "Then you diss the will",
      "annotations": {},
      "timestamp": "0"
    },
    {
      "line": "",
      "annotations": {},
      "timestamp": "0"
    },
    {
      "line": "[Outro]",
      "annotations": {},
      "timestamp": "0"
    },
    {
      "line": "Yeah, yeah, yeah",
      "annotations": {},
      "timestamp": "0"
    },
    {
      "line": "Cut it out",
      "annotations": {},
      "timestamp": "0"
    },
    {
      "line": "I, kevin hart",
      "annotations": {},
      "timestamp": "0"
    },
    {
      "line": "Does he ever",
      "annotations": {},
      "timestamp": "0"
    },
    {
      "line": "Carve it out",
      "annotations": {},
      "timestamp": "0"
    },
    {
      "line": "As I hang up paying . . .",
      "annotations": {},
      "timestamp": "0"
    },
    {
      "line": "He earns",
      "annotations": {},
      "timestamp": "0"
    }
  ]
}