{
  "song_title": "Head",
  "writer": "Frith Hilton",
  "release_date": "March 18, 2024",
  "cover": "https://frithhilton.com.ng/musicpool/covers/12/270.jpg",
  "mp3_url": "https://frithhilton.com.ng/mp3/12/9.)Head.mp3",
  "duration": 198.18,
  "id": "270",
  "lyrics": [
    {
      "line": "[Intro]",
      "annotations": {},
      "timestamp": "0"
    },
    {
      "line": "Fresh boy chilling",
      "annotations": {},
      "timestamp": "0"
    },
    {
      "line": "",
      "annotations": {},
      "timestamp": "0"
    },
    {
      "line": "[Verse 1]",
      "annotations": {},
      "timestamp": "0"
    },
    {
      "line": "It’s nothing serious",
      "annotations": {},
      "timestamp": "0"
    },
    {
      "line": "It’s just me on my business",
      "annotations": {},
      "timestamp": "0"
    },
    {
      "line": "You know",
      "annotations": {},
      "timestamp": "0"
    },
    {
      "line": "Nothing serious",
      "annotations": {},
      "timestamp": "0"
    },
    {
      "line": "It’s just spinning",
      "annotations": {},
      "timestamp": "0"
    },
    {
      "line": "It’s another day",
      "annotations": {},
      "timestamp": "0"
    },
    {
      "line": "Better best believe",
      "annotations": {},
      "timestamp": "0"
    },
    {
      "line": "Just another face",
      "annotations": {},
      "timestamp": "0"
    },
    {
      "line": "Punch to see it",
      "annotations": {},
      "timestamp": "0"
    },
    {
      "line": "I’m here on my vape",
      "annotations": {},
      "timestamp": "0"
    },
    {
      "line": "And you know what you know",
      "annotations": {},
      "timestamp": "0"
    },
    {
      "line": "When you know we ain’t no",
      "annotations": {},
      "timestamp": "0"
    },
    {
      "line": "And nothing makes me down from this",
      "annotations": {},
      "timestamp": "0"
    },
    {
      "line": "Better know",
      "annotations": {},
      "timestamp": "0"
    },
    {
      "line": "Bet on no",
      "annotations": {},
      "timestamp": "0"
    },
    {
      "line": "Better known",
      "annotations": {},
      "timestamp": "0"
    },
    {
      "line": "Nothing brings me down from your love",
      "annotations": {},
      "timestamp": "0"
    },
    {
      "line": "",
      "annotations": {},
      "timestamp": "0"
    },
    {
      "line": "[Chorus]",
      "annotations": {},
      "timestamp": "0"
    },
    {
      "line": "I will try",
      "annotations": {},
      "timestamp": "0"
    },
    {
      "line": "I will try",
      "annotations": {},
      "timestamp": "0"
    },
    {
      "line": "Get it off my head",
      "annotations": {},
      "timestamp": "0"
    },
    {
      "line": "Bet I’ll try",
      "annotations": {},
      "timestamp": "0"
    },
    {
      "line": "Bet I’ll try",
      "annotations": {},
      "timestamp": "0"
    },
    {
      "line": "Get it off my head",
      "annotations": {},
      "timestamp": "0"
    },
    {
      "line": "",
      "annotations": {},
      "timestamp": "0"
    },
    {
      "line": "[Verse 3]",
      "annotations": {},
      "timestamp": "0"
    },
    {
      "line": "Saving nothing more",
      "annotations": {},
      "timestamp": "0"
    },
    {
      "line": "Not leaving out anything",
      "annotations": {},
      "timestamp": "0"
    },
    {
      "line": "I’ll pay for her wrist, sending more",
      "annotations": {},
      "timestamp": "0"
    },
    {
      "line": "Feeling I’ve got a tear vase",
      "annotations": {},
      "timestamp": "0"
    },
    {
      "line": "Heartache",
      "annotations": {},
      "timestamp": "0"
    },
    {
      "line": "Talk to me",
      "annotations": {},
      "timestamp": "0"
    },
    {
      "line": "She say I'm pained",
      "annotations": {},
      "timestamp": "0"
    },
    {
      "line": "Got nothing left",
      "annotations": {},
      "timestamp": "0"
    },
    {
      "line": "A way you say",
      "annotations": {},
      "timestamp": "0"
    },
    {
      "line": "Nothing left to say",
      "annotations": {},
      "timestamp": "0"
    },
    {
      "line": "",
      "annotations": {},
      "timestamp": "0"
    },
    {
      "line": "[Bridge]",
      "annotations": {},
      "timestamp": "0"
    },
    {
      "line": "And my head next to you will I grow",
      "annotations": {},
      "timestamp": "0"
    },
    {
      "line": "Am I next to you till I grow",
      "annotations": {},
      "timestamp": "0"
    },
    {
      "line": "Oh clacks to you",
      "annotations": {},
      "timestamp": "0"
    },
    {
      "line": "We are one then crow",
      "annotations": {},
      "timestamp": "0"
    },
    {
      "line": "",
      "annotations": {},
      "timestamp": "0"
    },
    {
      "line": "[Verse 4]",
      "annotations": {},
      "timestamp": "0"
    },
    {
      "line": "Just say it",
      "annotations": {},
      "timestamp": "0"
    },
    {
      "line": "Just say it how we . . .",
      "annotations": {},
      "timestamp": "0"
    },
    {
      "line": "You’ve said he ate",
      "annotations": {},
      "timestamp": "0"
    },
    {
      "line": "Back to it",
      "annotations": {},
      "timestamp": "0"
    },
    {
      "line": "A map to her heart",
      "annotations": {},
      "timestamp": "0"
    },
    {
      "line": "Better off if I find it",
      "annotations": {},
      "timestamp": "0"
    },
    {
      "line": "If I don’t",
      "annotations": {},
      "timestamp": "0"
    },
    {
      "line": "I might be lost where I don’t wanna",
      "annotations": {},
      "timestamp": "0"
    },
    {
      "line": "A spade right next to me",
      "annotations": {},
      "timestamp": "0"
    },
    {
      "line": "H ll will allow me",
      "annotations": {},
      "timestamp": "0"
    },
    {
      "line": "Coot down around my wells",
      "annotations": {},
      "timestamp": "0"
    }
  ]
}