{
  "song_title": "Imagination",
  "writer": "Frith Hilton",
  "release_date": "March 20, 2024",
  "cover": "https://frithhilton.com.ng/musicpool/covers/12/271.jpg",
  "mp3_url": "https://frithhilton.com.ng/mp3/12/10)Imagination.mp3",
  "duration": 157.464,
  "id": "271",
  "lyrics": [
    {
      "line": "[Intro]",
      "annotations": {},
      "timestamp": "0"
    },
    {
      "line": "Fresh boy chilling ",
      "annotations": {},
      "timestamp": "0"
    },
    {
      "line": "",
      "annotations": {},
      "timestamp": "0"
    },
    {
      "line": "[Verse 1]",
      "annotations": {},
      "timestamp": "0"
    },
    {
      "line": "Sweet baby",
      "annotations": {},
      "timestamp": "0"
    },
    {
      "line": "You tell me",
      "annotations": {},
      "timestamp": "0"
    },
    {
      "line": "That you have it",
      "annotations": {},
      "timestamp": "0"
    },
    {
      "line": "And I see it",
      "annotations": {},
      "timestamp": "0"
    },
    {
      "line": "I can feel it",
      "annotations": {},
      "timestamp": "0"
    },
    {
      "line": "When I'm holding my cell phone",
      "annotations": {},
      "timestamp": "0"
    },
    {
      "line": "And I have these thoughts",
      "annotations": {},
      "timestamp": "0"
    },
    {
      "line": "I wanna be with you",
      "annotations": {},
      "timestamp": "0"
    },
    {
      "line": "Forever and ever",
      "annotations": {},
      "timestamp": "0"
    },
    {
      "line": "Cos my thoughts don’t lie to me",
      "annotations": {},
      "timestamp": "0"
    },
    {
      "line": "Lie to me, bride to me",
      "annotations": {},
      "timestamp": "0"
    },
    {
      "line": "I will say",
      "annotations": {},
      "timestamp": "0"
    },
    {
      "line": "I would quiet if they ever do",
      "annotations": {},
      "timestamp": "0"
    },
    {
      "line": "And my time",
      "annotations": {},
      "timestamp": "0"
    },
    {
      "line": "How can I spend more of it with you",
      "annotations": {},
      "timestamp": "0"
    },
    {
      "line": "Course this feeling",
      "annotations": {},
      "timestamp": "0"
    },
    {
      "line": "Say they’re true",
      "annotations": {},
      "timestamp": "0"
    },
    {
      "line": "Looking for something",
      "annotations": {},
      "timestamp": "0"
    },
    {
      "line": "That’ll help with a new view",
      "annotations": {},
      "timestamp": "0"
    },
    {
      "line": "And all that comes between us",
      "annotations": {},
      "timestamp": "0"
    },
    {
      "line": "Nothing more than our imagination",
      "annotations": {},
      "timestamp": "0"
    },
    {
      "line": "",
      "annotations": {},
      "timestamp": "0"
    },
    {
      "line": "[Chorus]",
      "annotations": {},
      "timestamp": "0"
    },
    {
      "line": "Just believe it",
      "annotations": {},
      "timestamp": "0"
    },
    {
      "line": "When I say that",
      "annotations": {},
      "timestamp": "0"
    },
    {
      "line": "I love you, I love you",
      "annotations": {},
      "timestamp": "0"
    },
    {
      "line": "Then can’t you see it",
      "annotations": {},
      "timestamp": "0"
    },
    {
      "line": "You’re so beautiful",
      "annotations": {},
      "timestamp": "0"
    },
    {
      "line": "Oh so beautiful",
      "annotations": {},
      "timestamp": "0"
    },
    {
      "line": "",
      "annotations": {},
      "timestamp": "0"
    },
    {
      "line": "[Verse 2]",
      "annotations": {},
      "timestamp": "0"
    },
    {
      "line": "Time passes, lives gone",
      "annotations": {},
      "timestamp": "0"
    },
    {
      "line": "And so many lies that have been told",
      "annotations": {},
      "timestamp": "0"
    },
    {
      "line": "Wishing I could stake my time",
      "annotations": {},
      "timestamp": "0"
    },
    {
      "line": "To tell you something more . . .",
      "annotations": {},
      "timestamp": "0"
    },
    {
      "line": "Eloquent",
      "annotations": {},
      "timestamp": "0"
    },
    {
      "line": "Cos it isn’t how I feel",
      "annotations": {},
      "timestamp": "0"
    },
    {
      "line": "Bouncing to this",
      "annotations": {},
      "timestamp": "0"
    },
    {
      "line": "Living life like I don’t see it",
      "annotations": {},
      "timestamp": "0"
    },
    {
      "line": "Girl isn’t much I will say",
      "annotations": {},
      "timestamp": "0"
    },
    {
      "line": "But can you see that face",
      "annotations": {},
      "timestamp": "0"
    },
    {
      "line": "Imagination",
      "annotations": {},
      "timestamp": "0"
    },
    {
      "line": "(hold on to imagination)",
      "annotations": {},
      "timestamp": "0"
    },
    {
      "line": "",
      "annotations": {},
      "timestamp": "0"
    },
    {
      "line": "[Chorus]",
      "annotations": {},
      "timestamp": "0"
    },
    {
      "line": "Just believe it",
      "annotations": {},
      "timestamp": "0"
    },
    {
      "line": "(oh)",
      "annotations": {},
      "timestamp": "0"
    },
    {
      "line": "When I say that",
      "annotations": {},
      "timestamp": "0"
    },
    {
      "line": "I love you, I love you",
      "annotations": {},
      "timestamp": "0"
    },
    {
      "line": "(just believe it)",
      "annotations": {},
      "timestamp": "0"
    },
    {
      "line": "Then can’t you see it",
      "annotations": {},
      "timestamp": "0"
    },
    {
      "line": "(oi)",
      "annotations": {},
      "timestamp": "0"
    },
    {
      "line": "You’re so beautiful",
      "annotations": {},
      "timestamp": "0"
    },
    {
      "line": "(love)",
      "annotations": {},
      "timestamp": "0"
    },
    {
      "line": "Oh so beautiful",
      "annotations": {},
      "timestamp": "0"
    },
    {
      "line": "(beaut)",
      "annotations": {},
      "timestamp": "0"
    },
    {
      "line": "",
      "annotations": {},
      "timestamp": "0"
    },
    {
      "line": "[Outro]",
      "annotations": {},
      "timestamp": "0"
    },
    {
      "line": "Time passes, lives gone",
      "annotations": {},
      "timestamp": "0"
    },
    {
      "line": "And so many lies that have been told",
      "annotations": {},
      "timestamp": "0"
    }
  ]
}