{
  "song_title": "Lonely note",
  "writer": "Frith Hilton",
  "release_date": "March 22, 2024",
  "cover": "",
  "mp3_url": "",
  "id": "272",
  "lyrics": [
  {
    "line": "[Intro]",
    "annotations": {}
  },
  {
    "line": "Fresh Boy Chilling",
    "annotations": {}
  },
  {
    "line": "Hello baby, don't fidget",
    "annotations": {}
  },
  {
    "line": "I got this",
    "annotations": {}
  },
  {
    "line": "Winding up today",
    "annotations": {}
  },
  {
    "line": "I found a lonely note",
    "annotations": {}
  },
  {
    "line": "It read something:",
    "annotations": {}
  },
  {
    "line": "Boy, you'll never be alone",
    "annotations": {}
  },
  {
    "line": "",
    "annotations": {}
  },
  {
    "line": "[Verse 1]",
    "annotations": {}
  },
  {
    "line": "I was thinking could be a door",
    "annotations": {}
  },
  {
    "line": "Cupid there",
    "annotations": {}
  },
  {
    "line": "Could be dear; my girl on X",
    "annotations": {}
  },
  {
    "line": "I was loving every girl",
    "annotations": {}
  },
  {
    "line": "Ever gold",
    "annotations": {}
  },
  {
    "line": "Have a goal",
    "annotations": {}
  },
  {
    "line": "Okay and I was like oh",
    "annotations": {}
  },
  {
    "line": "I could be on my bed",
    "annotations": {}
  },
  {
    "line": "Drowning in moans",
    "annotations": {}
  },
  {
    "line": "For months",
    "annotations": {}
  },
  {
    "line": "Girl you've been on my best spot",
    "annotations": {}
  },
  {
    "line": "My love it's not the waist",
    "annotations": {}
  },
  {
    "line": "It's supposed to wear its shot",
    "annotations": {}
  },
  {
    "line": "I'm liking every thots off this",
    "annotations": {}
  },
  {
    "line": "Share in plain, I'm fetted",
    "annotations": {}
  },
  {
    "line": "I'm not quiet at taking my slake",
    "annotations": {}
  },
  {
    "line": "",
    "annotations": {}
  },
  {
    "line": "[Verse 2]",
    "annotations": {}
  },
  {
    "line": "It's this, save your time",
    "annotations": {}
  },
  {
    "line": "Tittling you how I feel",
    "annotations": {}
  },
  {
    "line": "Like it's bedtime stories",
    "annotations": {}
  },
  {
    "line": "Play my song",
    "annotations": {}
  },
  {
    "line": "When you feel like",
    "annotations": {}
  },
  {
    "line": "It's not time to be sorry",
    "annotations": {}
  },
  {
    "line": "You could be sorry for me",
    "annotations": {}
  },
  {
    "line": "I'm the guy that I've told you",
    "annotations": {}
  },
  {
    "line": "I'm horny",
    "annotations": {}
  },
  {
    "line": "You shot him",
    "annotations": {}
  },
  {
    "line": "Shoot me down",
    "annotations": {}
  },
  {
    "line": "Show me you're down",
    "annotations": {}
  },
  {
    "line": "Damn me",
    "annotations": {}
  },
  {
    "line": "Tell me that you love me",
    "annotations": {}
  },
  {
    "line": "I'm a little baby tryna find the home",
    "annotations": {}
  },
  {
    "line": "I got some in the past",
    "annotations": {}
  },
  {
    "line": "But I'm always alone",
    "annotations": {}
  },
  {
    "line": "I'll tell you a story about feeling grown",
    "annotations": {}
  },
  {
    "line": "And how it has made me feel",
    "annotations": {}
  },
  {
    "line": "Back to the spot",
    "annotations": {}
  },
  {
    "line": "Needing more care than I thought",
    "annotations": {}
  },
  {
    "line": "Girl, you should help me",
    "annotations": {}
  },
  {
    "line": "I don't wanna be picking notes on the road",
    "annotations": {}
  },
  {
    "line": "Of course you will help me",
    "annotations": {}
  },
  {
    "line": "I don't want to be picking lonely notes on the road",
    "annotations": {}
  },
  {
    "line": "If I'm home",
    "annotations": {}
  },
  {
    "line": "Why the hell would I do",
    "annotations": {}
  }]
}