{
  "song_title": "Hubble",
  "writer": "Frith Hilton",
  "release_date": "March 23, 2024",
  "cover": "https://frithhilton.com.ng/musicpool/covers/12/273.jpg",
  "mp3_url": "https://frithhilton.com.ng/mp3/12/12.)Hubble.mp3",
  "duration": 153.504,
  "id": "273",
  "lyrics": [
    {
      "line": "[Verse 1]",
      "annotations": {},
      "timestamp": "0"
    },
    {
      "line": "And it goes",
      "annotations": {},
      "timestamp": "0"
    },
    {
      "line": "And it goes",
      "annotations": {},
      "timestamp": "0"
    },
    {
      "line": "Summer times on the road",
      "annotations": {},
      "timestamp": "0"
    },
    {
      "line": "Where did my clothes go",
      "annotations": {},
      "timestamp": "0"
    },
    {
      "line": "I feel that I'm my own",
      "annotations": {},
      "timestamp": "0"
    },
    {
      "line": "Bother and troubles",
      "annotations": {},
      "timestamp": "0"
    },
    {
      "line": "I feel that I'm my own hubble",
      "annotations": {},
      "timestamp": "0"
    },
    {
      "line": "And I'm looking at your",
      "annotations": {},
      "timestamp": "0"
    },
    {
      "line": "Body, body, body girl",
      "annotations": {},
      "timestamp": "0"
    },
    {
      "line": "Out there in outer sp ce",
      "annotations": {},
      "timestamp": "0"
    },
    {
      "line": "You dazzle me",
      "annotations": {},
      "timestamp": "0"
    },
    {
      "line": "And I can’t",
      "annotations": {},
      "timestamp": "0"
    },
    {
      "line": "Get you out of",
      "annotations": {},
      "timestamp": "0"
    },
    {
      "line": "Out of my mind",
      "annotations": {},
      "timestamp": "0"
    },
    {
      "line": "",
      "annotations": {},
      "timestamp": "0"
    },
    {
      "line": "[Verse 2]",
      "annotations": {},
      "timestamp": "0"
    },
    {
      "line": "How you look so beautiful",
      "annotations": {},
      "timestamp": "0"
    },
    {
      "line": "(beautiful)",
      "annotations": {},
      "timestamp": "0"
    },
    {
      "line": "How you’re looking so beautiful",
      "annotations": {},
      "timestamp": "0"
    },
    {
      "line": "(beautiful)",
      "annotations": {},
      "timestamp": "0"
    },
    {
      "line": "How you were well to know",
      "annotations": {},
      "timestamp": "0"
    },
    {
      "line": "I must be blind",
      "annotations": {},
      "timestamp": "0"
    },
    {
      "line": "(I'm blind)",
      "annotations": {},
      "timestamp": "0"
    },
    {
      "line": "I know for sure",
      "annotations": {},
      "timestamp": "0"
    },
    {
      "line": "I must be on my last drive",
      "annotations": {},
      "timestamp": "0"
    },
    {
      "line": "And I'm hitting your way",
      "annotations": {},
      "timestamp": "0"
    },
    {
      "line": "Your way, your way",
      "annotations": {},
      "timestamp": "0"
    },
    {
      "line": "",
      "annotations": {},
      "timestamp": "0"
    },
    {
      "line": "[Verse 3]",
      "annotations": {},
      "timestamp": "0"
    },
    {
      "line": "Girl therapy",
      "annotations": {},
      "timestamp": "0"
    },
    {
      "line": "Day your way will be the last cline",
      "annotations": {},
      "timestamp": "0"
    },
    {
      "line": "There’s no where further from this",
      "annotations": {},
      "timestamp": "0"
    },
    {
      "line": "Further from you",
      "annotations": {},
      "timestamp": "0"
    },
    {
      "line": "I see nothing further from you",
      "annotations": {},
      "timestamp": "0"
    },
    {
      "line": "Arriving at your home",
      "annotations": {},
      "timestamp": "0"
    },
    {
      "line": "I’ll find your place",
      "annotations": {},
      "timestamp": "0"
    },
    {
      "line": "Oh oh",
      "annotations": {},
      "timestamp": "0"
    },
    {
      "line": "I’ll find your address",
      "annotations": {},
      "timestamp": "0"
    },
    {
      "line": "And say I'm at the way",
      "annotations": {},
      "timestamp": "0"
    }
  ]
}