{
  "song_title": "Take me out",
  "writer": "Frith Hilton",
  "release_date": "April 16, 2024",
  "cover": "https://frithhilton.com.ng/musicpool/covers/12/274.jpg",
  "mp3_url": "https://frithhilton.com.ng/mp3/12/13.)Take me out.mp3",
  "duration": 149.004,
  "id": "274",
  "lyrics": [
    {
      "line": "[Intro]",
      "annotations": {},
      "timestamp": "0"
    },
    {
      "line": "Fresh boy chilling",
      "annotations": {},
      "timestamp": "0"
    },
    {
      "line": "I try to work it out myself",
      "annotations": {},
      "timestamp": "0"
    },
    {
      "line": "But although I tame myself",
      "annotations": {},
      "timestamp": "0"
    },
    {
      "line": "Not the one right next to you",
      "annotations": {},
      "timestamp": "0"
    },
    {
      "line": "",
      "annotations": {},
      "timestamp": "0"
    },
    {
      "line": "[Verse 1]",
      "annotations": {},
      "timestamp": "0"
    },
    {
      "line": "Bail me",
      "annotations": {},
      "timestamp": "0"
    },
    {
      "line": "Tell me that you’ll always be there",
      "annotations": {},
      "timestamp": "0"
    },
    {
      "line": "I hear voices in my loud window",
      "annotations": {},
      "timestamp": "0"
    },
    {
      "line": "Telling me I don’t care",
      "annotations": {},
      "timestamp": "0"
    },
    {
      "line": "About you",
      "annotations": {},
      "timestamp": "0"
    },
    {
      "line": "I mean me",
      "annotations": {},
      "timestamp": "0"
    },
    {
      "line": "Now don’t I hear it right girl",
      "annotations": {},
      "timestamp": "0"
    },
    {
      "line": "I could be a sad boy",
      "annotations": {},
      "timestamp": "0"
    },
    {
      "line": "But I prefer just being a damn bell boy",
      "annotations": {},
      "timestamp": "0"
    },
    {
      "line": "Broken a lot of things at my heart",
      "annotations": {},
      "timestamp": "0"
    },
    {
      "line": "Whole lot of things lying",
      "annotations": {},
      "timestamp": "0"
    },
    {
      "line": "My love sold",
      "annotations": {},
      "timestamp": "0"
    },
    {
      "line": "Believe my love sold out long time ago",
      "annotations": {},
      "timestamp": "0"
    },
    {
      "line": "",
      "annotations": {},
      "timestamp": "0"
    },
    {
      "line": "[Bridge]",
      "annotations": {},
      "timestamp": "0"
    },
    {
      "line": "Well I'm shut off, a shard of",
      "annotations": {},
      "timestamp": "0"
    },
    {
      "line": "fuck, now of a sort",
      "annotations": {},
      "timestamp": "0"
    },
    {
      "line": "That I have in, that I haven’t",
      "annotations": {},
      "timestamp": "0"
    },
    {
      "line": "That I have in mind",
      "annotations": {},
      "timestamp": "0"
    },
    {
      "line": "That I am short of shy",
      "annotations": {},
      "timestamp": "0"
    },
    {
      "line": "Help me for y’all I have in mind",
      "annotations": {},
      "timestamp": "0"
    },
    {
      "line": "",
      "annotations": {},
      "timestamp": "0"
    },
    {
      "line": "[Chorus]",
      "annotations": {},
      "timestamp": "0"
    },
    {
      "line": "Whеre she’ll find my heart",
      "annotations": {},
      "timestamp": "0"
    },
    {
      "line": "First callеr",
      "annotations": {},
      "timestamp": "0"
    },
    {
      "line": "Now I'm lost in my heart",
      "annotations": {},
      "timestamp": "0"
    },
    {
      "line": "Looking for gordon",
      "annotations": {},
      "timestamp": "0"
    },
    {
      "line": "I need to find him",
      "annotations": {},
      "timestamp": "0"
    },
    {
      "line": "",
      "annotations": {},
      "timestamp": "0"
    },
    {
      "line": "[Verse 2]",
      "annotations": {},
      "timestamp": "0"
    },
    {
      "line": "These days hoping",
      "annotations": {},
      "timestamp": "0"
    },
    {
      "line": "Caregiver has gotten in the room",
      "annotations": {},
      "timestamp": "0"
    },
    {
      "line": "Cult nigh in now",
      "annotations": {},
      "timestamp": "0"
    },
    {
      "line": "Listen up, pay kid heed",
      "annotations": {},
      "timestamp": "0"
    },
    {
      "line": "Is the taking it easy",
      "annotations": {},
      "timestamp": "0"
    },
    {
      "line": "Take it easier",
      "annotations": {},
      "timestamp": "0"
    },
    {
      "line": "And I feel damn",
      "annotations": {},
      "timestamp": "0"
    },
    {
      "line": "Might like her way better",
      "annotations": {},
      "timestamp": "0"
    },
    {
      "line": "And I feel that I could like her holocaust",
      "annotations": {},
      "timestamp": "0"
    },
    {
      "line": "Now they say your prayers",
      "annotations": {},
      "timestamp": "0"
    },
    {
      "line": "Just take me somewhere",
      "annotations": {},
      "timestamp": "0"
    },
    {
      "line": "I’ll say: ego her own",
      "annotations": {},
      "timestamp": "0"
    },
    {
      "line": "Might get controlled",
      "annotations": {},
      "timestamp": "0"
    },
    {
      "line": "I lose it on the floor",
      "annotations": {},
      "timestamp": "0"
    },
    {
      "line": "I lose it on the floor",
      "annotations": {},
      "timestamp": "0"
    },
    {
      "line": "",
      "annotations": {},
      "timestamp": "0"
    },
    {
      "line": "[Outro]",
      "annotations": {},
      "timestamp": "0"
    },
    {
      "line": "Take me out",
      "annotations": {},
      "timestamp": "0"
    },
    {
      "line": "To meow",
      "annotations": {},
      "timestamp": "0"
    },
    {
      "line": "Tell me how",
      "annotations": {},
      "timestamp": "0"
    },
    {
      "line": "Tell me you know how to",
      "annotations": {},
      "timestamp": "0"
    },
    {
      "line": "Take me out",
      "annotations": {},
      "timestamp": "0"
    },
    {
      "line": "Tell me y’all",
      "annotations": {},
      "timestamp": "0"
    },
    {
      "line": "Tell me y’all",
      "annotations": {},
      "timestamp": "0"
    },
    {
      "line": "Tell me you’re out",
      "annotations": {},
      "timestamp": "0"
    },
    {
      "line": "To me y’all",
      "annotations": {},
      "timestamp": "0"
    },
    {
      "line": "To new york",
      "annotations": {},
      "timestamp": "0"
    },
    {
      "line": "To new york",
      "annotations": {},
      "timestamp": "0"
    },
    {
      "line": "Tell me",
      "annotations": {},
      "timestamp": "0"
    },
    {
      "line": "To you all I owe",
      "annotations": {},
      "timestamp": "0"
    },
    {
      "line": "Take me out",
      "annotations": {},
      "timestamp": "0"
    },
    {
      "line": "Take me out",
      "annotations": {},
      "timestamp": "0"
    },
    {
      "line": "Take me out",
      "annotations": {},
      "timestamp": "0"
    }
  ]
}