{
  "song_title": "Reward Money",
  "writer": "Frith Hilton",
  "release_date": "April 23, 2024",
  "cover": "https://frithhilton.com.ng/musicpool/covers/12/275.jpg",
  "mp3_url": "https://frithhilton.com.ng/mp3/12/14.)Reward money.mp3",
  "duration": 165.6,
  "id": "275",
  "lyrics": [
    {
      "line": "[Intro]",
      "annotations": {},
      "timestamp": "0"
    },
    {
      "line": "Fresh boy chilling",
      "annotations": {},
      "timestamp": "0"
    },
    {
      "line": "Blame it on my neck",
      "annotations": {},
      "timestamp": "0"
    },
    {
      "line": "",
      "annotations": {},
      "timestamp": "0"
    },
    {
      "line": "[Verse 1]",
      "annotations": {},
      "timestamp": "0"
    },
    {
      "line": "Do I ever have to say something",
      "annotations": {},
      "timestamp": "0"
    },
    {
      "line": "Does it ever have to mean anything",
      "annotations": {},
      "timestamp": "0"
    },
    {
      "line": "When I call my names",
      "annotations": {},
      "timestamp": "0"
    },
    {
      "line": "Do I go out saying that I have a new face",
      "annotations": {},
      "timestamp": "0"
    },
    {
      "line": "Do I meet dud with sale",
      "annotations": {},
      "timestamp": "0"
    },
    {
      "line": "Do I give a good tale",
      "annotations": {},
      "timestamp": "0"
    },
    {
      "line": "I keep asking",
      "annotations": {},
      "timestamp": "0"
    },
    {
      "line": "My heavy well rote soul",
      "annotations": {},
      "timestamp": "0"
    },
    {
      "line": "I let it go",
      "annotations": {},
      "timestamp": "0"
    },
    {
      "line": "No I let it go",
      "annotations": {},
      "timestamp": "0"
    },
    {
      "line": "I don’t give a goal",
      "annotations": {},
      "timestamp": "0"
    },
    {
      "line": "No, no",
      "annotations": {},
      "timestamp": "0"
    },
    {
      "line": "",
      "annotations": {},
      "timestamp": "0"
    },
    {
      "line": "[Verse 2]",
      "annotations": {},
      "timestamp": "0"
    },
    {
      "line": "Big in on my verse I carve it",
      "annotations": {},
      "timestamp": "0"
    },
    {
      "line": "I give you, you have your yaff",
      "annotations": {},
      "timestamp": "0"
    },
    {
      "line": "Part of it",
      "annotations": {},
      "timestamp": "0"
    },
    {
      "line": "How I care for every  rs nal part of it",
      "annotations": {},
      "timestamp": "0"
    },
    {
      "line": "Now my love has started having orders",
      "annotations": {},
      "timestamp": "0"
    },
    {
      "line": "Giving up unmanned",
      "annotations": {},
      "timestamp": "0"
    },
    {
      "line": "Like it, I get it, I in rave, I rev it",
      "annotations": {},
      "timestamp": "0"
    },
    {
      "line": "She knows, I never come up",
      "annotations": {},
      "timestamp": "0"
    },
    {
      "line": "No on blank, it’s not on dreg",
      "annotations": {},
      "timestamp": "0"
    },
    {
      "line": "That zit, I grit it",
      "annotations": {},
      "timestamp": "0"
    },
    {
      "line": "My fucking big figure",
      "annotations": {},
      "timestamp": "0"
    },
    {
      "line": "Is all I'm going revving for, neat",
      "annotations": {},
      "timestamp": "0"
    },
    {
      "line": "This never got me in",
      "annotations": {},
      "timestamp": "0"
    },
    {
      "line": "Never got me an earn",
      "annotations": {},
      "timestamp": "0"
    },
    {
      "line": "How you ever feel",
      "annotations": {},
      "timestamp": "0"
    },
    {
      "line": "Once your body gives you a smile",
      "annotations": {},
      "timestamp": "0"
    },
    {
      "line": "Voices in my head",
      "annotations": {},
      "timestamp": "0"
    },
    {
      "line": "They ain’t never made me filled",
      "annotations": {},
      "timestamp": "0"
    },
    {
      "line": "",
      "annotations": {},
      "timestamp": "0"
    },
    {
      "line": "[Verse 3]",
      "annotations": {},
      "timestamp": "0"
    },
    {
      "line": "I like your m",
      "annotations": {},
      "timestamp": "0"
    },
    {
      "line": "I’m west, you see me now",
      "annotations": {},
      "timestamp": "0"
    },
    {
      "line": "I should never have found",
      "annotations": {},
      "timestamp": "0"
    },
    {
      "line": "Ticking out everything",
      "annotations": {},
      "timestamp": "0"
    },
    {
      "line": "It’s all in the past",
      "annotations": {},
      "timestamp": "0"
    },
    {
      "line": "Shrieking in all the quells",
      "annotations": {},
      "timestamp": "0"
    },
    {
      "line": "Listen, I'm not a fighter",
      "annotations": {},
      "timestamp": "0"
    },
    {
      "line": "I get it, my talk is here for a kite",
      "annotations": {},
      "timestamp": "0"
    },
    {
      "line": "Linking at my call",
      "annotations": {},
      "timestamp": "0"
    },
    {
      "line": "My nest is not your pad",
      "annotations": {},
      "timestamp": "0"
    },
    {
      "line": "Looking at my ex",
      "annotations": {},
      "timestamp": "0"
    },
    {
      "line": "I think I did that",
      "annotations": {},
      "timestamp": "0"
    },
    {
      "line": "I figure it out like a mavin",
      "annotations": {},
      "timestamp": "0"
    },
    {
      "line": "I could get her to talk",
      "annotations": {},
      "timestamp": "0"
    },
    {
      "line": "I could give her her parting",
      "annotations": {},
      "timestamp": "0"
    },
    {
      "line": "Musing out",
      "annotations": {},
      "timestamp": "0"
    },
    {
      "line": "Easy on the hour",
      "annotations": {},
      "timestamp": "0"
    },
    {
      "line": "Here’s an age",
      "annotations": {},
      "timestamp": "0"
    },
    {
      "line": "Just o make me feel",
      "annotations": {},
      "timestamp": "0"
    },
    {
      "line": "Bet on power",
      "annotations": {},
      "timestamp": "0"
    },
    {
      "line": "I can give her d ck",
      "annotations": {},
      "timestamp": "0"
    },
    {
      "line": "Like here’s another mouth",
      "annotations": {},
      "timestamp": "0"
    },
    {
      "line": "Is that a mild diss",
      "annotations": {},
      "timestamp": "0"
    },
    {
      "line": "I get the clouts",
      "annotations": {},
      "timestamp": "0"
    },
    {
      "line": "Cram, make a nick for sound",
      "annotations": {},
      "timestamp": "0"
    },
    {
      "line": "Easy f",
      "annotations": {},
      "timestamp": "0"
    },
    {
      "line": "Like do it or do it with twines",
      "annotations": {},
      "timestamp": "0"
    },
    {
      "line": "Do it hard",
      "annotations": {},
      "timestamp": "0"
    },
    {
      "line": "Bigger bad",
      "annotations": {},
      "timestamp": "0"
    }
  ]
}