{
  "song_title": "Big fat lie",
  "writer": "Frith Hilton",
  "release_date": "April 24, 2024",
  "cover": "https://frithhilton.com.ng/musicpool/covers/12/276.jpg",
  "mp3_url": "https://frithhilton.com.ng/mp3/12/15.)Big fat lie.mp3",
  "duration": 162.576,
  "id": "276",
  "lyrics": [
    {
      "line": "[Intro]",
      "annotations": {},
      "timestamp": "0"
    },
    {
      "line": "Can I say something",
      "annotations": {},
      "timestamp": "0"
    },
    {
      "line": "I really love you",
      "annotations": {},
      "timestamp": "0"
    },
    {
      "line": "And dammit",
      "annotations": {},
      "timestamp": "0"
    },
    {
      "line": "I make mistakes",
      "annotations": {},
      "timestamp": "0"
    },
    {
      "line": "And I am always all over the place",
      "annotations": {},
      "timestamp": "0"
    },
    {
      "line": "And I never say hi",
      "annotations": {},
      "timestamp": "0"
    },
    {
      "line": "I never text but really I do",
      "annotations": {},
      "timestamp": "0"
    },
    {
      "line": "And I hope I can make you know somehow",
      "annotations": {},
      "timestamp": "0"
    },
    {
      "line": "I just gotta let it go",
      "annotations": {},
      "timestamp": "0"
    },
    {
      "line": "This won’t be the last draw",
      "annotations": {},
      "timestamp": "0"
    },
    {
      "line": "I just gotta let it go",
      "annotations": {},
      "timestamp": "0"
    },
    {
      "line": "Pick one more ball",
      "annotations": {},
      "timestamp": "0"
    },
    {
      "line": "A lie will do",
      "annotations": {},
      "timestamp": "0"
    },
    {
      "line": "",
      "annotations": {},
      "timestamp": "0"
    },
    {
      "line": "[Verse 1]",
      "annotations": {},
      "timestamp": "0"
    },
    {
      "line": "Let’s try, give it a try",
      "annotations": {},
      "timestamp": "0"
    },
    {
      "line": "A real try",
      "annotations": {},
      "timestamp": "0"
    },
    {
      "line": "Agree in love",
      "annotations": {},
      "timestamp": "0"
    },
    {
      "line": "Being boy and guy",
      "annotations": {},
      "timestamp": "0"
    },
    {
      "line": "Boy and guy or boy and girl",
      "annotations": {},
      "timestamp": "0"
    },
    {
      "line": "Fighting for your love",
      "annotations": {},
      "timestamp": "0"
    },
    {
      "line": "I’ll go hard",
      "annotations": {},
      "timestamp": "0"
    },
    {
      "line": "I’ll get it",
      "annotations": {},
      "timestamp": "0"
    },
    {
      "line": "I’ll fight on",
      "annotations": {},
      "timestamp": "0"
    },
    {
      "line": "Yeah, yeah",
      "annotations": {},
      "timestamp": "0"
    },
    {
      "line": "I really wanna say",
      "annotations": {},
      "timestamp": "0"
    },
    {
      "line": "Yeah, yeah",
      "annotations": {},
      "timestamp": "0"
    },
    {
      "line": "More battle rings",
      "annotations": {},
      "timestamp": "0"
    },
    {
      "line": "I love you all the time",
      "annotations": {},
      "timestamp": "0"
    },
    {
      "line": "I love you all thе time",
      "annotations": {},
      "timestamp": "0"
    },
    {
      "line": "Even when I'm on my bеd",
      "annotations": {},
      "timestamp": "0"
    },
    {
      "line": "I love you all the time",
      "annotations": {},
      "timestamp": "0"
    },
    {
      "line": "I need you here",
      "annotations": {},
      "timestamp": "0"
    },
    {
      "line": "I cannot deny it",
      "annotations": {},
      "timestamp": "0"
    },
    {
      "line": "I have the thoughts in my head",
      "annotations": {},
      "timestamp": "0"
    },
    {
      "line": "And I'm stuck in my head alot",
      "annotations": {},
      "timestamp": "0"
    },
    {
      "line": "Forte in round",
      "annotations": {},
      "timestamp": "0"
    },
    {
      "line": "Tryna make the style a bill’s worth",
      "annotations": {},
      "timestamp": "0"
    },
    {
      "line": "Don’t you get it right girl",
      "annotations": {},
      "timestamp": "0"
    },
    {
      "line": "I’m so in love with you",
      "annotations": {},
      "timestamp": "0"
    },
    {
      "line": "I’m so in love with you",
      "annotations": {},
      "timestamp": "0"
    },
    {
      "line": "damn, I'm so in love with you",
      "annotations": {},
      "timestamp": "0"
    },
    {
      "line": "What do I have now",
      "annotations": {},
      "timestamp": "0"
    },
    {
      "line": "I’ll say, I got another girl",
      "annotations": {},
      "timestamp": "0"
    },
    {
      "line": "What do you think now",
      "annotations": {},
      "timestamp": "0"
    },
    {
      "line": "I don’t give a nerve girl",
      "annotations": {},
      "timestamp": "0"
    },
    {
      "line": "I just wanna be next to you",
      "annotations": {},
      "timestamp": "0"
    },
    {
      "line": "We can put a big fat lie outside",
      "annotations": {},
      "timestamp": "0"
    },
    {
      "line": "",
      "annotations": {},
      "timestamp": "0"
    },
    {
      "line": "[Verse 2]",
      "annotations": {},
      "timestamp": "0"
    },
    {
      "line": "Walked into my life and since then",
      "annotations": {},
      "timestamp": "0"
    },
    {
      "line": "Being in the back and trying to pretend",
      "annotations": {},
      "timestamp": "0"
    },
    {
      "line": "Don’t fuss, a loud cry",
      "annotations": {},
      "timestamp": "0"
    },
    {
      "line": "She said to me",
      "annotations": {},
      "timestamp": "0"
    },
    {
      "line": "Boy I’ll be out here before you even notice",
      "annotations": {},
      "timestamp": "0"
    },
    {
      "line": "So why now, where are you going?",
      "annotations": {},
      "timestamp": "0"
    },
    {
      "line": "Where the fuck you think you’re going",
      "annotations": {},
      "timestamp": "0"
    },
    {
      "line": "Without me",
      "annotations": {},
      "timestamp": "0"
    },
    {
      "line": "You’ve got a story to tell me and I need it girl",
      "annotations": {},
      "timestamp": "0"
    },
    {
      "line": "I fucking damn need it girl",
      "annotations": {},
      "timestamp": "0"
    },
    {
      "line": "I need answers",
      "annotations": {},
      "timestamp": "0"
    },
    {
      "line": "Can you meet me halfway",
      "annotations": {},
      "timestamp": "0"
    },
    {
      "line": "You know how the story goes I am always away",
      "annotations": {},
      "timestamp": "0"
    },
    {
      "line": "I need it girl, I need it out, I need it out",
      "annotations": {},
      "timestamp": "0"
    },
    {
      "line": "damn my girl, I need it out need it out",
      "annotations": {},
      "timestamp": "0"
    },
    {
      "line": "Don’t you make a grown ass man cry",
      "annotations": {},
      "timestamp": "0"
    },
    {
      "line": "It is nothing for me to make a grown ass man cry",
      "annotations": {},
      "timestamp": "0"
    },
    {
      "line": "I think I'm pouring it out my frame",
      "annotations": {},
      "timestamp": "0"
    },
    {
      "line": "I’m tryna say damn I need it",
      "annotations": {},
      "timestamp": "0"
    }
  ]
}