{
  "song_title": "The calm",
  "writer": "Frith Hilton",
  "release_date": "April 27, 2024",
  "cover": "https://frithhilton.com.ng/musicpool/covers/12/277.jpg",
  "mp3_url": "https://frithhilton.com.ng/mp3/12/16.)The calm.mp3",
  "duration": 149.652,
  "id": "277",
  "lyrics": [
    {
      "line": "[Intro]",
      "annotations": {},
      "timestamp": "0"
    },
    {
      "line": "Fresh boy chilling",
      "annotations": {},
      "timestamp": "0"
    },
    {
      "line": "",
      "annotations": {},
      "timestamp": "0"
    },
    {
      "line": "[Verse 1]",
      "annotations": {},
      "timestamp": "0"
    },
    {
      "line": "Reminiscing, can I beat it",
      "annotations": {},
      "timestamp": "0"
    },
    {
      "line": "Now I got it",
      "annotations": {},
      "timestamp": "0"
    },
    {
      "line": "End, no travelling",
      "annotations": {},
      "timestamp": "0"
    },
    {
      "line": "Everything feels",
      "annotations": {},
      "timestamp": "0"
    },
    {
      "line": "Cooler right here",
      "annotations": {},
      "timestamp": "0"
    },
    {
      "line": "I’m better that I am right here",
      "annotations": {},
      "timestamp": "0"
    },
    {
      "line": "When I get here",
      "annotations": {},
      "timestamp": "0"
    },
    {
      "line": "I thought I had already",
      "annotations": {},
      "timestamp": "0"
    },
    {
      "line": "",
      "annotations": {},
      "timestamp": "0"
    },
    {
      "line": "[Bridge]",
      "annotations": {},
      "timestamp": "0"
    },
    {
      "line": "Swimming in a pond of sharks",
      "annotations": {},
      "timestamp": "0"
    },
    {
      "line": "How can I lack",
      "annotations": {},
      "timestamp": "0"
    },
    {
      "line": "When I was brought up how I was",
      "annotations": {},
      "timestamp": "0"
    },
    {
      "line": "Bet I put my back",
      "annotations": {},
      "timestamp": "0"
    },
    {
      "line": "Going dark every time when I hold a frown",
      "annotations": {},
      "timestamp": "0"
    },
    {
      "line": "Am I the child with the calm",
      "annotations": {},
      "timestamp": "0"
    },
    {
      "line": "Come on, lime checked",
      "annotations": {},
      "timestamp": "0"
    },
    {
      "line": "So much spam on me",
      "annotations": {},
      "timestamp": "0"
    },
    {
      "line": "When I look a calm on me",
      "annotations": {},
      "timestamp": "0"
    },
    {
      "line": "So much spam on me",
      "annotations": {},
      "timestamp": "0"
    },
    {
      "line": "Something like",
      "annotations": {},
      "timestamp": "0"
    },
    {
      "line": "The only cam is for my ass",
      "annotations": {},
      "timestamp": "0"
    },
    {
      "line": "",
      "annotations": {},
      "timestamp": "0"
    },
    {
      "line": "[Verse 2]",
      "annotations": {},
      "timestamp": "0"
    },
    {
      "line": "And I am fine with that",
      "annotations": {},
      "timestamp": "0"
    },
    {
      "line": "Feeling like I got another track",
      "annotations": {},
      "timestamp": "0"
    },
    {
      "line": "Come on, come sniff it out",
      "annotations": {},
      "timestamp": "0"
    },
    {
      "line": "I’m locking the safe",
      "annotations": {},
      "timestamp": "0"
    },
    {
      "line": "Saving out all my debts",
      "annotations": {},
      "timestamp": "0"
    },
    {
      "line": "If we work, we are reoccurring",
      "annotations": {},
      "timestamp": "0"
    },
    {
      "line": "On my . . . say record",
      "annotations": {},
      "timestamp": "0"
    },
    {
      "line": "And I feel that",
      "annotations": {},
      "timestamp": "0"
    },
    {
      "line": "Feeling nothing",
      "annotations": {},
      "timestamp": "0"
    },
    {
      "line": "Fear in nothing",
      "annotations": {},
      "timestamp": "0"
    },
    {
      "line": "Seeing nothing",
      "annotations": {},
      "timestamp": "0"
    },
    {
      "line": "Begging in none",
      "annotations": {},
      "timestamp": "0"
    },
    {
      "line": "",
      "annotations": {},
      "timestamp": "0"
    },
    {
      "line": "[Verse 3]",
      "annotations": {},
      "timestamp": "0"
    },
    {
      "line": "Where are your errors",
      "annotations": {},
      "timestamp": "0"
    },
    {
      "line": "It’s dangling and you’re a noun",
      "annotations": {},
      "timestamp": "0"
    },
    {
      "line": "Saying I was playing the scene",
      "annotations": {},
      "timestamp": "0"
    },
    {
      "line": "You’re dead",
      "annotations": {},
      "timestamp": "0"
    },
    {
      "line": "Feigning I know hope",
      "annotations": {},
      "timestamp": "0"
    },
    {
      "line": "It ain’t dead",
      "annotations": {},
      "timestamp": "0"
    },
    {
      "line": "Meaning in meme",
      "annotations": {},
      "timestamp": "0"
    },
    {
      "line": "Is all I can grapple",
      "annotations": {},
      "timestamp": "0"
    },
    {
      "line": "Is turned to trace",
      "annotations": {},
      "timestamp": "0"
    },
    {
      "line": "Look in my face",
      "annotations": {},
      "timestamp": "0"
    },
    {
      "line": "Bet she’s gonna be my favourite lady",
      "annotations": {},
      "timestamp": "0"
    },
    {
      "line": "And I know what’s to say you’re good",
      "annotations": {},
      "timestamp": "0"
    }
  ]
}