{
  "song_title": "I don’t know",
  "writer": "Frith Hilton",
  "release_date": "May 12, 2024",
  "cover": "",
  "mp3_url": "",
  "id": "278",
  "lyrics": [
  {
    "line": "[Intro]",
    "annotations": {}
  },
  {
    "line": "Fresh Boy Chilling",
    "annotations": {}
  },
  {
    "line": "",
    "annotations": {}
  },
  {
    "line": "[Chorus]",
    "annotations": {}
  },
  {
    "line": "Sometimes, I don't know",
    "annotations": {}
  },
  {
    "line": "I don't know",
    "annotations": {}
  },
  {
    "line": "I don't know where I'm going",
    "annotations": {}
  },
  {
    "line": "Hum times",
    "annotations": {}
  },
  {
    "line": "I don't know, I don't know",
    "annotations": {}
  },
  {
    "line": "I don't know where I'm going",
    "annotations": {}
  },
  {
    "line": "Headed to you I think",
    "annotations": {}
  },
  {
    "line": "Headed to you in my separate tee",
    "annotations": {}
  },
  {
    "line": "Headed to you I think",
    "annotations": {}
  },
  {
    "line": "Headed to you",
    "annotations": {}
  },
  {
    "line": "Might not just be the day",
    "annotations": {}
  },
  {
    "line": "",
    "annotations": {}
  },
  {
    "line": "[Verse 1]",
    "annotations": {}
  },
  {
    "line": "I know that this doesn't change",
    "annotations": {}
  },
  {
    "line": "Say you are",
    "annotations": {}
  },
  {
    "line": "Say you are",
    "annotations": {}
  },
  {
    "line": "Something different",
    "annotations": {}
  },
  {
    "line": "Blame it on the barter",
    "annotations": {}
  },
  {
    "line": "Blame it on the patter",
    "annotations": {}
  },
  {
    "line": "Blame it on the car doors",
    "annotations": {}
  },
  {
    "line": "Blame it on the colours",
    "annotations": {}
  },
  {
    "line": "The callers",
    "annotations": {}
  },
  {
    "line": "I made it, y'all are saying?",
    "annotations": {}
  },
  {
    "line": "Corridor, I made it, now fade away",
    "annotations": {}
  },
  {
    "line": "",
    "annotations": {}
  },
  {
    "line": "[Chorus]",
    "annotations": {}
  },
  {
    "line": "Sometimes, I don't know",
    "annotations": {}
  },
  {
    "line": "I don't know",
    "annotations": {}
  },
  {
    "line": "I don't know where I'm going",
    "annotations": {}
  },
  {
    "line": "Hum times",
    "annotations": {}
  },
  {
    "line": "I don't know, I don't know",
    "annotations": {}
  },
  {
    "line": "I don't know where I'm going",
    "annotations": {}
  },
  {
    "line": "Headed to you I think",
    "annotations": {}
  },
  {
    "line": "Headed to you in my separate tee",
    "annotations": {}
  },
  {
    "line": "Headed to you I think",
    "annotations": {}
  },
  {
    "line": "Headed to you",
    "annotations": {}
  },
  {
    "line": "Might not just be the day",
    "annotations": {}
  }]
}