{
  "song_title": "I get the ghetto",
  "writer": "Frith Hilton",
  "release_date": "May 19, 2024",
  "cover": "https://frithhilton.com.ng/musicpool/covers/12/279.jpg",
  "mp3_url": "https://frithhilton.com.ng/mp3/12/18.)I get the ghetto.mp3",
  "duration": 197.784,
  "id": "279",
  "lyrics": [
    {
      "line": "[Intro]",
      "annotations": {},
      "timestamp": "0"
    },
    {
      "line": "Fresh boy chilling",
      "annotations": {},
      "timestamp": "0"
    },
    {
      "line": "",
      "annotations": {},
      "timestamp": "0"
    },
    {
      "line": "[Verse 1]",
      "annotations": {},
      "timestamp": "0"
    },
    {
      "line": "Playing these games",
      "annotations": {},
      "timestamp": "0"
    },
    {
      "line": "Though we call it kings games",
      "annotations": {},
      "timestamp": "0"
    },
    {
      "line": "Playing this same dames",
      "annotations": {},
      "timestamp": "0"
    },
    {
      "line": "Over and over on the radio",
      "annotations": {},
      "timestamp": "0"
    },
    {
      "line": "And I know who has got this",
      "annotations": {},
      "timestamp": "0"
    },
    {
      "line": "And I know who is going to get this",
      "annotations": {},
      "timestamp": "0"
    },
    {
      "line": "When I say he got the mark",
      "annotations": {},
      "timestamp": "0"
    },
    {
      "line": "I’m never on num band",
      "annotations": {},
      "timestamp": "0"
    },
    {
      "line": "Oh give it up",
      "annotations": {},
      "timestamp": "0"
    },
    {
      "line": "I get eviscerated",
      "annotations": {},
      "timestamp": "0"
    },
    {
      "line": "I never say",
      "annotations": {},
      "timestamp": "0"
    },
    {
      "line": "I’m being lance sake; stays",
      "annotations": {},
      "timestamp": "0"
    },
    {
      "line": "",
      "annotations": {},
      "timestamp": "0"
    },
    {
      "line": "[Chorus]",
      "annotations": {},
      "timestamp": "0"
    },
    {
      "line": "When I get a girl, I just see your face",
      "annotations": {},
      "timestamp": "0"
    },
    {
      "line": "When you told me",
      "annotations": {},
      "timestamp": "0"
    },
    {
      "line": "That you gonna always be my saviour",
      "annotations": {},
      "timestamp": "0"
    },
    {
      "line": "I get the ghetto",
      "annotations": {},
      "timestamp": "0"
    },
    {
      "line": "I get the foetus",
      "annotations": {},
      "timestamp": "0"
    },
    {
      "line": "I get the always lean on my",
      "annotations": {},
      "timestamp": "0"
    },
    {
      "line": "Hey, you will grow up",
      "annotations": {},
      "timestamp": "0"
    },
    {
      "line": "",
      "annotations": {},
      "timestamp": "0"
    },
    {
      "line": "[Verse 2]",
      "annotations": {},
      "timestamp": "0"
    },
    {
      "line": "I’m bust on this",
      "annotations": {},
      "timestamp": "0"
    },
    {
      "line": "When I hit the scene like I'm lost on this",
      "annotations": {},
      "timestamp": "0"
    },
    {
      "line": "When I take my time I get enough of this",
      "annotations": {},
      "timestamp": "0"
    },
    {
      "line": "How do I lead myself with this",
      "annotations": {},
      "timestamp": "0"
    },
    {
      "line": "When I'm stuck in the same place I started",
      "annotations": {},
      "timestamp": "0"
    },
    {
      "line": "With nothing to put on the pavement",
      "annotations": {},
      "timestamp": "0"
    },
    {
      "line": "And I know that I got a placement",
      "annotations": {},
      "timestamp": "0"
    },
    {
      "line": "Will it be the same?",
      "annotations": {},
      "timestamp": "0"
    },
    {
      "line": "That’s a nutter",
      "annotations": {},
      "timestamp": "0"
    },
    {
      "line": "Because this is not adjacent",
      "annotations": {},
      "timestamp": "0"
    },
    {
      "line": "I’m lost on nay faces",
      "annotations": {},
      "timestamp": "0"
    },
    {
      "line": "Hilt, like I gotta do it",
      "annotations": {},
      "timestamp": "0"
    },
    {
      "line": "Demise on many men",
      "annotations": {},
      "timestamp": "0"
    },
    {
      "line": "I’m knowing when I'm calling",
      "annotations": {},
      "timestamp": "0"
    },
    {
      "line": "I’m saving one year of howling",
      "annotations": {},
      "timestamp": "0"
    },
    {
      "line": "Like he’s seating out of buckingham",
      "annotations": {},
      "timestamp": "0"
    },
    {
      "line": "And I'm hauling in, sending enough frigates",
      "annotations": {},
      "timestamp": "0"
    },
    {
      "line": "And I get, I in ghetto",
      "annotations": {},
      "timestamp": "0"
    },
    {
      "line": "You’re not that supposed with it",
      "annotations": {},
      "timestamp": "0"
    },
    {
      "line": "Crutch with it, like he’s never haunted",
      "annotations": {},
      "timestamp": "0"
    },
    {
      "line": "I’m just an artist tryna get the claw at this",
      "annotations": {},
      "timestamp": "0"
    },
    {
      "line": "Hoping, I never forfeit",
      "annotations": {},
      "timestamp": "0"
    },
    {
      "line": "What’s important than a foe",
      "annotations": {},
      "timestamp": "0"
    },
    {
      "line": "What I know I gotta say on this",
      "annotations": {},
      "timestamp": "0"
    },
    {
      "line": "Trying to save myself",
      "annotations": {},
      "timestamp": "0"
    },
    {
      "line": "Never savour myself",
      "annotations": {},
      "timestamp": "0"
    },
    {
      "line": "Wish you, wish you, that is me",
      "annotations": {},
      "timestamp": "0"
    },
    {
      "line": "Cos, I’ve been where you’ve been like",
      "annotations": {},
      "timestamp": "0"
    },
    {
      "line": "You’ve been with that bin at",
      "annotations": {},
      "timestamp": "0"
    },
    {
      "line": "It is there for reeling",
      "annotations": {},
      "timestamp": "0"
    },
    {
      "line": "We’re tryna get it, all the districts",
      "annotations": {},
      "timestamp": "0"
    },
    {
      "line": "Like we’re tryna do it for the",
      "annotations": {},
      "timestamp": "0"
    },
    {
      "line": "Frisson with the acne faces",
      "annotations": {},
      "timestamp": "0"
    },
    {
      "line": "I keep plundering your kales",
      "annotations": {},
      "timestamp": "0"
    },
    {
      "line": "Like it’s just shallots",
      "annotations": {},
      "timestamp": "0"
    },
    {
      "line": "Yeah",
      "annotations": {},
      "timestamp": "0"
    }
  ]
}