{
  "song_title": "Sliving",
  "writer": "Frith Hilton",
  "release_date": "May 21, 2024",
  "cover": "https://frithhilton.com.ng/musicpool/covers/12/280.jpg",
  "mp3_url": "https://frithhilton.com.ng/mp3/12/19.)Sliving.mp3",
  "duration": 141.048,
  "id": "280",
  "lyrics": [
    {
      "line": "[Intro]",
      "annotations": {},
      "timestamp": "0"
    },
    {
      "line": "Fresh boy chilling",
      "annotations": {},
      "timestamp": "0"
    },
    {
      "line": "",
      "annotations": {},
      "timestamp": "0"
    },
    {
      "line": "[Verse 1]",
      "annotations": {},
      "timestamp": "0"
    },
    {
      "line": "Heavy as my heart",
      "annotations": {},
      "timestamp": "0"
    },
    {
      "line": "Heaviest sole",
      "annotations": {},
      "timestamp": "0"
    },
    {
      "line": "Athletical",
      "annotations": {},
      "timestamp": "0"
    },
    {
      "line": "A better stare",
      "annotations": {},
      "timestamp": "0"
    },
    {
      "line": "Ferrier, I should set for fear",
      "annotations": {},
      "timestamp": "0"
    },
    {
      "line": "You can nav it",
      "annotations": {},
      "timestamp": "0"
    },
    {
      "line": "Thus to see the fear",
      "annotations": {},
      "timestamp": "0"
    },
    {
      "line": "I get it out",
      "annotations": {},
      "timestamp": "0"
    },
    {
      "line": "Mind in awe",
      "annotations": {},
      "timestamp": "0"
    },
    {
      "line": "I get it alpha in the roam",
      "annotations": {},
      "timestamp": "0"
    },
    {
      "line": "At the avenue weighing my hurt",
      "annotations": {},
      "timestamp": "0"
    },
    {
      "line": "I thought I’d beat something better",
      "annotations": {},
      "timestamp": "0"
    },
    {
      "line": "",
      "annotations": {},
      "timestamp": "0"
    },
    {
      "line": "[Verse 2]",
      "annotations": {},
      "timestamp": "0"
    },
    {
      "line": "Never been the type to say",
      "annotations": {},
      "timestamp": "0"
    },
    {
      "line": "Hold up, I'm not ready for this ride",
      "annotations": {},
      "timestamp": "0"
    },
    {
      "line": "I’m not ready for this, word!",
      "annotations": {},
      "timestamp": "0"
    },
    {
      "line": "I just wanna hold in",
      "annotations": {},
      "timestamp": "0"
    },
    {
      "line": "I’ve been down this road too many times",
      "annotations": {},
      "timestamp": "0"
    },
    {
      "line": "Back it up boo",
      "annotations": {},
      "timestamp": "0"
    },
    {
      "line": "Then I put another switch here",
      "annotations": {},
      "timestamp": "0"
    },
    {
      "line": "Light it up smoke it up",
      "annotations": {},
      "timestamp": "0"
    },
    {
      "line": "It’s how I'm juggling this scroll",
      "annotations": {},
      "timestamp": "0"
    },
    {
      "line": "Arm on dark here",
      "annotations": {},
      "timestamp": "0"
    },
    {
      "line": "Is he never getting home",
      "annotations": {},
      "timestamp": "0"
    },
    {
      "line": "Trying to ask my mama what changed",
      "annotations": {},
      "timestamp": "0"
    },
    {
      "line": "When I took, then I hit the l!ck",
      "annotations": {},
      "timestamp": "0"
    },
    {
      "line": "Papa told me that s    is not on the entropy",
      "annotations": {},
      "timestamp": "0"
    },
    {
      "line": "",
      "annotations": {},
      "timestamp": "0"
    },
    {
      "line": "[Verse 3]",
      "annotations": {},
      "timestamp": "0"
    },
    {
      "line": "So I'm not ending this trope",
      "annotations": {},
      "timestamp": "0"
    },
    {
      "line": "Walking this stroll",
      "annotations": {},
      "timestamp": "0"
    },
    {
      "line": "Yeah, we sliving, lanyard boy",
      "annotations": {},
      "timestamp": "0"
    },
    {
      "line": "Hey, and you know me",
      "annotations": {},
      "timestamp": "0"
    },
    {
      "line": "Yeah, we know who is kinda",
      "annotations": {},
      "timestamp": "0"
    },
    {
      "line": "Lana new hay",
      "annotations": {},
      "timestamp": "0"
    },
    {
      "line": "How to love a kid?",
      "annotations": {},
      "timestamp": "0"
    },
    {
      "line": "I just shot her the car, I paid again",
      "annotations": {},
      "timestamp": "0"
    },
    {
      "line": "Over her, no",
      "annotations": {},
      "timestamp": "0"
    },
    {
      "line": "How you get her saying",
      "annotations": {},
      "timestamp": "0"
    },
    {
      "line": "My glade a goal",
      "annotations": {},
      "timestamp": "0"
    },
    {
      "line": "I just served her, her din",
      "annotations": {},
      "timestamp": "0"
    },
    {
      "line": "All my vows, I just saved in patent",
      "annotations": {},
      "timestamp": "0"
    },
    {
      "line": "I just saved it in a link",
      "annotations": {},
      "timestamp": "0"
    },
    {
      "line": "You’ll get it",
      "annotations": {},
      "timestamp": "0"
    },
    {
      "line": "",
      "annotations": {},
      "timestamp": "0"
    },
    {
      "line": "[Outro]",
      "annotations": {},
      "timestamp": "0"
    },
    {
      "line": "How they ever wanna feel",
      "annotations": {},
      "timestamp": "0"
    },
    {
      "line": "Her feeling? no!",
      "annotations": {},
      "timestamp": "0"
    },
    {
      "line": "How they ever wanna see",
      "annotations": {},
      "timestamp": "0"
    },
    {
      "line": "I never go",
      "annotations": {},
      "timestamp": "0"
    },
    {
      "line": "I just served her in a beaker",
      "annotations": {},
      "timestamp": "0"
    },
    {
      "line": "Link it now, saving up",
      "annotations": {},
      "timestamp": "0"
    }
  ]
}