{
  "song_title": "Bagging this home",
  "writer": "Frith Hilton",
  "release_date": "May 25, 2024",
  "cover": "https://frithhilton.com.ng/musicpool/covers/12/281.jpg",
  "mp3_url": "https://frithhilton.com.ng/mp3/12/20.)Bagging this home.mp3",
  "duration": 144.36,
  "id": "281",
  "lyrics": [
    {
      "line": "[Intro]",
      "annotations": {},
      "timestamp": "0"
    },
    {
      "line": "Fresh boy chilling",
      "annotations": {},
      "timestamp": "0"
    },
    {
      "line": "",
      "annotations": {},
      "timestamp": "0"
    },
    {
      "line": "[Chorus]",
      "annotations": {},
      "timestamp": "0"
    },
    {
      "line": "Headed for what I want",
      "annotations": {},
      "timestamp": "0"
    },
    {
      "line": "Clambering up these rungs",
      "annotations": {},
      "timestamp": "0"
    },
    {
      "line": "Hail me, I'm your runt",
      "annotations": {},
      "timestamp": "0"
    },
    {
      "line": "How you got me burnt",
      "annotations": {},
      "timestamp": "0"
    },
    {
      "line": "Torch my life",
      "annotations": {},
      "timestamp": "0"
    },
    {
      "line": "Share what you shun",
      "annotations": {},
      "timestamp": "0"
    },
    {
      "line": "I’m not letting it go",
      "annotations": {},
      "timestamp": "0"
    },
    {
      "line": "I’m bagging this home",
      "annotations": {},
      "timestamp": "0"
    },
    {
      "line": "Bagging this home",
      "annotations": {},
      "timestamp": "0"
    },
    {
      "line": "Bagging your heart home",
      "annotations": {},
      "timestamp": "0"
    },
    {
      "line": "",
      "annotations": {},
      "timestamp": "0"
    },
    {
      "line": "[Verse 1]",
      "annotations": {},
      "timestamp": "0"
    },
    {
      "line": "No matter how many they are",
      "annotations": {},
      "timestamp": "0"
    },
    {
      "line": "Their broken heart",
      "annotations": {},
      "timestamp": "0"
    },
    {
      "line": "I’ll find every bit",
      "annotations": {},
      "timestamp": "0"
    },
    {
      "line": "Take you right there",
      "annotations": {},
      "timestamp": "0"
    },
    {
      "line": "To their start",
      "annotations": {},
      "timestamp": "0"
    },
    {
      "line": "To the start",
      "annotations": {},
      "timestamp": "0"
    },
    {
      "line": "To the start",
      "annotations": {},
      "timestamp": "0"
    },
    {
      "line": "Where it all begun",
      "annotations": {},
      "timestamp": "0"
    },
    {
      "line": "",
      "annotations": {},
      "timestamp": "0"
    },
    {
      "line": "[Chorus]",
      "annotations": {},
      "timestamp": "0"
    },
    {
      "line": "Headed for what I want",
      "annotations": {},
      "timestamp": "0"
    },
    {
      "line": "Clambering up these rungs",
      "annotations": {},
      "timestamp": "0"
    },
    {
      "line": "Hail me, I'm your runt",
      "annotations": {},
      "timestamp": "0"
    },
    {
      "line": "How you got me burnt",
      "annotations": {},
      "timestamp": "0"
    },
    {
      "line": "Torch my life",
      "annotations": {},
      "timestamp": "0"
    },
    {
      "line": "Share what you shun",
      "annotations": {},
      "timestamp": "0"
    },
    {
      "line": "I’m not letting it go",
      "annotations": {},
      "timestamp": "0"
    },
    {
      "line": "I’m bagging this home",
      "annotations": {},
      "timestamp": "0"
    },
    {
      "line": "",
      "annotations": {},
      "timestamp": "0"
    },
    {
      "line": "[Outro]",
      "annotations": {},
      "timestamp": "0"
    },
    {
      "line": "Feel it, dizzying",
      "annotations": {},
      "timestamp": "0"
    },
    {
      "line": "Are they ever gonna see a man in reason",
      "annotations": {},
      "timestamp": "0"
    },
    {
      "line": "When her will the fortitude",
      "annotations": {},
      "timestamp": "0"
    },
    {
      "line": "I’ve been hurting",
      "annotations": {},
      "timestamp": "0"
    },
    {
      "line": "Every time I tried",
      "annotations": {},
      "timestamp": "0"
    }
  ]
}