{
  "song_title": "Bag grips",
  "writer": "Frith Hilton",
  "release_date": "May 28, 2024",
  "cover": "https://frithhilton.com.ng/musicpool/covers/12/282.jpg",
  "mp3_url": "https://frithhilton.com.ng/mp3/12/21.)Bag grips.mp3",
  "duration": 178.092,
  "id": "282",
  "lyrics": [
    {
      "line": "[Intro]",
      "annotations": {},
      "timestamp": "0"
    },
    {
      "line": "Fresh boy chilling",
      "annotations": {},
      "timestamp": "0"
    },
    {
      "line": "",
      "annotations": {},
      "timestamp": "0"
    },
    {
      "line": "[Verse 1]",
      "annotations": {},
      "timestamp": "0"
    },
    {
      "line": "Maybe I’ll take time",
      "annotations": {},
      "timestamp": "0"
    },
    {
      "line": "To let this heart",
      "annotations": {},
      "timestamp": "0"
    },
    {
      "line": "Say what falls under",
      "annotations": {},
      "timestamp": "0"
    },
    {
      "line": "",
      "annotations": {},
      "timestamp": "0"
    },
    {
      "line": "[Verse 2]",
      "annotations": {},
      "timestamp": "0"
    },
    {
      "line": "Just some bag grips",
      "annotations": {},
      "timestamp": "0"
    },
    {
      "line": "Got to get a grip",
      "annotations": {},
      "timestamp": "0"
    },
    {
      "line": "Looking for beats",
      "annotations": {},
      "timestamp": "0"
    },
    {
      "line": "That’s another fit",
      "annotations": {},
      "timestamp": "0"
    },
    {
      "line": "Looking for me that’s another kick",
      "annotations": {},
      "timestamp": "0"
    },
    {
      "line": "I think I found another weave",
      "annotations": {},
      "timestamp": "0"
    },
    {
      "line": "Sipping on these waving tears",
      "annotations": {},
      "timestamp": "0"
    },
    {
      "line": "I get the stairs",
      "annotations": {},
      "timestamp": "0"
    },
    {
      "line": "Oh am I on your nerve",
      "annotations": {},
      "timestamp": "0"
    },
    {
      "line": "I fear I am going now",
      "annotations": {},
      "timestamp": "0"
    },
    {
      "line": "And I say",
      "annotations": {},
      "timestamp": "0"
    },
    {
      "line": "I keep it with the cults",
      "annotations": {},
      "timestamp": "0"
    },
    {
      "line": "And I say, I'm not real in this shot",
      "annotations": {},
      "timestamp": "0"
    },
    {
      "line": "Maybe it’s another shot",
      "annotations": {},
      "timestamp": "0"
    },
    {
      "line": "Another calling heart",
      "annotations": {},
      "timestamp": "0"
    },
    {
      "line": "Maybe it’s another falling nugget",
      "annotations": {},
      "timestamp": "0"
    },
    {
      "line": "",
      "annotations": {},
      "timestamp": "0"
    },
    {
      "line": "[Verse 3]",
      "annotations": {},
      "timestamp": "0"
    },
    {
      "line": "I just took time to see",
      "annotations": {},
      "timestamp": "0"
    },
    {
      "line": "What’s heart",
      "annotations": {},
      "timestamp": "0"
    },
    {
      "line": "What’s for asunder",
      "annotations": {},
      "timestamp": "0"
    },
    {
      "line": "A lover, a brother, a homie, your weather",
      "annotations": {},
      "timestamp": "0"
    },
    {
      "line": "A lover, a brother, a homie, your weather",
      "annotations": {},
      "timestamp": "0"
    },
    {
      "line": "I just took time to see it",
      "annotations": {},
      "timestamp": "0"
    },
    {
      "line": "",
      "annotations": {},
      "timestamp": "0"
    },
    {
      "line": "[Outro]",
      "annotations": {},
      "timestamp": "0"
    },
    {
      "line": "Fresh boy chilling",
      "annotations": {},
      "timestamp": "0"
    }
  ]
}