{
  "song_title": "Easy son",
  "writer": "Frith Hilton",
  "release_date": "December 15, 2022",
  "cover": "https://unluckiest-refund.000webhostapp.com/Theo/Track%201/Cover.jpg",
  "mp3_url": "https://frithhilton.com.ng/mp3/7/1.) Easy son.mp3",
  "duration": 127.24244897959184,
  "id": "148",
  "lyrics": [
    {
      "line": "[Intro]",
      "annotations": {},
      "timestamp": "0"
    },
    {
      "line": "I want that shit to be banging",
      "annotations": {},
      "timestamp": "0"
    },
    {
      "line": "It’s still low",
      "annotations": {},
      "timestamp": "0"
    },
    {
      "line": "",
      "annotations": {},
      "timestamp": "0"
    },
    {
      "line": "[Verse 1]",
      "annotations": {},
      "timestamp": "0"
    },
    {
      "line": "Mauve hidden seed",
      "annotations": {},
      "timestamp": "0"
    },
    {
      "line": "Ah",
      "annotations": {},
      "timestamp": "0"
    },
    {
      "line": "Morphing in scene",
      "annotations": {},
      "timestamp": "0"
    },
    {
      "line": "Oh",
      "annotations": {},
      "timestamp": "0"
    },
    {
      "line": "Take my words",
      "annotations": {},
      "timestamp": "0"
    },
    {
      "line": "Never let then chirr",
      "annotations": {},
      "timestamp": "0"
    },
    {
      "line": "Never let them go",
      "annotations": {},
      "timestamp": "0"
    },
    {
      "line": "Take my love",
      "annotations": {},
      "timestamp": "0"
    },
    {
      "line": "Never letting vore",
      "annotations": {},
      "timestamp": "0"
    },
    {
      "line": "Love letter raw",
      "annotations": {},
      "timestamp": "0"
    },
    {
      "line": "Awake my heart",
      "annotations": {},
      "timestamp": "0"
    },
    {
      "line": "When it’s far from honour",
      "annotations": {},
      "timestamp": "0"
    },
    {
      "line": "Take my son",
      "annotations": {},
      "timestamp": "0"
    },
    {
      "line": "Call it in",
      "annotations": {},
      "timestamp": "0"
    },
    {
      "line": "",
      "annotations": {},
      "timestamp": "0"
    },
    {
      "line": "[Bridge]",
      "annotations": {},
      "timestamp": "0"
    },
    {
      "line": "Easy son",
      "annotations": {},
      "timestamp": "0"
    },
    {
      "line": "Easy son",
      "annotations": {},
      "timestamp": "0"
    },
    {
      "line": "Easy son",
      "annotations": {},
      "timestamp": "0"
    },
    {
      "line": "Easy son",
      "annotations": {},
      "timestamp": "0"
    },
    {
      "line": "Easy son",
      "annotations": {},
      "timestamp": "0"
    },
    {
      "line": "Easy son",
      "annotations": {},
      "timestamp": "0"
    },
    {
      "line": "Easy son",
      "annotations": {},
      "timestamp": "0"
    },
    {
      "line": "Easy son",
      "annotations": {},
      "timestamp": "0"
    },
    {
      "line": "",
      "annotations": {},
      "timestamp": "0"
    },
    {
      "line": "[Chorus]",
      "annotations": {},
      "timestamp": "0"
    },
    {
      "line": "All the care",
      "annotations": {},
      "timestamp": "0"
    },
    {
      "line": "I care",
      "annotations": {},
      "timestamp": "0"
    },
    {
      "line": "Pall your liver",
      "annotations": {},
      "timestamp": "0"
    },
    {
      "line": "Your hold on thing",
      "annotations": {},
      "timestamp": "0"
    },
    {
      "line": "I care",
      "annotations": {},
      "timestamp": "0"
    },
    {
      "line": "All the care",
      "annotations": {},
      "timestamp": "0"
    },
    {
      "line": "I always had you in row",
      "annotations": {},
      "timestamp": "0"
    }
  ]
}