{
  "song_title": "Ex, your relay",
  "writer": "Frith Hilton",
  "release_date": "December 16, 2022",
  "cover": "https://unluckiest-refund.000webhostapp.com/Theo/Track%202/Cover.jpg",
  "mp3_url": "https://frithhilton.com.ng/mp3/7/2.) Ex, your relay.mp3",
  "duration": 153.44326530612244,
  "id": "149",
  "lyrics": [
    {
      "line": "[Intro]",
      "annotations": {},
      "timestamp": "0"
    },
    {
      "line": "And the party starts",
      "annotations": {},
      "timestamp": "0"
    },
    {
      "line": "She’s missing me",
      "annotations": {},
      "timestamp": "0"
    },
    {
      "line": "A list",
      "annotations": {},
      "timestamp": "0"
    },
    {
      "line": "She has the say in yearn",
      "annotations": {},
      "timestamp": "0"
    },
    {
      "line": "",
      "annotations": {},
      "timestamp": "0"
    },
    {
      "line": "[Verse 1]",
      "annotations": {},
      "timestamp": "0"
    },
    {
      "line": "We got the friday hot",
      "annotations": {},
      "timestamp": "0"
    },
    {
      "line": "We just gotta take a law",
      "annotations": {},
      "timestamp": "0"
    },
    {
      "line": "Take it slow",
      "annotations": {},
      "timestamp": "0"
    },
    {
      "line": "Come on, we are riding out",
      "annotations": {},
      "timestamp": "0"
    },
    {
      "line": "We got the cadi out",
      "annotations": {},
      "timestamp": "0"
    },
    {
      "line": "Just gotta take a slake",
      "annotations": {},
      "timestamp": "0"
    },
    {
      "line": "We’re slow",
      "annotations": {},
      "timestamp": "0"
    },
    {
      "line": "I had something in my drink",
      "annotations": {},
      "timestamp": "0"
    },
    {
      "line": "Hickey her nova reign",
      "annotations": {},
      "timestamp": "0"
    },
    {
      "line": "A cut of her . . . the vein",
      "annotations": {},
      "timestamp": "0"
    },
    {
      "line": "Hookey nickel rare sipping",
      "annotations": {},
      "timestamp": "0"
    },
    {
      "line": "I need my drink",
      "annotations": {},
      "timestamp": "0"
    },
    {
      "line": "You can have your wreck",
      "annotations": {},
      "timestamp": "0"
    },
    {
      "line": "We could just take it slow",
      "annotations": {},
      "timestamp": "0"
    },
    {
      "line": "Tow a sunlight like that",
      "annotations": {},
      "timestamp": "0"
    },
    {
      "line": "It is no time",
      "annotations": {},
      "timestamp": "0"
    },
    {
      "line": "No time",
      "annotations": {},
      "timestamp": "0"
    },
    {
      "line": "I’m just chilling with my girl",
      "annotations": {},
      "timestamp": "0"
    },
    {
      "line": "Tryna find out who is living",
      "annotations": {},
      "timestamp": "0"
    },
    {
      "line": "To the times",
      "annotations": {},
      "timestamp": "0"
    },
    {
      "line": "It is no time",
      "annotations": {},
      "timestamp": "0"
    },
    {
      "line": "I’m turnt",
      "annotations": {},
      "timestamp": "0"
    },
    {
      "line": "I’m just ch nk in the fam",
      "annotations": {},
      "timestamp": "0"
    },
    {
      "line": "My love",
      "annotations": {},
      "timestamp": "0"
    },
    {
      "line": ". . . еx, your relay",
      "annotations": {},
      "timestamp": "0"
    },
    {
      "line": "She’s nevеr had . . . you said?",
      "annotations": {},
      "timestamp": "0"
    },
    {
      "line": "She’s never had a seer",
      "annotations": {},
      "timestamp": "0"
    },
    {
      "line": "She’ll ever give it on a low",
      "annotations": {},
      "timestamp": "0"
    },
    {
      "line": "She never had a saint",
      "annotations": {},
      "timestamp": "0"
    },
    {
      "line": "Never had a sabre",
      "annotations": {},
      "timestamp": "0"
    },
    {
      "line": "She then tried; mummy",
      "annotations": {},
      "timestamp": "0"
    },
    {
      "line": "Keeping on her low",
      "annotations": {},
      "timestamp": "0"
    },
    {
      "line": "",
      "annotations": {},
      "timestamp": "0"
    },
    {
      "line": "[Verse 2]",
      "annotations": {},
      "timestamp": "0"
    },
    {
      "line": "I’m still buzzing with my door",
      "annotations": {},
      "timestamp": "0"
    },
    {
      "line": "Never found out",
      "annotations": {},
      "timestamp": "0"
    },
    {
      "line": "What happened last night",
      "annotations": {},
      "timestamp": "0"
    },
    {
      "line": "Cos I was stuck in a cab",
      "annotations": {},
      "timestamp": "0"
    },
    {
      "line": "And I had to find the right spur",
      "annotations": {},
      "timestamp": "0"
    },
    {
      "line": "When I hit my car",
      "annotations": {},
      "timestamp": "0"
    },
    {
      "line": "But I never got it right",
      "annotations": {},
      "timestamp": "0"
    },
    {
      "line": "Cos I was lost in the club",
      "annotations": {},
      "timestamp": "0"
    },
    {
      "line": "My mind on sever right?",
      "annotations": {},
      "timestamp": "0"
    },
    {
      "line": "My thoughts never put it right on the track",
      "annotations": {},
      "timestamp": "0"
    },
    {
      "line": "My love slow stuck on the back of my purse",
      "annotations": {},
      "timestamp": "0"
    },
    {
      "line": "And I never found the right time",
      "annotations": {},
      "timestamp": "0"
    },
    {
      "line": "Cos I'm always lost in your eyes",
      "annotations": {},
      "timestamp": "0"
    },
    {
      "line": "With you, feeling like it never changes",
      "annotations": {},
      "timestamp": "0"
    },
    {
      "line": "When I'm lost, I'm never running on the red",
      "annotations": {},
      "timestamp": "0"
    },
    {
      "line": "Film record, I'm never lost when I'm stuck",
      "annotations": {},
      "timestamp": "0"
    },
    {
      "line": "You’re wishing I was dash",
      "annotations": {},
      "timestamp": "0"
    },
    {
      "line": "She’s always on my goddamn mind",
      "annotations": {},
      "timestamp": "0"
    },
    {
      "line": "I can’t get it right all the time",
      "annotations": {},
      "timestamp": "0"
    },
    {
      "line": "But I'm still hoisting my love",
      "annotations": {},
      "timestamp": "0"
    },
    {
      "line": "Revving",
      "annotations": {},
      "timestamp": "0"
    },
    {
      "line": "",
      "annotations": {},
      "timestamp": "0"
    },
    {
      "line": "[Outro]",
      "annotations": {},
      "timestamp": "0"
    },
    {
      "line": "Home, oh",
      "annotations": {},
      "timestamp": "0"
    },
    {
      "line": "Twilling",
      "annotations": {},
      "timestamp": "0"
    },
    {
      "line": "Mixing with the already out here man",
      "annotations": {},
      "timestamp": "0"
    },
    {
      "line": "Weaving",
      "annotations": {},
      "timestamp": "0"
    },
    {
      "line": "Ah I don’t know",
      "annotations": {},
      "timestamp": "0"
    }
  ]
}