{
  "song_title": "Easy, hard",
  "writer": "Frith Hilton",
  "release_date": "December 17, 2022",
  "cover": "https://frithhilton.com.ng/musicpool/covers/7/150.jpg",
  "mp3_url": "https://frithhilton.com.ng/mp3/7/3.) Easy, hard.mp3",
  "duration": 180.03591836734694,
  "id": "150",
  "lyrics": [
    {
      "line": "[Verse 1]",
      "annotations": {},
      "timestamp": "0"
    },
    {
      "line": "Help me hold on to myself",
      "annotations": {},
      "timestamp": "0"
    },
    {
      "line": "Hear me hold on to my attached",
      "annotations": {},
      "timestamp": "0"
    },
    {
      "line": "Help me hold on to my love",
      "annotations": {},
      "timestamp": "0"
    },
    {
      "line": "My love don’t pay this much",
      "annotations": {},
      "timestamp": "0"
    },
    {
      "line": "My love don’t fail this way",
      "annotations": {},
      "timestamp": "0"
    },
    {
      "line": "Every time I am here",
      "annotations": {},
      "timestamp": "0"
    },
    {
      "line": "I feel the same",
      "annotations": {},
      "timestamp": "0"
    },
    {
      "line": "Every time I say words",
      "annotations": {},
      "timestamp": "0"
    },
    {
      "line": "Doesn’t ring the same",
      "annotations": {},
      "timestamp": "0"
    },
    {
      "line": "It’s hard",
      "annotations": {},
      "timestamp": "0"
    },
    {
      "line": "Oh I did that",
      "annotations": {},
      "timestamp": "0"
    },
    {
      "line": "Easy, hard",
      "annotations": {},
      "timestamp": "0"
    },
    {
      "line": "Living on",
      "annotations": {},
      "timestamp": "0"
    },
    {
      "line": "My heart don’t say you yearn now",
      "annotations": {},
      "timestamp": "0"
    },
    {
      "line": "My love don’t say you yearn",
      "annotations": {},
      "timestamp": "0"
    },
    {
      "line": "",
      "annotations": {},
      "timestamp": "0"
    },
    {
      "line": "[Outro]",
      "annotations": {},
      "timestamp": "0"
    },
    {
      "line": "Tracing my tears",
      "annotations": {},
      "timestamp": "0"
    },
    {
      "line": "Help, hold the air",
      "annotations": {},
      "timestamp": "0"
    },
    {
      "line": "Minding my lane",
      "annotations": {},
      "timestamp": "0"
    },
    {
      "line": "Sweating on dev",
      "annotations": {},
      "timestamp": "0"
    },
    {
      "line": "Breathing, it cost the world",
      "annotations": {},
      "timestamp": "0"
    },
    {
      "line": "Still, not the one to run",
      "annotations": {},
      "timestamp": "0"
    }
  ]
}