{
  "song_title": "Apogee",
  "writer": "Frith Hilton",
  "release_date": "December 18, 2022",
  "cover": "https://frithhilton.com.ng/musicpool/covers/7/151.jpg",
  "mp3_url": "https://frithhilton.com.ng/mp3/7/4.) Apogee.mp3",
  "duration": 120.37224489795918,
  "id": "151",
  "lyrics": [
    {
      "line": "[Intro]",
      "annotations": {},
      "timestamp": "0"
    },
    {
      "line": "I can’t deny a chance to roll it on",
      "annotations": {},
      "timestamp": "0"
    },
    {
      "line": "I can’t find my wrongs, not right",
      "annotations": {},
      "timestamp": "0"
    },
    {
      "line": "Oh bed!",
      "annotations": {},
      "timestamp": "0"
    },
    {
      "line": "I get it the hurting",
      "annotations": {},
      "timestamp": "0"
    },
    {
      "line": "",
      "annotations": {},
      "timestamp": "0"
    },
    {
      "line": "[Verse 1]",
      "annotations": {},
      "timestamp": "0"
    },
    {
      "line": "I can afford shears to right my wrongs",
      "annotations": {},
      "timestamp": "0"
    },
    {
      "line": "Love on your toe",
      "annotations": {},
      "timestamp": "0"
    },
    {
      "line": "Give me a reason, none",
      "annotations": {},
      "timestamp": "0"
    },
    {
      "line": "More pain",
      "annotations": {},
      "timestamp": "0"
    },
    {
      "line": "Mine is for nothing",
      "annotations": {},
      "timestamp": "0"
    },
    {
      "line": "You’re up in there",
      "annotations": {},
      "timestamp": "0"
    },
    {
      "line": "A butcher to everything",
      "annotations": {},
      "timestamp": "0"
    },
    {
      "line": "I can’t get in that for anything",
      "annotations": {},
      "timestamp": "0"
    },
    {
      "line": "And I'm stuck in your herb",
      "annotations": {},
      "timestamp": "0"
    },
    {
      "line": "When I'm stuck on the song",
      "annotations": {},
      "timestamp": "0"
    },
    {
      "line": "It is the sum that is shooting me down",
      "annotations": {},
      "timestamp": "0"
    },
    {
      "line": "Eye on air",
      "annotations": {},
      "timestamp": "0"
    },
    {
      "line": "I can get away now",
      "annotations": {},
      "timestamp": "0"
    },
    {
      "line": "Oh I need that air",
      "annotations": {},
      "timestamp": "0"
    },
    {
      "line": "I need that air",
      "annotations": {},
      "timestamp": "0"
    },
    {
      "line": "In your clothes were you down",
      "annotations": {},
      "timestamp": "0"
    },
    {
      "line": "It never change, not this time around",
      "annotations": {},
      "timestamp": "0"
    },
    {
      "line": "Stay here for a change",
      "annotations": {},
      "timestamp": "0"
    },
    {
      "line": "Oh! does he have her changed",
      "annotations": {},
      "timestamp": "0"
    },
    {
      "line": "No, he doesn’t own this ham",
      "annotations": {},
      "timestamp": "0"
    },
    {
      "line": "No, he doesn’t screw her",
      "annotations": {},
      "timestamp": "0"
    },
    {
      "line": "This town I'm bound",
      "annotations": {},
      "timestamp": "0"
    },
    {
      "line": "Hide his music",
      "annotations": {},
      "timestamp": "0"
    },
    {
      "line": "It will have a change",
      "annotations": {},
      "timestamp": "0"
    },
    {
      "line": "Creole, did it ever change",
      "annotations": {},
      "timestamp": "0"
    }
  ]
}