{
  "song_title": "Caret",
  "writer": "Frith Hilton",
  "release_date": "December 19, 2022",
  "cover": "https://frithhilton.com.ng/musicpool/covers/7/152.jpg",
  "mp3_url": "https://frithhilton.com.ng/mp3/7/5.) Caret.mp3",
  "duration": 120.0065306122449,
  "id": "152",
  "lyrics": [
    {
      "line": "[Intro]",
      "annotations": {},
      "timestamp": "0"
    },
    {
      "line": "Take it slow",
      "annotations": {},
      "timestamp": "0"
    },
    {
      "line": "Peck my heart",
      "annotations": {},
      "timestamp": "0"
    },
    {
      "line": "Over here",
      "annotations": {},
      "timestamp": "0"
    },
    {
      "line": "Take it slow",
      "annotations": {},
      "timestamp": "0"
    },
    {
      "line": "Hurting",
      "annotations": {},
      "timestamp": "0"
    },
    {
      "line": "A tape when you’re done",
      "annotations": {},
      "timestamp": "0"
    },
    {
      "line": "",
      "annotations": {},
      "timestamp": "0"
    },
    {
      "line": "[Verse 1]",
      "annotations": {},
      "timestamp": "0"
    },
    {
      "line": "It is jumping",
      "annotations": {},
      "timestamp": "0"
    },
    {
      "line": "Robbing",
      "annotations": {},
      "timestamp": "0"
    },
    {
      "line": "A steady crowbarring",
      "annotations": {},
      "timestamp": "0"
    },
    {
      "line": "Sobering",
      "annotations": {},
      "timestamp": "0"
    },
    {
      "line": "Beautiful",
      "annotations": {},
      "timestamp": "0"
    },
    {
      "line": "Heaven chute",
      "annotations": {},
      "timestamp": "0"
    },
    {
      "line": "I fall",
      "annotations": {},
      "timestamp": "0"
    },
    {
      "line": "I watch you mull",
      "annotations": {},
      "timestamp": "0"
    },
    {
      "line": "Beautiful",
      "annotations": {},
      "timestamp": "0"
    },
    {
      "line": "An healthy dote",
      "annotations": {},
      "timestamp": "0"
    },
    {
      "line": "The rostrum I drum",
      "annotations": {},
      "timestamp": "0"
    },
    {
      "line": "",
      "annotations": {},
      "timestamp": "0"
    },
    {
      "line": "[Bridge]",
      "annotations": {},
      "timestamp": "0"
    },
    {
      "line": "A porous heart",
      "annotations": {},
      "timestamp": "0"
    },
    {
      "line": "A shim charm",
      "annotations": {},
      "timestamp": "0"
    },
    {
      "line": "A caret in the now",
      "annotations": {},
      "timestamp": "0"
    },
    {
      "line": "My tug grit",
      "annotations": {},
      "timestamp": "0"
    },
    {
      "line": "Blob beau",
      "annotations": {},
      "timestamp": "0"
    },
    {
      "line": "My beaut tomb",
      "annotations": {},
      "timestamp": "0"
    },
    {
      "line": "",
      "annotations": {},
      "timestamp": "0"
    },
    {
      "line": "[Chorus]",
      "annotations": {},
      "timestamp": "0"
    },
    {
      "line": "How you calm my heart",
      "annotations": {},
      "timestamp": "0"
    },
    {
      "line": "Head me forward revolving",
      "annotations": {},
      "timestamp": "0"
    },
    {
      "line": "I can cater away",
      "annotations": {},
      "timestamp": "0"
    },
    {
      "line": "Oh oh",
      "annotations": {},
      "timestamp": "0"
    },
    {
      "line": "How you calm my heart",
      "annotations": {},
      "timestamp": "0"
    },
    {
      "line": "Head me forward revolving",
      "annotations": {},
      "timestamp": "0"
    },
    {
      "line": "I can’t call 911",
      "annotations": {},
      "timestamp": "0"
    },
    {
      "line": "No, oh oh",
      "annotations": {},
      "timestamp": "0"
    }
  ]
}