{
  "song_title": "Trauma",
  "writer": "Frith Hilton",
  "release_date": "December 25, 2022",
  "cover": "https://frithhilton.com.ng/musicpool/covers/7/154.jpg",
  "mp3_url": "https://frithhilton.com.ng/mp3/7/7.) Trauma.mp3",
  "duration": 105.66530612244898,
  "id": "154",
  "lyrics": [
    {
      "line": "[Intro]",
      "annotations": {},
      "timestamp": "0"
    },
    {
      "line": "Silver, ah ah",
      "annotations": {},
      "timestamp": "0"
    },
    {
      "line": "Taylor, the stave you’re on",
      "annotations": {},
      "timestamp": "0"
    },
    {
      "line": "I don’t like myself being flood",
      "annotations": {},
      "timestamp": "0"
    },
    {
      "line": "",
      "annotations": {},
      "timestamp": "0"
    },
    {
      "line": "[Verse 1]",
      "annotations": {},
      "timestamp": "0"
    },
    {
      "line": "Lancing through it all",
      "annotations": {},
      "timestamp": "0"
    },
    {
      "line": "My thoughts don’t hit it the way I want it",
      "annotations": {},
      "timestamp": "0"
    },
    {
      "line": "I can’t choose when I don’t feel important",
      "annotations": {},
      "timestamp": "0"
    },
    {
      "line": "Maybe it’s the problem",
      "annotations": {},
      "timestamp": "0"
    },
    {
      "line": "It’s the problem",
      "annotations": {},
      "timestamp": "0"
    },
    {
      "line": "Oh it is the thing",
      "annotations": {},
      "timestamp": "0"
    },
    {
      "line": "The one thing",
      "annotations": {},
      "timestamp": "0"
    },
    {
      "line": "I feel so flaky",
      "annotations": {},
      "timestamp": "0"
    },
    {
      "line": "Saying this towards to you on a song",
      "annotations": {},
      "timestamp": "0"
    },
    {
      "line": "But I gotta let it out",
      "annotations": {},
      "timestamp": "0"
    },
    {
      "line": "Gotta let it out",
      "annotations": {},
      "timestamp": "0"
    },
    {
      "line": "My heart weighing higher than a anvil",
      "annotations": {},
      "timestamp": "0"
    },
    {
      "line": "And my thoughts will not hold it down",
      "annotations": {},
      "timestamp": "0"
    },
    {
      "line": "damn, I feel so new",
      "annotations": {},
      "timestamp": "0"
    },
    {
      "line": "I feel so new to everything I am",
      "annotations": {},
      "timestamp": "0"
    },
    {
      "line": "",
      "annotations": {},
      "timestamp": "0"
    },
    {
      "line": "[Verse 2]",
      "annotations": {},
      "timestamp": "0"
    },
    {
      "line": "Alright, if you say so dear",
      "annotations": {},
      "timestamp": "0"
    },
    {
      "line": "I never get it right",
      "annotations": {},
      "timestamp": "0"
    },
    {
      "line": "I lose myself when I say I love her",
      "annotations": {},
      "timestamp": "0"
    },
    {
      "line": "I’m right here",
      "annotations": {},
      "timestamp": "0"
    },
    {
      "line": "Saying the words . . .",
      "annotations": {},
      "timestamp": "0"
    },
    {
      "line": "Stuck",
      "annotations": {},
      "timestamp": "0"
    },
    {
      "line": "You’re about",
      "annotations": {},
      "timestamp": "0"
    },
    {
      "line": "I’m not who I feel",
      "annotations": {},
      "timestamp": "0"
    },
    {
      "line": "",
      "annotations": {},
      "timestamp": "0"
    },
    {
      "line": "[Outro]",
      "annotations": {},
      "timestamp": "0"
    },
    {
      "line": "It’s still the same",
      "annotations": {},
      "timestamp": "0"
    },
    {
      "line": "Lost thе way I do",
      "annotations": {},
      "timestamp": "0"
    },
    {
      "line": "I’m lost on everything that makes mе up",
      "annotations": {},
      "timestamp": "0"
    }
  ]
}