{
  "song_title": "Yodel in a vial",
  "writer": "Frith Hilton",
  "release_date": "December 29, 2022",
  "cover": "https://unluckiest-refund.000webhostapp.com/Theo/Track%208/Cover.jpg",
  "mp3_url": "https://frithhilton.com.ng/mp3/7/8.) Yodel in a vial.mp3",
  "duration": 191.6342857142857,
  "id": "155",
  "lyrics": [
    {
      "line": "[Intro]",
      "annotations": {},
      "timestamp": "0"
    },
    {
      "line": "It comes down",
      "annotations": {},
      "timestamp": "0"
    },
    {
      "line": "It comes down",
      "annotations": {},
      "timestamp": "0"
    },
    {
      "line": "Plane",
      "annotations": {},
      "timestamp": "0"
    },
    {
      "line": "Crashing down",
      "annotations": {},
      "timestamp": "0"
    },
    {
      "line": "My bones",
      "annotations": {},
      "timestamp": "0"
    },
    {
      "line": "Not crushing now",
      "annotations": {},
      "timestamp": "0"
    },
    {
      "line": "",
      "annotations": {},
      "timestamp": "0"
    },
    {
      "line": "[Verse 1]",
      "annotations": {},
      "timestamp": "0"
    },
    {
      "line": "It’s the weaker",
      "annotations": {},
      "timestamp": "0"
    },
    {
      "line": "Trailing with bun",
      "annotations": {},
      "timestamp": "0"
    },
    {
      "line": "Oh my past",
      "annotations": {},
      "timestamp": "0"
    },
    {
      "line": "Don’t let me down now",
      "annotations": {},
      "timestamp": "0"
    },
    {
      "line": "It’s a knit",
      "annotations": {},
      "timestamp": "0"
    },
    {
      "line": "It’s a beat",
      "annotations": {},
      "timestamp": "0"
    },
    {
      "line": "I just chill",
      "annotations": {},
      "timestamp": "0"
    },
    {
      "line": "I do it for my alarm",
      "annotations": {},
      "timestamp": "0"
    },
    {
      "line": "I’m not carrying this you know",
      "annotations": {},
      "timestamp": "0"
    },
    {
      "line": "I can riffle it out",
      "annotations": {},
      "timestamp": "0"
    },
    {
      "line": "My name is a nave you know",
      "annotations": {},
      "timestamp": "0"
    },
    {
      "line": "My love still a let in now",
      "annotations": {},
      "timestamp": "0"
    },
    {
      "line": "My tongue is ready now",
      "annotations": {},
      "timestamp": "0"
    },
    {
      "line": "To her love it is written now",
      "annotations": {},
      "timestamp": "0"
    },
    {
      "line": "I’m coming with this shit low",
      "annotations": {},
      "timestamp": "0"
    },
    {
      "line": "Let me down for a show",
      "annotations": {},
      "timestamp": "0"
    },
    {
      "line": "My friends book if you live around",
      "annotations": {},
      "timestamp": "0"
    },
    {
      "line": "It is my name on the damn beat",
      "annotations": {},
      "timestamp": "0"
    },
    {
      "line": "I could throw her away",
      "annotations": {},
      "timestamp": "0"
    },
    {
      "line": "He’s terrible; a stalker",
      "annotations": {},
      "timestamp": "0"
    },
    {
      "line": "Never on the same",
      "annotations": {},
      "timestamp": "0"
    },
    {
      "line": "List . . . always bidding",
      "annotations": {},
      "timestamp": "0"
    },
    {
      "line": "And she ever knows that I am on",
      "annotations": {},
      "timestamp": "0"
    },
    {
      "line": "I’m writing a book",
      "annotations": {},
      "timestamp": "0"
    },
    {
      "line": "Over you I'm yodelling",
      "annotations": {},
      "timestamp": "0"
    },
    {
      "line": "I got her, I got еverything",
      "annotations": {},
      "timestamp": "0"
    },
    {
      "line": "Say nothing",
      "annotations": {},
      "timestamp": "0"
    },
    {
      "line": "I want my mind stuck",
      "annotations": {},
      "timestamp": "0"
    },
    {
      "line": "Ill mace in this beat",
      "annotations": {},
      "timestamp": "0"
    },
    {
      "line": "Alissa I got no kеttle factory shit",
      "annotations": {},
      "timestamp": "0"
    },
    {
      "line": "I’m wrought for this beat",
      "annotations": {},
      "timestamp": "0"
    },
    {
      "line": "And they know he’s not ending that",
      "annotations": {},
      "timestamp": "0"
    },
    {
      "line": "It is coming up",
      "annotations": {},
      "timestamp": "0"
    },
    {
      "line": "The test is not a tonnage",
      "annotations": {},
      "timestamp": "0"
    },
    {
      "line": "Love on soul",
      "annotations": {},
      "timestamp": "0"
    },
    {
      "line": "And you know you better get it",
      "annotations": {},
      "timestamp": "0"
    },
    {
      "line": "Cos it is ten vici (ssitude) mal",
      "annotations": {},
      "timestamp": "0"
    },
    {
      "line": "fuck it, you better get it right",
      "annotations": {},
      "timestamp": "0"
    },
    {
      "line": "I keep going like",
      "annotations": {},
      "timestamp": "0"
    },
    {
      "line": "I never yodel in a vial",
      "annotations": {},
      "timestamp": "0"
    },
    {
      "line": "",
      "annotations": {},
      "timestamp": "0"
    },
    {
      "line": "[Verse 2]",
      "annotations": {},
      "timestamp": "0"
    },
    {
      "line": "You can never get a revival",
      "annotations": {},
      "timestamp": "0"
    },
    {
      "line": "My dad’s soul body it’s on mine",
      "annotations": {},
      "timestamp": "0"
    },
    {
      "line": "But I get it umpire",
      "annotations": {},
      "timestamp": "0"
    },
    {
      "line": "Machiavelli’s devil get it in a sigh",
      "annotations": {},
      "timestamp": "0"
    },
    {
      "line": "They always try and get on for a ride",
      "annotations": {},
      "timestamp": "0"
    },
    {
      "line": "While I'm still stuck in here",
      "annotations": {},
      "timestamp": "0"
    },
    {
      "line": "Tryna blight this shit",
      "annotations": {},
      "timestamp": "0"
    },
    {
      "line": "I’m the barn this year",
      "annotations": {},
      "timestamp": "0"
    },
    {
      "line": "It is no milk on these Niggers",
      "annotations": {},
      "timestamp": "0"
    },
    {
      "line": "Yes it is damn all these Niggers",
      "annotations": {},
      "timestamp": "0"
    },
    {
      "line": "It is zero love for these Niggers",
      "annotations": {},
      "timestamp": "0"
    },
    {
      "line": "It is what I’ll give for these Niggers",
      "annotations": {},
      "timestamp": "0"
    },
    {
      "line": "I’m just living on my soul",
      "annotations": {},
      "timestamp": "0"
    },
    {
      "line": "Why he’s never turned a man",
      "annotations": {},
      "timestamp": "0"
    },
    {
      "line": "He’s been on a hike",
      "annotations": {},
      "timestamp": "0"
    },
    {
      "line": "You can never turn me on",
      "annotations": {},
      "timestamp": "0"
    },
    {
      "line": "Not even with a play b tton",
      "annotations": {},
      "timestamp": "0"
    },
    {
      "line": "I keep sewing all my shit",
      "annotations": {},
      "timestamp": "0"
    },
    {
      "line": "Like damn I'm the ram",
      "annotations": {},
      "timestamp": "0"
    },
    {
      "line": "The soul way, you’re out",
      "annotations": {},
      "timestamp": "0"
    },
    {
      "line": "It is still my team",
      "annotations": {},
      "timestamp": "0"
    },
    {
      "line": "That is siri",
      "annotations": {},
      "timestamp": "0"
    },
    {
      "line": "Got it ya?",
      "annotations": {},
      "timestamp": "0"
    },
    {
      "line": "I got a table on my damn head",
      "annotations": {},
      "timestamp": "0"
    },
    {
      "line": "That is what is scalp that is open",
      "annotations": {},
      "timestamp": "0"
    },
    {
      "line": "Why you all are suckers that are slithering around my theine",
      "annotations": {},
      "timestamp": "0"
    },
    {
      "line": "It is no bothers",
      "annotations": {},
      "timestamp": "0"
    },
    {
      "line": "I am alive in that sim",
      "annotations": {},
      "timestamp": "0"
    },
    {
      "line": "I’m just curt in all my love",
      "annotations": {},
      "timestamp": "0"
    },
    {
      "line": "Like he is seen roving",
      "annotations": {},
      "timestamp": "0"
    },
    {
      "line": "He is uncouth and Motherfuckers know",
      "annotations": {},
      "timestamp": "0"
    },
    {
      "line": "Brollies",
      "annotations": {},
      "timestamp": "0"
    },
    {
      "line": "I’m still combing my fee, not towing this",
      "annotations": {},
      "timestamp": "0"
    },
    {
      "line": "I lock all my teams, it is no bothers",
      "annotations": {},
      "timestamp": "0"
    },
    {
      "line": "That means never call on me",
      "annotations": {},
      "timestamp": "0"
    },
    {
      "line": "Just be a tourist",
      "annotations": {},
      "timestamp": "0"
    },
    {
      "line": "Oh gawd it is no bother on me",
      "annotations": {},
      "timestamp": "0"
    },
    {
      "line": "I’m still looking for the nova who is cumming on me",
      "annotations": {},
      "timestamp": "0"
    },
    {
      "line": "I’m just sh ll in",
      "annotations": {},
      "timestamp": "0"
    },
    {
      "line": "Sheila",
      "annotations": {},
      "timestamp": "0"
    },
    {
      "line": "K!lling",
      "annotations": {},
      "timestamp": "0"
    },
    {
      "line": "Worst this time, they’re all about their feeling",
      "annotations": {},
      "timestamp": "0"
    }
  ]
}