{
  "song_title": "Tate jersey love",
  "writer": "Frith Hilton",
  "release_date": "January 7, 2023",
  "cover": "https://frithhilton.com.ng/musicpool/covers/7/156.jpg",
  "mp3_url": "https://frithhilton.com.ng/mp3/7/9.) Tate jersey love.mp3",
  "duration": 193.9069387755102,
  "id": "156",
  "lyrics": [
    {
      "line": "[Intro]",
      "annotations": {},
      "timestamp": "0"
    },
    {
      "line": "I just gotta get it right out here",
      "annotations": {},
      "timestamp": "0"
    },
    {
      "line": "",
      "annotations": {},
      "timestamp": "0"
    },
    {
      "line": "[Verse 1]",
      "annotations": {},
      "timestamp": "0"
    },
    {
      "line": "damn",
      "annotations": {},
      "timestamp": "0"
    },
    {
      "line": "I feel, fit all my love variance",
      "annotations": {},
      "timestamp": "0"
    },
    {
      "line": "So loam",
      "annotations": {},
      "timestamp": "0"
    },
    {
      "line": "Dump all my troubles on a stone",
      "annotations": {},
      "timestamp": "0"
    },
    {
      "line": "I’ll be bare though",
      "annotations": {},
      "timestamp": "0"
    },
    {
      "line": "What for fool",
      "annotations": {},
      "timestamp": "0"
    },
    {
      "line": "For one year out",
      "annotations": {},
      "timestamp": "0"
    },
    {
      "line": "For you",
      "annotations": {},
      "timestamp": "0"
    },
    {
      "line": "There are shade in here",
      "annotations": {},
      "timestamp": "0"
    },
    {
      "line": "I’m not failing",
      "annotations": {},
      "timestamp": "0"
    },
    {
      "line": "Ransom your dooms",
      "annotations": {},
      "timestamp": "0"
    },
    {
      "line": "I’m not all right",
      "annotations": {},
      "timestamp": "0"
    },
    {
      "line": "Not gonna take this",
      "annotations": {},
      "timestamp": "0"
    },
    {
      "line": "I’m a boon",
      "annotations": {},
      "timestamp": "0"
    },
    {
      "line": "All my love, just for you",
      "annotations": {},
      "timestamp": "0"
    },
    {
      "line": "I am",
      "annotations": {},
      "timestamp": "0"
    },
    {
      "line": "I’m a boon",
      "annotations": {},
      "timestamp": "0"
    },
    {
      "line": "All my love, just for you",
      "annotations": {},
      "timestamp": "0"
    },
    {
      "line": "Tate jersey love",
      "annotations": {},
      "timestamp": "0"
    },
    {
      "line": "I’m feeling like I can’t get enough",
      "annotations": {},
      "timestamp": "0"
    },
    {
      "line": "Jade jade’s feel love",
      "annotations": {},
      "timestamp": "0"
    },
    {
      "line": "I’m feeling I can’t get enough",
      "annotations": {},
      "timestamp": "0"
    },
    {
      "line": "Ah!",
      "annotations": {},
      "timestamp": "0"
    },
    {
      "line": "Hit your ball about me",
      "annotations": {},
      "timestamp": "0"
    },
    {
      "line": "I’ve been feeling so cooked",
      "annotations": {},
      "timestamp": "0"
    },
    {
      "line": "And it is rained up",
      "annotations": {},
      "timestamp": "0"
    },
    {
      "line": "Ah! ah!",
      "annotations": {},
      "timestamp": "0"
    },
    {
      "line": "Don’t you ball about me",
      "annotations": {},
      "timestamp": "0"
    },
    {
      "line": "Had me feeling so good",
      "annotations": {},
      "timestamp": "0"
    },
    {
      "line": "From this rain the loam",
      "annotations": {},
      "timestamp": "0"
    },
    {
      "line": "I fill my love just for you",
      "annotations": {},
      "timestamp": "0"
    },
    {
      "line": "",
      "annotations": {},
      "timestamp": "0"
    },
    {
      "line": "[Verse 2]",
      "annotations": {},
      "timestamp": "0"
    },
    {
      "line": "It will be there in the past",
      "annotations": {},
      "timestamp": "0"
    },
    {
      "line": "I felt the same way without you",
      "annotations": {},
      "timestamp": "0"
    },
    {
      "line": "Ah!",
      "annotations": {},
      "timestamp": "0"
    },
    {
      "line": "I’m feeling like",
      "annotations": {},
      "timestamp": "0"
    },
    {
      "line": "I can’t get to close you",
      "annotations": {},
      "timestamp": "0"
    },
    {
      "line": "My lips don’t taste better without you",
      "annotations": {},
      "timestamp": "0"
    },
    {
      "line": "Hey! hey!",
      "annotations": {},
      "timestamp": "0"
    },
    {
      "line": "I’m feeling that I might the way",
      "annotations": {},
      "timestamp": "0"
    },
    {
      "line": "It is a clue",
      "annotations": {},
      "timestamp": "0"
    },
    {
      "line": "Clue, clue",
      "annotations": {},
      "timestamp": "0"
    },
    {
      "line": "Me, you",
      "annotations": {},
      "timestamp": "0"
    },
    {
      "line": "Feeling like that should be",
      "annotations": {},
      "timestamp": "0"
    },
    {
      "line": "Boo, boo",
      "annotations": {},
      "timestamp": "0"
    },
    {
      "line": "I’m end of my time",
      "annotations": {},
      "timestamp": "0"
    },
    {
      "line": "But you know ace soul",
      "annotations": {},
      "timestamp": "0"
    },
    {
      "line": "Do, do",
      "annotations": {},
      "timestamp": "0"
    },
    {
      "line": "No hawk",
      "annotations": {},
      "timestamp": "0"
    },
    {
      "line": "",
      "annotations": {},
      "timestamp": "0"
    },
    {
      "line": "[Outro]",
      "annotations": {},
      "timestamp": "0"
    },
    {
      "line": "If forever",
      "annotations": {},
      "timestamp": "0"
    },
    {
      "line": "Then I'm loving you",
      "annotations": {},
      "timestamp": "0"
    },
    {
      "line": "Till the death of me",
      "annotations": {},
      "timestamp": "0"
    },
    {
      "line": "I just gotta get it right",
      "annotations": {},
      "timestamp": "0"
    },
    {
      "line": "End the death of me",
      "annotations": {},
      "timestamp": "0"
    },
    {
      "line": "Keep bludgeoning",
      "annotations": {},
      "timestamp": "0"
    }
  ]
}