{
  "song_title": "Favourite",
  "writer": "Frith Hilton",
  "release_date": "January 7, 2023",
  "cover": "https://frithhilton.com.ng/musicpool/covers/7/157.jpg",
  "mp3_url": "https://frithhilton.com.ng/mp3/7/10.) Favourite.mp3",
  "duration": 120.0326530612245,
  "id": "157",
  "lyrics": [
    {
      "line": "[Verse 1]",
      "annotations": {},
      "timestamp": "0"
    },
    {
      "line": "I’m just in my form",
      "annotations": {},
      "timestamp": "0"
    },
    {
      "line": "From a little town",
      "annotations": {},
      "timestamp": "0"
    },
    {
      "line": "A human farm",
      "annotations": {},
      "timestamp": "0"
    },
    {
      "line": "Hop a beat",
      "annotations": {},
      "timestamp": "0"
    },
    {
      "line": "That’s my riddle round",
      "annotations": {},
      "timestamp": "0"
    },
    {
      "line": "I just had my cover blown",
      "annotations": {},
      "timestamp": "0"
    },
    {
      "line": "Easy turn, busy mole",
      "annotations": {},
      "timestamp": "0"
    },
    {
      "line": "Fettering on a noose",
      "annotations": {},
      "timestamp": "0"
    },
    {
      "line": "With the whistles blown",
      "annotations": {},
      "timestamp": "0"
    },
    {
      "line": "Workaday hype",
      "annotations": {},
      "timestamp": "0"
    },
    {
      "line": "Dim lit s’more",
      "annotations": {},
      "timestamp": "0"
    },
    {
      "line": "Ends on something like this won’t bore",
      "annotations": {},
      "timestamp": "0"
    },
    {
      "line": "Her too for lift",
      "annotations": {},
      "timestamp": "0"
    },
    {
      "line": "That’s her weekly strut",
      "annotations": {},
      "timestamp": "0"
    },
    {
      "line": "It’s me b tting around",
      "annotations": {},
      "timestamp": "0"
    },
    {
      "line": "She’s never around",
      "annotations": {},
      "timestamp": "0"
    },
    {
      "line": "How have been?",
      "annotations": {},
      "timestamp": "0"
    },
    {
      "line": "Happy on a couple like",
      "annotations": {},
      "timestamp": "0"
    },
    {
      "line": "Yapping on the others",
      "annotations": {},
      "timestamp": "0"
    },
    {
      "line": "My mind niece in",
      "annotations": {},
      "timestamp": "0"
    },
    {
      "line": "Not for the nutters",
      "annotations": {},
      "timestamp": "0"
    },
    {
      "line": "In stores for the orders",
      "annotations": {},
      "timestamp": "0"
    },
    {
      "line": "Is how I dream when I clamp on the shoulders",
      "annotations": {},
      "timestamp": "0"
    },
    {
      "line": "It is half on deen",
      "annotations": {},
      "timestamp": "0"
    },
    {
      "line": "Soul rhythm",
      "annotations": {},
      "timestamp": "0"
    },
    {
      "line": "It is just really over din",
      "annotations": {},
      "timestamp": "0"
    },
    {
      "line": "",
      "annotations": {},
      "timestamp": "0"
    },
    {
      "line": "[Chorus]",
      "annotations": {},
      "timestamp": "0"
    },
    {
      "line": "Favourite, baby, tell me now",
      "annotations": {},
      "timestamp": "0"
    },
    {
      "line": "(favе, baby, tell me now)",
      "annotations": {},
      "timestamp": "0"
    },
    {
      "line": "Do you see with the lights",
      "annotations": {},
      "timestamp": "0"
    },
    {
      "line": "(don’t you see with thе lights)",
      "annotations": {},
      "timestamp": "0"
    },
    {
      "line": "Favourite, baby, tell me now",
      "annotations": {},
      "timestamp": "0"
    },
    {
      "line": "Tell me now",
      "annotations": {},
      "timestamp": "0"
    },
    {
      "line": "Ah!",
      "annotations": {},
      "timestamp": "0"
    }
  ]
}