{
  "song_title": "Rose",
  "writer": "Frith Hilton",
  "release_date": "January 7, 2023",
  "cover": "https://frithhilton.com.ng/musicpool/covers/7/158.jpg",
  "mp3_url": "https://frithhilton.com.ng/mp3/7/11.) Rose.mp3",
  "duration": 183.51020408163265,
  "id": "158",
  "lyrics": [
    {
      "line": "[Verse 1]",
      "annotations": {},
      "timestamp": "0"
    },
    {
      "line": "How you feel so hurt",
      "annotations": {},
      "timestamp": "0"
    },
    {
      "line": "That won’t make me bill the heart",
      "annotations": {},
      "timestamp": "0"
    },
    {
      "line": "How stale",
      "annotations": {},
      "timestamp": "0"
    },
    {
      "line": "Saddened just cry it out in the sun",
      "annotations": {},
      "timestamp": "0"
    },
    {
      "line": "Ah!",
      "annotations": {},
      "timestamp": "0"
    },
    {
      "line": "The sun comes out",
      "annotations": {},
      "timestamp": "0"
    },
    {
      "line": "Feeling it is a little waned",
      "annotations": {},
      "timestamp": "0"
    },
    {
      "line": "I might just bid my winnings",
      "annotations": {},
      "timestamp": "0"
    },
    {
      "line": "Weighing my love",
      "annotations": {},
      "timestamp": "0"
    },
    {
      "line": "If it will matter",
      "annotations": {},
      "timestamp": "0"
    },
    {
      "line": "I found a plot of better matter",
      "annotations": {},
      "timestamp": "0"
    },
    {
      "line": "That’s me, this is me now",
      "annotations": {},
      "timestamp": "0"
    },
    {
      "line": "Don’t you bother",
      "annotations": {},
      "timestamp": "0"
    },
    {
      "line": "I come out weasel",
      "annotations": {},
      "timestamp": "0"
    },
    {
      "line": "I’ma sing something",
      "annotations": {},
      "timestamp": "0"
    },
    {
      "line": "I want you to come home",
      "annotations": {},
      "timestamp": "0"
    },
    {
      "line": "I’m home, I'm home",
      "annotations": {},
      "timestamp": "0"
    },
    {
      "line": "I don’t need to feel grown up",
      "annotations": {},
      "timestamp": "0"
    },
    {
      "line": "I’ma be better like this",
      "annotations": {},
      "timestamp": "0"
    },
    {
      "line": "Stays honest",
      "annotations": {},
      "timestamp": "0"
    },
    {
      "line": "",
      "annotations": {},
      "timestamp": "0"
    },
    {
      "line": "[Verse 2]",
      "annotations": {},
      "timestamp": "0"
    },
    {
      "line": "Coming back",
      "annotations": {},
      "timestamp": "0"
    },
    {
      "line": "Topping that",
      "annotations": {},
      "timestamp": "0"
    },
    {
      "line": "Crony leaning on my head",
      "annotations": {},
      "timestamp": "0"
    },
    {
      "line": "Like something that",
      "annotations": {},
      "timestamp": "0"
    },
    {
      "line": "Makes love come around",
      "annotations": {},
      "timestamp": "0"
    },
    {
      "line": "And take what arе the thoughts",
      "annotations": {},
      "timestamp": "0"
    },
    {
      "line": "I am fading",
      "annotations": {},
      "timestamp": "0"
    },
    {
      "line": "I’m feeling like this nevеr fading",
      "annotations": {},
      "timestamp": "0"
    },
    {
      "line": "I’m feeling like I didn’t have a forte",
      "annotations": {},
      "timestamp": "0"
    },
    {
      "line": "My fingers never touched your body",
      "annotations": {},
      "timestamp": "0"
    },
    {
      "line": "But it touched you",
      "annotations": {},
      "timestamp": "0"
    },
    {
      "line": "Wear a feeling",
      "annotations": {},
      "timestamp": "0"
    },
    {
      "line": "I love that",
      "annotations": {},
      "timestamp": "0"
    },
    {
      "line": "Hello dad",
      "annotations": {},
      "timestamp": "0"
    },
    {
      "line": "Love her, my personal",
      "annotations": {},
      "timestamp": "0"
    },
    {
      "line": "My everything",
      "annotations": {},
      "timestamp": "0"
    },
    {
      "line": "Locking all my seals",
      "annotations": {},
      "timestamp": "0"
    },
    {
      "line": "Ah (laughter)",
      "annotations": {},
      "timestamp": "0"
    },
    {
      "line": "Motions in providence",
      "annotations": {},
      "timestamp": "0"
    },
    {
      "line": "Ah!",
      "annotations": {},
      "timestamp": "0"
    },
    {
      "line": "Love friend doesn’t cost a thing",
      "annotations": {},
      "timestamp": "0"
    },
    {
      "line": "They say",
      "annotations": {},
      "timestamp": "0"
    },
    {
      "line": "But it cost whatever",
      "annotations": {},
      "timestamp": "0"
    },
    {
      "line": "I’m better",
      "annotations": {},
      "timestamp": "0"
    },
    {
      "line": "Feeling like I might be bothered",
      "annotations": {},
      "timestamp": "0"
    },
    {
      "line": "I got it on me like lines and quarters",
      "annotations": {},
      "timestamp": "0"
    },
    {
      "line": "I’m feeling like this is not a new border",
      "annotations": {},
      "timestamp": "0"
    },
    {
      "line": "Another cruft in the",
      "annotations": {},
      "timestamp": "0"
    },
    {
      "line": "fucking kitty kitty kiddie",
      "annotations": {},
      "timestamp": "0"
    },
    {
      "line": "Feeling like you ever had a fucking wedding",
      "annotations": {},
      "timestamp": "0"
    },
    {
      "line": "Tulle in, meaning, feeling",
      "annotations": {},
      "timestamp": "0"
    },
    {
      "line": "Ah!",
      "annotations": {},
      "timestamp": "0"
    },
    {
      "line": "Her stove burning on this shit like winning",
      "annotations": {},
      "timestamp": "0"
    },
    {
      "line": "All my time I’ll be feeling with the headphones",
      "annotations": {},
      "timestamp": "0"
    },
    {
      "line": "Chord it off this spit",
      "annotations": {},
      "timestamp": "0"
    },
    {
      "line": "Like our tones oh",
      "annotations": {},
      "timestamp": "0"
    },
    {
      "line": "But it never went past",
      "annotations": {},
      "timestamp": "0"
    },
    {
      "line": "Whoa! who? whose? whoa! it is rose",
      "annotations": {},
      "timestamp": "0"
    },
    {
      "line": "Serendipity",
      "annotations": {},
      "timestamp": "0"
    }
  ]
}