{
  "song_title": "Swan",
  "writer": "Frith Hilton",
  "release_date": "January 7, 2023",
  "cover": "https://frithhilton.com.ng/musicpool/covers/7/159.jpg",
  "mp3_url": "https://frithhilton.com.ng/mp3/7/12.) Swan.mp3",
  "duration": 173.53142857142856,
  "id": "159",
  "lyrics": [
    {
      "line": "[Intro]",
      "annotations": {},
      "timestamp": "0"
    },
    {
      "line": "Molly here",
      "annotations": {},
      "timestamp": "0"
    },
    {
      "line": "Liver love",
      "annotations": {},
      "timestamp": "0"
    },
    {
      "line": "Whoa, whoa, whoa, whoa",
      "annotations": {},
      "timestamp": "0"
    },
    {
      "line": "They want my soul",
      "annotations": {},
      "timestamp": "0"
    },
    {
      "line": "But they ain’t ever getting it",
      "annotations": {},
      "timestamp": "0"
    },
    {
      "line": "No o",
      "annotations": {},
      "timestamp": "0"
    },
    {
      "line": "",
      "annotations": {},
      "timestamp": "0"
    },
    {
      "line": "[Verse 1]",
      "annotations": {},
      "timestamp": "0"
    },
    {
      "line": "I put it in a fucking box",
      "annotations": {},
      "timestamp": "0"
    },
    {
      "line": "And now I am unboxing",
      "annotations": {},
      "timestamp": "0"
    },
    {
      "line": "Yeah, come on",
      "annotations": {},
      "timestamp": "0"
    },
    {
      "line": "It’s your boy now a swan",
      "annotations": {},
      "timestamp": "0"
    },
    {
      "line": "I’m feeling like a swan",
      "annotations": {},
      "timestamp": "0"
    },
    {
      "line": "I’m out here swimming",
      "annotations": {},
      "timestamp": "0"
    },
    {
      "line": "With these fucking girls",
      "annotations": {},
      "timestamp": "0"
    },
    {
      "line": "But they ain’t got no panties on",
      "annotations": {},
      "timestamp": "0"
    },
    {
      "line": "So that’s clever",
      "annotations": {},
      "timestamp": "0"
    },
    {
      "line": "Cos I ain’t with no fervour",
      "annotations": {},
      "timestamp": "0"
    },
    {
      "line": "So I'm not running around with hoes",
      "annotations": {},
      "timestamp": "0"
    },
    {
      "line": "I’ll be on your fucking",
      "annotations": {},
      "timestamp": "0"
    },
    {
      "line": "shit baby",
      "annotations": {},
      "timestamp": "0"
    },
    {
      "line": "Don’t you say nothing, I’ll be on my",
      "annotations": {},
      "timestamp": "0"
    },
    {
      "line": "Yeah, every other time",
      "annotations": {},
      "timestamp": "0"
    },
    {
      "line": "They copying and shit",
      "annotations": {},
      "timestamp": "0"
    },
    {
      "line": "They rapping and shit",
      "annotations": {},
      "timestamp": "0"
    },
    {
      "line": "They stomp in me shit",
      "annotations": {},
      "timestamp": "0"
    },
    {
      "line": "Then they back in the fucking bold",
      "annotations": {},
      "timestamp": "0"
    },
    {
      "line": "Annal spitting this shit",
      "annotations": {},
      "timestamp": "0"
    },
    {
      "line": "Every other rhyme",
      "annotations": {},
      "timestamp": "0"
    },
    {
      "line": "Gotta end with a fucking",
      "annotations": {},
      "timestamp": "0"
    },
    {
      "line": "You’re lit",
      "annotations": {},
      "timestamp": "0"
    },
    {
      "line": "And you know we don’t takе no fucking splits",
      "annotations": {},
      "timestamp": "0"
    },
    {
      "line": "They wanna do it 50",
      "annotations": {},
      "timestamp": "0"
    },
    {
      "line": "We’re just homе made and shit",
      "annotations": {},
      "timestamp": "0"
    },
    {
      "line": "Cos I'm fucking with my homies and shit",
      "annotations": {},
      "timestamp": "0"
    },
    {
      "line": "And nobody comes around in this shit",
      "annotations": {},
      "timestamp": "0"
    },
    {
      "line": "And everyday it is a nave on this shit",
      "annotations": {},
      "timestamp": "0"
    },
    {
      "line": "And now I'm so evil",
      "annotations": {},
      "timestamp": "0"
    },
    {
      "line": "damn, I think I never ever lead",
      "annotations": {},
      "timestamp": "0"
    },
    {
      "line": "Cos the only thing I fucking see",
      "annotations": {},
      "timestamp": "0"
    },
    {
      "line": "Is my fucking conscience",
      "annotations": {},
      "timestamp": "0"
    },
    {
      "line": "Za, the whole hurting",
      "annotations": {},
      "timestamp": "0"
    },
    {
      "line": "Ought in",
      "annotations": {},
      "timestamp": "0"
    },
    {
      "line": "They can’t fuck with my spleen",
      "annotations": {},
      "timestamp": "0"
    },
    {
      "line": "I’m balling",
      "annotations": {},
      "timestamp": "0"
    },
    {
      "line": "I’m burning",
      "annotations": {},
      "timestamp": "0"
    },
    {
      "line": "Born in this weed",
      "annotations": {},
      "timestamp": "0"
    },
    {
      "line": "They ain’t ever gonna take me down",
      "annotations": {},
      "timestamp": "0"
    },
    {
      "line": "No, we don’t go with the robbers",
      "annotations": {},
      "timestamp": "0"
    },
    {
      "line": "We just fool around like young seven",
      "annotations": {},
      "timestamp": "0"
    },
    {
      "line": "Make a splash on",
      "annotations": {},
      "timestamp": "0"
    },
    {
      "line": "I don’t give a fuck",
      "annotations": {},
      "timestamp": "0"
    },
    {
      "line": "I just go feels",
      "annotations": {},
      "timestamp": "0"
    },
    {
      "line": "I’m gonna make sure",
      "annotations": {},
      "timestamp": "0"
    },
    {
      "line": "She’s gonna be on her",
      "annotations": {},
      "timestamp": "0"
    },
    {
      "line": "On her way",
      "annotations": {},
      "timestamp": "0"
    },
    {
      "line": "So how are my fucking cheese there",
      "annotations": {},
      "timestamp": "0"
    },
    {
      "line": "Where are my fucking homies at",
      "annotations": {},
      "timestamp": "0"
    },
    {
      "line": "We still do the fucking same thing",
      "annotations": {},
      "timestamp": "0"
    },
    {
      "line": "Same thing",
      "annotations": {},
      "timestamp": "0"
    },
    {
      "line": "Smoking on this fucking trees",
      "annotations": {},
      "timestamp": "0"
    },
    {
      "line": "Zoe oh",
      "annotations": {},
      "timestamp": "0"
    },
    {
      "line": "What’s the weather for homies there",
      "annotations": {},
      "timestamp": "0"
    },
    {
      "line": "Hey",
      "annotations": {},
      "timestamp": "0"
    },
    {
      "line": "And weather for my gs there",
      "annotations": {},
      "timestamp": "0"
    },
    {
      "line": "We still smoking these trees everyday",
      "annotations": {},
      "timestamp": "0"
    },
    {
      "line": "Cos we don’t give a fuck yeah",
      "annotations": {},
      "timestamp": "0"
    },
    {
      "line": "Don’t give a fuck",
      "annotations": {},
      "timestamp": "0"
    },
    {
      "line": "We don’t give a fuck",
      "annotations": {},
      "timestamp": "0"
    },
    {
      "line": "It’s a knock, knock off",
      "annotations": {},
      "timestamp": "0"
    },
    {
      "line": "I don’t say nobody",
      "annotations": {},
      "timestamp": "0"
    },
    {
      "line": "So it’s no docking in this bitch",
      "annotations": {},
      "timestamp": "0"
    },
    {
      "line": "I’m up in this",
      "annotations": {},
      "timestamp": "0"
    },
    {
      "line": "Motherfucker how do you feel",
      "annotations": {},
      "timestamp": "0"
    },
    {
      "line": "Still barking with the blings",
      "annotations": {},
      "timestamp": "0"
    },
    {
      "line": "Yeah, yeah",
      "annotations": {},
      "timestamp": "0"
    },
    {
      "line": "Still acting like I'm king",
      "annotations": {},
      "timestamp": "0"
    },
    {
      "line": "Yeah, yeah",
      "annotations": {},
      "timestamp": "0"
    },
    {
      "line": "I still swing on her",
      "annotations": {},
      "timestamp": "0"
    },
    {
      "line": "Still swing on her",
      "annotations": {},
      "timestamp": "0"
    },
    {
      "line": "Still swing on her",
      "annotations": {},
      "timestamp": "0"
    },
    {
      "line": "Motherfucker swindler",
      "annotations": {},
      "timestamp": "0"
    },
    {
      "line": "How do you feel when a Nigga",
      "annotations": {},
      "timestamp": "0"
    },
    {
      "line": "Never had nothing but the big picture",
      "annotations": {},
      "timestamp": "0"
    },
    {
      "line": "Never is gone",
      "annotations": {},
      "timestamp": "0"
    },
    {
      "line": "Never gone breach your soul",
      "annotations": {},
      "timestamp": "0"
    },
    {
      "line": "fucking soothe my mind up",
      "annotations": {},
      "timestamp": "0"
    },
    {
      "line": "My mind up",
      "annotations": {},
      "timestamp": "0"
    },
    {
      "line": "Yeah",
      "annotations": {},
      "timestamp": "0"
    }
  ]
}