{
  "song_title": "Demola (Zenosyne)",
  "writer": "Frith Hilton",
  "release_date": "January 7, 2023",
  "cover": "https://frithhilton.com.ng/musicpool/covers/7/160.jpg",
  "mp3_url": "https://frithhilton.com.ng/mp3/7/13.) Demola (Zenosyne).mp3",
  "duration": 88.50285714285714,
  "id": "160",
  "lyrics": [
    {
      "line": "[Intro]",
      "annotations": {},
      "timestamp": "0"
    },
    {
      "line": "Let’s go",
      "annotations": {},
      "timestamp": "0"
    },
    {
      "line": "Let’s go",
      "annotations": {},
      "timestamp": "0"
    },
    {
      "line": "Let’s go",
      "annotations": {},
      "timestamp": "0"
    },
    {
      "line": "Let’s go",
      "annotations": {},
      "timestamp": "0"
    },
    {
      "line": "It’s the boy phil",
      "annotations": {},
      "timestamp": "0"
    },
    {
      "line": "It’s your boy phil",
      "annotations": {},
      "timestamp": "0"
    },
    {
      "line": "Let’s go",
      "annotations": {},
      "timestamp": "0"
    },
    {
      "line": "I ain’t got no sp ce bar",
      "annotations": {},
      "timestamp": "0"
    },
    {
      "line": "Drop it",
      "annotations": {},
      "timestamp": "0"
    },
    {
      "line": "Chop it",
      "annotations": {},
      "timestamp": "0"
    },
    {
      "line": "On my coffee shit",
      "annotations": {},
      "timestamp": "0"
    },
    {
      "line": "You know how I",
      "annotations": {},
      "timestamp": "0"
    },
    {
      "line": "How I feel",
      "annotations": {},
      "timestamp": "0"
    },
    {
      "line": "(laughter)",
      "annotations": {},
      "timestamp": "0"
    },
    {
      "line": "Alright",
      "annotations": {},
      "timestamp": "0"
    },
    {
      "line": "Hmm",
      "annotations": {},
      "timestamp": "0"
    },
    {
      "line": "",
      "annotations": {},
      "timestamp": "0"
    },
    {
      "line": "[Verse 1]",
      "annotations": {},
      "timestamp": "0"
    },
    {
      "line": "Whoa",
      "annotations": {},
      "timestamp": "0"
    },
    {
      "line": "I don’t really know",
      "annotations": {},
      "timestamp": "0"
    },
    {
      "line": "Whoa",
      "annotations": {},
      "timestamp": "0"
    },
    {
      "line": "shit",
      "annotations": {},
      "timestamp": "0"
    },
    {
      "line": "She’s, she’s",
      "annotations": {},
      "timestamp": "0"
    },
    {
      "line": "She’s hitting me where it hurts",
      "annotations": {},
      "timestamp": "0"
    },
    {
      "line": "Ah! oh! whoa",
      "annotations": {},
      "timestamp": "0"
    },
    {
      "line": "She’s hitting me where it hurts",
      "annotations": {},
      "timestamp": "0"
    },
    {
      "line": "Come on",
      "annotations": {},
      "timestamp": "0"
    },
    {
      "line": "Love don’t come around when it’s supposed to",
      "annotations": {},
      "timestamp": "0"
    },
    {
      "line": "Got me feeling like",
      "annotations": {},
      "timestamp": "0"
    },
    {
      "line": "I don’t get a coaster",
      "annotations": {},
      "timestamp": "0"
    },
    {
      "line": "I’m not oozing up",
      "annotations": {},
      "timestamp": "0"
    },
    {
      "line": "(demola you are a user, your gold here)",
      "annotations": {},
      "timestamp": "0"
    },
    {
      "line": "Love don’t come around when it’s supposed to",
      "annotations": {},
      "timestamp": "0"
    },
    {
      "line": "Got me feeling like I can’t get her close to him",
      "annotations": {},
      "timestamp": "0"
    },
    {
      "line": "Can’t get close enough",
      "annotations": {},
      "timestamp": "0"
    },
    {
      "line": "(demola)",
      "annotations": {},
      "timestamp": "0"
    },
    {
      "line": "That’s a feel",
      "annotations": {},
      "timestamp": "0"
    },
    {
      "line": "Got me feeling like a foe",
      "annotations": {},
      "timestamp": "0"
    },
    {
      "line": "I’ll be doing this shit",
      "annotations": {},
      "timestamp": "0"
    },
    {
      "line": "On a damn roll",
      "annotations": {},
      "timestamp": "0"
    },
    {
      "line": "",
      "annotations": {},
      "timestamp": "0"
    },
    {
      "line": "[Outro]",
      "annotations": {},
      "timestamp": "0"
    },
    {
      "line": "Cruel body shot",
      "annotations": {},
      "timestamp": "0"
    },
    {
      "line": "Ah! cos I love …",
      "annotations": {},
      "timestamp": "0"
    },
    {
      "line": "fuck!",
      "annotations": {},
      "timestamp": "0"
    }
  ]
}