{
  "song_title": "Heavy keys",
  "writer": "Frith Hilton",
  "release_date": "January 7, 2023",
  "cover": "https://frithhilton.com.ng/musicpool/covers/7/161.jpg",
  "mp3_url": "https://frithhilton.com.ng/mp3/7/14.) Heavy keys.mp3",
  "duration": 121.93959183673469,
  "id": "161",
  "lyrics": [
    {
      "line": "[Verse 1]",
      "annotations": {},
      "timestamp": "0"
    },
    {
      "line": "Yeah",
      "annotations": {},
      "timestamp": "0"
    },
    {
      "line": "Too cliché",
      "annotations": {},
      "timestamp": "0"
    },
    {
      "line": "This is the last chance",
      "annotations": {},
      "timestamp": "0"
    },
    {
      "line": "To be something different",
      "annotations": {},
      "timestamp": "0"
    },
    {
      "line": "I miss my friends but",
      "annotations": {},
      "timestamp": "0"
    },
    {
      "line": "I’m paid through paypal",
      "annotations": {},
      "timestamp": "0"
    },
    {
      "line": "Motherfucker this is my credit card",
      "annotations": {},
      "timestamp": "0"
    },
    {
      "line": "You could call me back if you need distance",
      "annotations": {},
      "timestamp": "0"
    },
    {
      "line": "I promise this is not the hour",
      "annotations": {},
      "timestamp": "0"
    },
    {
      "line": "Emma x on me chest",
      "annotations": {},
      "timestamp": "0"
    },
    {
      "line": "And I'm going for the best yeah",
      "annotations": {},
      "timestamp": "0"
    },
    {
      "line": "I’m always gunning",
      "annotations": {},
      "timestamp": "0"
    },
    {
      "line": "But I'm never gonna bother",
      "annotations": {},
      "timestamp": "0"
    },
    {
      "line": "Cos all these Niggers know",
      "annotations": {},
      "timestamp": "0"
    },
    {
      "line": "He is never about the others",
      "annotations": {},
      "timestamp": "0"
    },
    {
      "line": "It is just about the money",
      "annotations": {},
      "timestamp": "0"
    },
    {
      "line": "Parked up in my corners",
      "annotations": {},
      "timestamp": "0"
    },
    {
      "line": "And Niggers still tryna count",
      "annotations": {},
      "timestamp": "0"
    },
    {
      "line": "The fucking commas",
      "annotations": {},
      "timestamp": "0"
    },
    {
      "line": "I was fucking on the tv",
      "annotations": {},
      "timestamp": "0"
    },
    {
      "line": "For wanted while I was stuck",
      "annotations": {},
      "timestamp": "0"
    },
    {
      "line": "Now all Niggers tryna hold me back",
      "annotations": {},
      "timestamp": "0"
    },
    {
      "line": "I say that’s rigid, stop",
      "annotations": {},
      "timestamp": "0"
    },
    {
      "line": "I’m in a fucking distend",
      "annotations": {},
      "timestamp": "0"
    },
    {
      "line": "Of the deep perm",
      "annotations": {},
      "timestamp": "0"
    },
    {
      "line": "",
      "annotations": {},
      "timestamp": "0"
    },
    {
      "line": "[Verse 2]",
      "annotations": {},
      "timestamp": "0"
    },
    {
      "line": "Yeah, yeah",
      "annotations": {},
      "timestamp": "0"
    },
    {
      "line": "I still say shit",
      "annotations": {},
      "timestamp": "0"
    },
    {
      "line": "I stick to my heavy keys",
      "annotations": {},
      "timestamp": "0"
    },
    {
      "line": "Back to the park",
      "annotations": {},
      "timestamp": "0"
    },
    {
      "line": "Cos I never say odd",
      "annotations": {},
      "timestamp": "0"
    },
    {
      "line": "All these Niggers tryna put me",
      "annotations": {},
      "timestamp": "0"
    },
    {
      "line": "In the fucking spot",
      "annotations": {},
      "timestamp": "0"
    },
    {
      "line": "But I don’t go there",
      "annotations": {},
      "timestamp": "0"
    },
    {
      "line": "It is the fucking monologue",
      "annotations": {},
      "timestamp": "0"
    },
    {
      "line": "I don’t give a fuck about what they say",
      "annotations": {},
      "timestamp": "0"
    },
    {
      "line": "I’ll be spitting this shit",
      "annotations": {},
      "timestamp": "0"
    },
    {
      "line": "Cos I don’t hear the sane",
      "annotations": {},
      "timestamp": "0"
    },
    {
      "line": "I only mind my own fucking damn business",
      "annotations": {},
      "timestamp": "0"
    },
    {
      "line": "Niggers tryna call me up",
      "annotations": {},
      "timestamp": "0"
    },
    {
      "line": "That’s a severance",
      "annotations": {},
      "timestamp": "0"
    },
    {
      "line": "I sever all fucking ties",
      "annotations": {},
      "timestamp": "0"
    },
    {
      "line": "Except for love",
      "annotations": {},
      "timestamp": "0"
    },
    {
      "line": "Now these Niggers got me feeling like",
      "annotations": {},
      "timestamp": "0"
    },
    {
      "line": "This is all for the money",
      "annotations": {},
      "timestamp": "0"
    },
    {
      "line": "For the plough, say what",
      "annotations": {},
      "timestamp": "0"
    },
    {
      "line": "Okay back",
      "annotations": {},
      "timestamp": "0"
    },
    {
      "line": "Back . . .",
      "annotations": {},
      "timestamp": "0"
    },
    {
      "line": "(who taught you first pouf)",
      "annotations": {},
      "timestamp": "0"
    },
    {
      "line": ". . . to the one I . . . nuff",
      "annotations": {},
      "timestamp": "0"
    },
    {
      "line": "",
      "annotations": {},
      "timestamp": "0"
    },
    {
      "line": "[Outro]",
      "annotations": {},
      "timestamp": "0"
    },
    {
      "line": "What is it now?",
      "annotations": {},
      "timestamp": "0"
    },
    {
      "line": "Why are you clip",
      "annotations": {},
      "timestamp": "0"
    },
    {
      "line": "Which one is correct?",
      "annotations": {},
      "timestamp": "0"
    },
    {
      "line": "Uh!",
      "annotations": {},
      "timestamp": "0"
    },
    {
      "line": "Which one is correct?",
      "annotations": {},
      "timestamp": "0"
    },
    {
      "line": "Why are everyone posting this",
      "annotations": {},
      "timestamp": "0"
    },
    {
      "line": "Or why is everyone posting this",
      "annotations": {},
      "timestamp": "0"
    },
    {
      "line": "What?",
      "annotations": {},
      "timestamp": "0"
    },
    {
      "line": "Why is everyone posting this",
      "annotations": {},
      "timestamp": "0"
    },
    {
      "line": "Or why are everyone posting this",
      "annotations": {},
      "timestamp": "0"
    }
  ]
}