{
  "song_title": "Crash",
  "writer": "Frith Hilton",
  "release_date": "January 7, 2023",
  "cover": "https://frithhilton.com.ng/musicpool/covers/7/162.jpg",
  "mp3_url": "https://frithhilton.com.ng/mp3/7/15.) Crash.mp3",
  "duration": 173.53142857142856,
  "id": "162",
  "lyrics": [
    {
      "line": "[Intro]",
      "annotations": {},
      "timestamp": "0"
    },
    {
      "line": "Let’s go on this",
      "annotations": {},
      "timestamp": "0"
    },
    {
      "line": "(clears throat)",
      "annotations": {},
      "timestamp": "0"
    },
    {
      "line": "Whoa",
      "annotations": {},
      "timestamp": "0"
    },
    {
      "line": "",
      "annotations": {},
      "timestamp": "0"
    },
    {
      "line": "[Verse 1]",
      "annotations": {},
      "timestamp": "0"
    },
    {
      "line": "I don’t know why I don’t know",
      "annotations": {},
      "timestamp": "0"
    },
    {
      "line": "Sometimes it feels that I got it right",
      "annotations": {},
      "timestamp": "0"
    },
    {
      "line": "And I got it right now",
      "annotations": {},
      "timestamp": "0"
    },
    {
      "line": "Sometimes it feels that I can’t get it right",
      "annotations": {},
      "timestamp": "0"
    },
    {
      "line": "And I can’t get it right",
      "annotations": {},
      "timestamp": "0"
    },
    {
      "line": "Girl you got me feeling like",
      "annotations": {},
      "timestamp": "0"
    },
    {
      "line": "I can’t get it right",
      "annotations": {},
      "timestamp": "0"
    },
    {
      "line": "I’ve been stuck on your words",
      "annotations": {},
      "timestamp": "0"
    },
    {
      "line": "I can’t get it right",
      "annotations": {},
      "timestamp": "0"
    },
    {
      "line": "I can’t read through these lines",
      "annotations": {},
      "timestamp": "0"
    },
    {
      "line": "What I’ve got wrong",
      "annotations": {},
      "timestamp": "0"
    },
    {
      "line": "What I got funds",
      "annotations": {},
      "timestamp": "0"
    },
    {
      "line": "What I got phony",
      "annotations": {},
      "timestamp": "0"
    },
    {
      "line": "My heart and soul",
      "annotations": {},
      "timestamp": "0"
    },
    {
      "line": "fucking lost",
      "annotations": {},
      "timestamp": "0"
    },
    {
      "line": "I be taut in",
      "annotations": {},
      "timestamp": "0"
    },
    {
      "line": "I be coming with this other shit",
      "annotations": {},
      "timestamp": "0"
    },
    {
      "line": "I wrote too many words",
      "annotations": {},
      "timestamp": "0"
    },
    {
      "line": "Now I am caught up in the rudder lust",
      "annotations": {},
      "timestamp": "0"
    },
    {
      "line": "Whoa, lust sheet",
      "annotations": {},
      "timestamp": "0"
    },
    {
      "line": "I woke up on the wrong sheet this morning",
      "annotations": {},
      "timestamp": "0"
    },
    {
      "line": "I don’t know",
      "annotations": {},
      "timestamp": "0"
    },
    {
      "line": "I ‘on’t feel like",
      "annotations": {},
      "timestamp": "0"
    },
    {
      "line": "damn, I be in the zone",
      "annotations": {},
      "timestamp": "0"
    },
    {
      "line": "The shit be holding me down",
      "annotations": {},
      "timestamp": "0"
    },
    {
      "line": "And I can’t spit it out",
      "annotations": {},
      "timestamp": "0"
    },
    {
      "line": "Got me feeling like",
      "annotations": {},
      "timestamp": "0"
    },
    {
      "line": "damn, I don’t want to get out",
      "annotations": {},
      "timestamp": "0"
    },
    {
      "line": "Whoa, whoa, you should be my girl",
      "annotations": {},
      "timestamp": "0"
    },
    {
      "line": "My valentine love",
      "annotations": {},
      "timestamp": "0"
    },
    {
      "line": "Give mе that love",
      "annotations": {},
      "timestamp": "0"
    },
    {
      "line": "fucking give me that lovе",
      "annotations": {},
      "timestamp": "0"
    },
    {
      "line": "Have me feeling one like",
      "annotations": {},
      "timestamp": "0"
    },
    {
      "line": "You never had much",
      "annotations": {},
      "timestamp": "0"
    },
    {
      "line": "I don’t want it",
      "annotations": {},
      "timestamp": "0"
    },
    {
      "line": "I don’t fucking want it",
      "annotations": {},
      "timestamp": "0"
    },
    {
      "line": "When you tell me you love me",
      "annotations": {},
      "timestamp": "0"
    },
    {
      "line": "Feels like I am on it",
      "annotations": {},
      "timestamp": "0"
    },
    {
      "line": "And I'm back in the city",
      "annotations": {},
      "timestamp": "0"
    },
    {
      "line": "And I'm all do",
      "annotations": {},
      "timestamp": "0"
    },
    {
      "line": "",
      "annotations": {},
      "timestamp": "0"
    },
    {
      "line": "[Verse 2]",
      "annotations": {},
      "timestamp": "0"
    },
    {
      "line": "Got the wrong shit",
      "annotations": {},
      "timestamp": "0"
    },
    {
      "line": "Not it feels that I am",
      "annotations": {},
      "timestamp": "0"
    },
    {
      "line": "Back to this shit",
      "annotations": {},
      "timestamp": "0"
    },
    {
      "line": "I was trapped in these sheets",
      "annotations": {},
      "timestamp": "0"
    },
    {
      "line": "Now I'm caught up in this bitch",
      "annotations": {},
      "timestamp": "0"
    },
    {
      "line": "Like this is what it is",
      "annotations": {},
      "timestamp": "0"
    },
    {
      "line": "And these people are trying to k!ll me",
      "annotations": {},
      "timestamp": "0"
    },
    {
      "line": "They’re tryna have me drowned",
      "annotations": {},
      "timestamp": "0"
    },
    {
      "line": "In these fucking hate vibes",
      "annotations": {},
      "timestamp": "0"
    },
    {
      "line": "But I just sieve it out",
      "annotations": {},
      "timestamp": "0"
    },
    {
      "line": "My gawd!",
      "annotations": {},
      "timestamp": "0"
    },
    {
      "line": "This ain’t no fucking joke",
      "annotations": {},
      "timestamp": "0"
    },
    {
      "line": "Had to put a fucking crash",
      "annotations": {},
      "timestamp": "0"
    },
    {
      "line": "In fucking l.a",
      "annotations": {},
      "timestamp": "0"
    },
    {
      "line": "Just to solve it out",
      "annotations": {},
      "timestamp": "0"
    },
    {
      "line": "Like scheme around",
      "annotations": {},
      "timestamp": "0"
    },
    {
      "line": "Porting now",
      "annotations": {},
      "timestamp": "0"
    },
    {
      "line": "This fucking vibe",
      "annotations": {},
      "timestamp": "0"
    },
    {
      "line": "Like I was something about",
      "annotations": {},
      "timestamp": "0"
    },
    {
      "line": "Motherfuckers",
      "annotations": {},
      "timestamp": "0"
    },
    {
      "line": "And I don’t fuck with that shit",
      "annotations": {},
      "timestamp": "0"
    },
    {
      "line": "Putting my soul like",
      "annotations": {},
      "timestamp": "0"
    },
    {
      "line": "I fuck with that shit",
      "annotations": {},
      "timestamp": "0"
    },
    {
      "line": "I made us proud now",
      "annotations": {},
      "timestamp": "0"
    },
    {
      "line": "Now the Niggers tryna fuck shit",
      "annotations": {},
      "timestamp": "0"
    },
    {
      "line": "I never go up",
      "annotations": {},
      "timestamp": "0"
    },
    {
      "line": "I don’t wanna fucking talk on that",
      "annotations": {},
      "timestamp": "0"
    },
    {
      "line": "Good vibe, good vibe, good vibe",
      "annotations": {},
      "timestamp": "0"
    },
    {
      "line": "I have a feeling like",
      "annotations": {},
      "timestamp": "0"
    },
    {
      "line": "I don’t ever come from this vibe",
      "annotations": {},
      "timestamp": "0"
    },
    {
      "line": "I am always fucking acting like",
      "annotations": {},
      "timestamp": "0"
    },
    {
      "line": "This is what’s life",
      "annotations": {},
      "timestamp": "0"
    },
    {
      "line": "And I am always on my shit",
      "annotations": {},
      "timestamp": "0"
    },
    {
      "line": "Like it is a fucking crime",
      "annotations": {},
      "timestamp": "0"
    },
    {
      "line": "I know",
      "annotations": {},
      "timestamp": "0"
    },
    {
      "line": "",
      "annotations": {},
      "timestamp": "0"
    },
    {
      "line": "[Outro]",
      "annotations": {},
      "timestamp": "0"
    },
    {
      "line": "It is a fucking crime you know",
      "annotations": {},
      "timestamp": "0"
    },
    {
      "line": "Yeah",
      "annotations": {},
      "timestamp": "0"
    }
  ]
}