{
  "song_title": "Oh din!",
  "writer": "Frith Hilton",
  "release_date": "January 9, 2023",
  "cover": "https://frithhilton.com.ng/musicpool/covers/7/163.jpg",
  "mp3_url": "https://frithhilton.com.ng/mp3/7/16.) Oh din!.mp3",
  "duration": 153.36489795918368,
  "id": "163",
  "lyrics": [
    {
      "line": "[Intro]",
      "annotations": {},
      "timestamp": "0"
    },
    {
      "line": "Def it had a meaning",
      "annotations": {},
      "timestamp": "0"
    },
    {
      "line": "She got the bidding",
      "annotations": {},
      "timestamp": "0"
    },
    {
      "line": "I am out here the roller",
      "annotations": {},
      "timestamp": "0"
    },
    {
      "line": "Ten down the hustler",
      "annotations": {},
      "timestamp": "0"
    },
    {
      "line": "Offended, I don’t need the ruddy",
      "annotations": {},
      "timestamp": "0"
    },
    {
      "line": "",
      "annotations": {},
      "timestamp": "0"
    },
    {
      "line": "[Verse 1]",
      "annotations": {},
      "timestamp": "0"
    },
    {
      "line": "I bet she’s on a rollie",
      "annotations": {},
      "timestamp": "0"
    },
    {
      "line": "I’m on my shun",
      "annotations": {},
      "timestamp": "0"
    },
    {
      "line": "Better",
      "annotations": {},
      "timestamp": "0"
    },
    {
      "line": "Freaking out",
      "annotations": {},
      "timestamp": "0"
    },
    {
      "line": "Freaking out over a girl",
      "annotations": {},
      "timestamp": "0"
    },
    {
      "line": "Talk it out",
      "annotations": {},
      "timestamp": "0"
    },
    {
      "line": "Just to know",
      "annotations": {},
      "timestamp": "0"
    },
    {
      "line": "I don’t peel her over",
      "annotations": {},
      "timestamp": "0"
    },
    {
      "line": "I don’t wanna be there over",
      "annotations": {},
      "timestamp": "0"
    },
    {
      "line": "damning, damning",
      "annotations": {},
      "timestamp": "0"
    },
    {
      "line": "On my fucking redis",
      "annotations": {},
      "timestamp": "0"
    },
    {
      "line": "I don’t ever give a fuck",
      "annotations": {},
      "timestamp": "0"
    },
    {
      "line": "I am always damn ready",
      "annotations": {},
      "timestamp": "0"
    },
    {
      "line": "With a new one",
      "annotations": {},
      "timestamp": "0"
    },
    {
      "line": "Pass this shit",
      "annotations": {},
      "timestamp": "0"
    },
    {
      "line": "Just to make it different",
      "annotations": {},
      "timestamp": "0"
    },
    {
      "line": "Put the anger on the sevеn",
      "annotations": {},
      "timestamp": "0"
    },
    {
      "line": "Got me feeling like this ain’t nothing",
      "annotations": {},
      "timestamp": "0"
    },
    {
      "line": "Ah!",
      "annotations": {},
      "timestamp": "0"
    },
    {
      "line": "Put my coffee on whole palms",
      "annotations": {},
      "timestamp": "0"
    },
    {
      "line": "On thе my theine",
      "annotations": {},
      "timestamp": "0"
    },
    {
      "line": "Had to roll dumbs",
      "annotations": {},
      "timestamp": "0"
    },
    {
      "line": "When I am on the die",
      "annotations": {},
      "timestamp": "0"
    },
    {
      "line": "I put it down",
      "annotations": {},
      "timestamp": "0"
    },
    {
      "line": "Put it down",
      "annotations": {},
      "timestamp": "0"
    },
    {
      "line": "Count the numbers out like a rhyme",
      "annotations": {},
      "timestamp": "0"
    },
    {
      "line": "I’m cutting all the shots",
      "annotations": {},
      "timestamp": "0"
    },
    {
      "line": "Like I am jealous over party",
      "annotations": {},
      "timestamp": "0"
    },
    {
      "line": "Parry, acting like a superiority",
      "annotations": {},
      "timestamp": "0"
    },
    {
      "line": "But it’s not a problem",
      "annotations": {},
      "timestamp": "0"
    },
    {
      "line": "Ma, I'm working all the way",
      "annotations": {},
      "timestamp": "0"
    },
    {
      "line": "Working all the race",
      "annotations": {},
      "timestamp": "0"
    },
    {
      "line": "Hope y’all get my shit down",
      "annotations": {},
      "timestamp": "0"
    },
    {
      "line": "Uh!",
      "annotations": {},
      "timestamp": "0"
    },
    {
      "line": "fuck about get it padded",
      "annotations": {},
      "timestamp": "0"
    },
    {
      "line": "Like I do it odin",
      "annotations": {},
      "timestamp": "0"
    },
    {
      "line": "I put my hands where I don’t put my money",
      "annotations": {},
      "timestamp": "0"
    },
    {
      "line": "So you know I am always getting more",
      "annotations": {},
      "timestamp": "0"
    },
    {
      "line": "Sorry, if it is not sunny",
      "annotations": {},
      "timestamp": "0"
    },
    {
      "line": "But it’s always about the time",
      "annotations": {},
      "timestamp": "0"
    },
    {
      "line": "Where I am mixing more money",
      "annotations": {},
      "timestamp": "0"
    },
    {
      "line": "And I'm out",
      "annotations": {},
      "timestamp": "0"
    }
  ]
}