{
  "song_title": "Soured love",
  "writer": "Frith Hilton",
  "release_date": "January 9, 2023",
  "cover": "https://frithhilton.com.ng/musicpool/covers/7/164.jpg",
  "mp3_url": "https://frithhilton.com.ng/mp3/7/17.) Soured love.mp3",
  "duration": 216.16326530612244,
  "id": "164",
  "lyrics": [
    {
      "line": "[Intro]",
      "annotations": {},
      "timestamp": "0"
    },
    {
      "line": "Sometimes I don’t feel real",
      "annotations": {},
      "timestamp": "0"
    },
    {
      "line": "Most times I don’t know",
      "annotations": {},
      "timestamp": "0"
    },
    {
      "line": "If it is happening",
      "annotations": {},
      "timestamp": "0"
    },
    {
      "line": "Or it is done",
      "annotations": {},
      "timestamp": "0"
    },
    {
      "line": "It is how you have my heart",
      "annotations": {},
      "timestamp": "0"
    },
    {
      "line": "Wrecking all the days",
      "annotations": {},
      "timestamp": "0"
    },
    {
      "line": "I be gone",
      "annotations": {},
      "timestamp": "0"
    },
    {
      "line": "Now it feels everything I say",
      "annotations": {},
      "timestamp": "0"
    },
    {
      "line": "If it is done",
      "annotations": {},
      "timestamp": "0"
    },
    {
      "line": "Help me see through it all",
      "annotations": {},
      "timestamp": "0"
    },
    {
      "line": "Without a why though",
      "annotations": {},
      "timestamp": "0"
    },
    {
      "line": "Help me see through it all",
      "annotations": {},
      "timestamp": "0"
    },
    {
      "line": "I think I'ma ride",
      "annotations": {},
      "timestamp": "0"
    },
    {
      "line": "",
      "annotations": {},
      "timestamp": "0"
    },
    {
      "line": "[Verse 1]",
      "annotations": {},
      "timestamp": "0"
    },
    {
      "line": "I need to put my mind",
      "annotations": {},
      "timestamp": "0"
    },
    {
      "line": "Where it is right",
      "annotations": {},
      "timestamp": "0"
    },
    {
      "line": "I need to get my mind at the job lovers",
      "annotations": {},
      "timestamp": "0"
    },
    {
      "line": "I need to get my mind off the reasons",
      "annotations": {},
      "timestamp": "0"
    },
    {
      "line": "Oh, oh, oh",
      "annotations": {},
      "timestamp": "0"
    },
    {
      "line": "Why did I ever get this shit started",
      "annotations": {},
      "timestamp": "0"
    },
    {
      "line": "I thought I had a reason for starters",
      "annotations": {},
      "timestamp": "0"
    },
    {
      "line": "I’m stuck in my bas m nt a bother",
      "annotations": {},
      "timestamp": "0"
    },
    {
      "line": "And I don’t know if I can any harder",
      "annotations": {},
      "timestamp": "0"
    },
    {
      "line": "Cos I'm feeling like a stutter",
      "annotations": {},
      "timestamp": "0"
    },
    {
      "line": "Ah!",
      "annotations": {},
      "timestamp": "0"
    },
    {
      "line": "From the jump start, it was a order",
      "annotations": {},
      "timestamp": "0"
    },
    {
      "line": "Now it feels that",
      "annotations": {},
      "timestamp": "0"
    },
    {
      "line": "I am not going nowhеre without you",
      "annotations": {},
      "timestamp": "0"
    },
    {
      "line": "I need you here",
      "annotations": {},
      "timestamp": "0"
    },
    {
      "line": "damn, I miss you nеar",
      "annotations": {},
      "timestamp": "0"
    },
    {
      "line": "Why you gotta behave so weird",
      "annotations": {},
      "timestamp": "0"
    },
    {
      "line": "Reaching for you across the tears",
      "annotations": {},
      "timestamp": "0"
    },
    {
      "line": "It is so bad",
      "annotations": {},
      "timestamp": "0"
    },
    {
      "line": "Feeling this way",
      "annotations": {},
      "timestamp": "0"
    },
    {
      "line": "I don’t know if I can take it no more",
      "annotations": {},
      "timestamp": "0"
    },
    {
      "line": "It feels so bad, feeling this way",
      "annotations": {},
      "timestamp": "0"
    },
    {
      "line": "I want pain, just till I feel something",
      "annotations": {},
      "timestamp": "0"
    },
    {
      "line": "For starters",
      "annotations": {},
      "timestamp": "0"
    },
    {
      "line": "I want to be free",
      "annotations": {},
      "timestamp": "0"
    },
    {
      "line": "For starters",
      "annotations": {},
      "timestamp": "0"
    },
    {
      "line": "Honey, I just wanna think clearly",
      "annotations": {},
      "timestamp": "0"
    },
    {
      "line": "Nowadays",
      "annotations": {},
      "timestamp": "0"
    },
    {
      "line": "Vanity in me increasing",
      "annotations": {},
      "timestamp": "0"
    },
    {
      "line": "And it feels so bad",
      "annotations": {},
      "timestamp": "0"
    },
    {
      "line": "Everything I ever held back",
      "annotations": {},
      "timestamp": "0"
    },
    {
      "line": "Now it’s driving me to tears",
      "annotations": {},
      "timestamp": "0"
    },
    {
      "line": "How can I get it out of there",
      "annotations": {},
      "timestamp": "0"
    },
    {
      "line": "Push back, push back",
      "annotations": {},
      "timestamp": "0"
    },
    {
      "line": "Writ her, reach out",
      "annotations": {},
      "timestamp": "0"
    },
    {
      "line": "She says it will be fine",
      "annotations": {},
      "timestamp": "0"
    },
    {
      "line": "",
      "annotations": {},
      "timestamp": "0"
    },
    {
      "line": "[Outro]",
      "annotations": {},
      "timestamp": "0"
    },
    {
      "line": "All I need to do",
      "annotations": {},
      "timestamp": "0"
    },
    {
      "line": "Is to put my problems",
      "annotations": {},
      "timestamp": "0"
    },
    {
      "line": "Where they serve in the thrash",
      "annotations": {},
      "timestamp": "0"
    },
    {
      "line": "All I need to do",
      "annotations": {},
      "timestamp": "0"
    },
    {
      "line": "Is to put my worries",
      "annotations": {},
      "timestamp": "0"
    },
    {
      "line": "Where they serve right in the pain",
      "annotations": {},
      "timestamp": "0"
    },
    {
      "line": "I’m not winning",
      "annotations": {},
      "timestamp": "0"
    },
    {
      "line": "If you’re not here with me",
      "annotations": {},
      "timestamp": "0"
    },
    {
      "line": "I need no validation but your love",
      "annotations": {},
      "timestamp": "0"
    },
    {
      "line": "My tears on chime",
      "annotations": {},
      "timestamp": "0"
    },
    {
      "line": "When I feel this way",
      "annotations": {},
      "timestamp": "0"
    },
    {
      "line": "I may just go around and say",
      "annotations": {},
      "timestamp": "0"
    },
    {
      "line": "I am waiting",
      "annotations": {},
      "timestamp": "0"
    },
    {
      "line": "I am waiting here with a broken heart",
      "annotations": {},
      "timestamp": "0"
    },
    {
      "line": "Ah!",
      "annotations": {},
      "timestamp": "0"
    },
    {
      "line": "I am waiting here with a soured love",
      "annotations": {},
      "timestamp": "0"
    },
    {
      "line": "Yeah, I am waiting",
      "annotations": {},
      "timestamp": "0"
    },
    {
      "line": "I am waiting here with a bottle open",
      "annotations": {},
      "timestamp": "0"
    },
    {
      "line": "And I am drowning every cork",
      "annotations": {},
      "timestamp": "0"
    },
    {
      "line": "That I ever shot at",
      "annotations": {},
      "timestamp": "0"
    },
    {
      "line": "Oh fuck",
      "annotations": {},
      "timestamp": "0"
    }
  ]
}