{
  "song_title": "Post soul",
  "writer": "Frith Hilton",
  "release_date": "January 9, 2023",
  "cover": "https://frithhilton.com.ng/musicpool/covers/7/166.jpg",
  "mp3_url": "https://frithhilton.com.ng/mp3/7/19.) Post soul.mp3",
  "duration": 129.48897959183674,
  "id": "166",
  "lyrics": [
    {
      "line": "[Verse 1]",
      "annotations": {},
      "timestamp": "0"
    },
    {
      "line": "Driving through the city with the lights up",
      "annotations": {},
      "timestamp": "0"
    },
    {
      "line": "Palpitating soul, yeah my heart burns",
      "annotations": {},
      "timestamp": "0"
    },
    {
      "line": "All alone at the wrong time",
      "annotations": {},
      "timestamp": "0"
    },
    {
      "line": "Preying my phone it’s a wrong dial",
      "annotations": {},
      "timestamp": "0"
    },
    {
      "line": "I can’t get enough",
      "annotations": {},
      "timestamp": "0"
    },
    {
      "line": "(get enough)",
      "annotations": {},
      "timestamp": "0"
    },
    {
      "line": "This feeling got me wanting some more",
      "annotations": {},
      "timestamp": "0"
    },
    {
      "line": "Some more",
      "annotations": {},
      "timestamp": "0"
    },
    {
      "line": "(some more)",
      "annotations": {},
      "timestamp": "0"
    },
    {
      "line": "I can’t get enough",
      "annotations": {},
      "timestamp": "0"
    },
    {
      "line": "(get enough)",
      "annotations": {},
      "timestamp": "0"
    },
    {
      "line": "This feeling got me wanting some more",
      "annotations": {},
      "timestamp": "0"
    },
    {
      "line": "Some more",
      "annotations": {},
      "timestamp": "0"
    },
    {
      "line": "Some more",
      "annotations": {},
      "timestamp": "0"
    },
    {
      "line": "(some more)",
      "annotations": {},
      "timestamp": "0"
    },
    {
      "line": "At a cross road",
      "annotations": {},
      "timestamp": "0"
    },
    {
      "line": "Criss cross in my rear zone",
      "annotations": {},
      "timestamp": "0"
    },
    {
      "line": "Mood swing this is post soul",
      "annotations": {},
      "timestamp": "0"
    },
    {
      "line": "(post soul)",
      "annotations": {},
      "timestamp": "0"
    },
    {
      "line": "Crowd control mould fold",
      "annotations": {},
      "timestamp": "0"
    },
    {
      "line": "Close to suppose to",
      "annotations": {},
      "timestamp": "0"
    },
    {
      "line": "Stoked to posture",
      "annotations": {},
      "timestamp": "0"
    },
    {
      "line": "On my roll",
      "annotations": {},
      "timestamp": "0"
    },
    {
      "line": "Don’t you dial my phone",
      "annotations": {},
      "timestamp": "0"
    },
    {
      "line": "When I'm all alone",
      "annotations": {},
      "timestamp": "0"
    },
    {
      "line": "This is morе than gold",
      "annotations": {},
      "timestamp": "0"
    },
    {
      "line": "(gold)",
      "annotations": {},
      "timestamp": "0"
    },
    {
      "line": "Sinning is the motion",
      "annotations": {},
      "timestamp": "0"
    },
    {
      "line": "Pleading don’t you mention",
      "annotations": {},
      "timestamp": "0"
    },
    {
      "line": "I’m nеver letting you near my soul",
      "annotations": {},
      "timestamp": "0"
    },
    {
      "line": "For a moment I thought you were the one for me",
      "annotations": {},
      "timestamp": "0"
    },
    {
      "line": "Light it up",
      "annotations": {},
      "timestamp": "0"
    },
    {
      "line": "Burn it down",
      "annotations": {},
      "timestamp": "0"
    },
    {
      "line": "You’re not the one for me",
      "annotations": {},
      "timestamp": "0"
    },
    {
      "line": "(money stops)",
      "annotations": {},
      "timestamp": "0"
    },
    {
      "line": "Money never stops",
      "annotations": {},
      "timestamp": "0"
    },
    {
      "line": "(nothing)",
      "annotations": {},
      "timestamp": "0"
    },
    {
      "line": "Ballin to the top",
      "annotations": {},
      "timestamp": "0"
    },
    {
      "line": "Nut it at your level",
      "annotations": {},
      "timestamp": "0"
    },
    {
      "line": "Name your spot",
      "annotations": {},
      "timestamp": "0"
    }
  ]
}