{
  "song_title": "Our fall",
  "writer": "Frith Hilton",
  "release_date": "January 14, 2023",
  "cover": "https://frithhilton.com.ng/musicpool/covers/7/167.jpg",
  "mp3_url": "https://frithhilton.com.ng/mp3/7/20.) Our fall.mp3",
  "duration": 121.39102040816327,
  "id": "167",
  "lyrics": [
    {
      "line": "[Intro]",
      "annotations": {},
      "timestamp": "0"
    },
    {
      "line": "How you gonna tell me",
      "annotations": {},
      "timestamp": "0"
    },
    {
      "line": "That you need it",
      "annotations": {},
      "timestamp": "0"
    },
    {
      "line": "How you gonna tell me",
      "annotations": {},
      "timestamp": "0"
    },
    {
      "line": "That you miss it",
      "annotations": {},
      "timestamp": "0"
    },
    {
      "line": "How you gonna tell me",
      "annotations": {},
      "timestamp": "0"
    },
    {
      "line": "That you miss me",
      "annotations": {},
      "timestamp": "0"
    },
    {
      "line": "How you gonna tell me",
      "annotations": {},
      "timestamp": "0"
    },
    {
      "line": "That you need it",
      "annotations": {},
      "timestamp": "0"
    },
    {
      "line": "",
      "annotations": {},
      "timestamp": "0"
    },
    {
      "line": "[Verse 1]",
      "annotations": {},
      "timestamp": "0"
    },
    {
      "line": "We go through these conversations",
      "annotations": {},
      "timestamp": "0"
    },
    {
      "line": "I tell you how I feel",
      "annotations": {},
      "timestamp": "0"
    },
    {
      "line": "You say you missed at the mirror",
      "annotations": {},
      "timestamp": "0"
    },
    {
      "line": "The way you feel",
      "annotations": {},
      "timestamp": "0"
    },
    {
      "line": "The hush",
      "annotations": {},
      "timestamp": "0"
    },
    {
      "line": "All you healed",
      "annotations": {},
      "timestamp": "0"
    },
    {
      "line": "Mine still stays fettered",
      "annotations": {},
      "timestamp": "0"
    },
    {
      "line": "Holly’s holocene",
      "annotations": {},
      "timestamp": "0"
    },
    {
      "line": "We’re fairing",
      "annotations": {},
      "timestamp": "0"
    },
    {
      "line": "I’m that fairy lean",
      "annotations": {},
      "timestamp": "0"
    },
    {
      "line": "Fill up, if we’re evading",
      "annotations": {},
      "timestamp": "0"
    },
    {
      "line": "",
      "annotations": {},
      "timestamp": "0"
    },
    {
      "line": "[Bridge]",
      "annotations": {},
      "timestamp": "0"
    },
    {
      "line": "Faulting, it’s your forte",
      "annotations": {},
      "timestamp": "0"
    },
    {
      "line": "",
      "annotations": {},
      "timestamp": "0"
    },
    {
      "line": "[Chorus]",
      "annotations": {},
      "timestamp": "0"
    },
    {
      "line": "How you gonna tell me",
      "annotations": {},
      "timestamp": "0"
    },
    {
      "line": "That you need it",
      "annotations": {},
      "timestamp": "0"
    },
    {
      "line": "Oh h ll",
      "annotations": {},
      "timestamp": "0"
    },
    {
      "line": "It’s still the same thing",
      "annotations": {},
      "timestamp": "0"
    },
    {
      "line": "I’ll still say",
      "annotations": {},
      "timestamp": "0"
    },
    {
      "line": "You are the reason for our fall",
      "annotations": {},
      "timestamp": "0"
    },
    {
      "line": "How you gonna tell mе",
      "annotations": {},
      "timestamp": "0"
    },
    {
      "line": "That you need it",
      "annotations": {},
      "timestamp": "0"
    },
    {
      "line": "Oh h ll",
      "annotations": {},
      "timestamp": "0"
    },
    {
      "line": "It’s still the same thing",
      "annotations": {},
      "timestamp": "0"
    },
    {
      "line": "I’ll still say",
      "annotations": {},
      "timestamp": "0"
    },
    {
      "line": "You arе the reason for our fall",
      "annotations": {},
      "timestamp": "0"
    }
  ]
}