{
  "song_title": "Purpose",
  "writer": "Frith Hilton",
  "release_date": "January 14, 2023",
  "cover": "https://frithhilton.com.ng/musicpool/covers/7/169.jpg",
  "mp3_url": "https://frithhilton.com.ng/mp3/7/22.) Purpose.mp3",
  "duration": 109.84489795918367,
  "id": "169",
  "lyrics": [
    {
      "line": "[Chorus]",
      "annotations": {},
      "timestamp": "0"
    },
    {
      "line": "Young boy with purpose",
      "annotations": {},
      "timestamp": "0"
    },
    {
      "line": "Your alarm is purpose",
      "annotations": {},
      "timestamp": "0"
    },
    {
      "line": "Purpose",
      "annotations": {},
      "timestamp": "0"
    },
    {
      "line": "Demola it is purpose",
      "annotations": {},
      "timestamp": "0"
    },
    {
      "line": "Purpose",
      "annotations": {},
      "timestamp": "0"
    },
    {
      "line": "Your alarm is purpose",
      "annotations": {},
      "timestamp": "0"
    },
    {
      "line": "Purpose",
      "annotations": {},
      "timestamp": "0"
    },
    {
      "line": "Demola it is",
      "annotations": {},
      "timestamp": "0"
    },
    {
      "line": "",
      "annotations": {},
      "timestamp": "0"
    },
    {
      "line": "[Verse 1]",
      "annotations": {},
      "timestamp": "0"
    },
    {
      "line": "The time counts",
      "annotations": {},
      "timestamp": "0"
    },
    {
      "line": "The day grinds",
      "annotations": {},
      "timestamp": "0"
    },
    {
      "line": "And my love",
      "annotations": {},
      "timestamp": "0"
    },
    {
      "line": "Doesn’t ever expire",
      "annotations": {},
      "timestamp": "0"
    },
    {
      "line": "My touch is something",
      "annotations": {},
      "timestamp": "0"
    },
    {
      "line": "Like perspiring",
      "annotations": {},
      "timestamp": "0"
    },
    {
      "line": "I’m not giving up now",
      "annotations": {},
      "timestamp": "0"
    },
    {
      "line": "Know what’s the time",
      "annotations": {},
      "timestamp": "0"
    },
    {
      "line": "Candy now",
      "annotations": {},
      "timestamp": "0"
    },
    {
      "line": "You need some way",
      "annotations": {},
      "timestamp": "0"
    },
    {
      "line": "That’s moving now",
      "annotations": {},
      "timestamp": "0"
    },
    {
      "line": "At home",
      "annotations": {},
      "timestamp": "0"
    },
    {
      "line": "Just gotta have a tape in",
      "annotations": {},
      "timestamp": "0"
    },
    {
      "line": "My covenant with living",
      "annotations": {},
      "timestamp": "0"
    },
    {
      "line": "If you’re a sage",
      "annotations": {},
      "timestamp": "0"
    },
    {
      "line": "Capital will save you a run",
      "annotations": {},
      "timestamp": "0"
    },
    {
      "line": "I’m on",
      "annotations": {},
      "timestamp": "0"
    },
    {
      "line": "I’m morn",
      "annotations": {},
      "timestamp": "0"
    },
    {
      "line": "I’m on a hobby",
      "annotations": {},
      "timestamp": "0"
    },
    {
      "line": "A tale",
      "annotations": {},
      "timestamp": "0"
    },
    {
      "line": "If I come around",
      "annotations": {},
      "timestamp": "0"
    },
    {
      "line": "I’ll save you a trail",
      "annotations": {},
      "timestamp": "0"
    },
    {
      "line": "If I keep my love",
      "annotations": {},
      "timestamp": "0"
    },
    {
      "line": "Cinched to you",
      "annotations": {},
      "timestamp": "0"
    },
    {
      "line": "",
      "annotations": {},
      "timestamp": "0"
    },
    {
      "line": "[Bridge]",
      "annotations": {},
      "timestamp": "0"
    },
    {
      "line": "I’m not singing for anyone",
      "annotations": {},
      "timestamp": "0"
    },
    {
      "line": "In particular",
      "annotations": {},
      "timestamp": "0"
    },
    {
      "line": "It is just like",
      "annotations": {},
      "timestamp": "0"
    },
    {
      "line": "I never get the anon",
      "annotations": {},
      "timestamp": "0"
    },
    {
      "line": "So it is .",
      "annotations": {},
      "timestamp": "0"
    },
    {
      "line": "It is likе ah .",
      "annotations": {},
      "timestamp": "0"
    },
    {
      "line": "Is it a smiling dove",
      "annotations": {},
      "timestamp": "0"
    },
    {
      "line": "You know",
      "annotations": {},
      "timestamp": "0"
    },
    {
      "line": "Like singing for a dove",
      "annotations": {},
      "timestamp": "0"
    },
    {
      "line": "(giggling)",
      "annotations": {},
      "timestamp": "0"
    },
    {
      "line": "",
      "annotations": {},
      "timestamp": "0"
    },
    {
      "line": "[Chorus]",
      "annotations": {},
      "timestamp": "0"
    },
    {
      "line": "Young boy it is purposе",
      "annotations": {},
      "timestamp": "0"
    },
    {
      "line": "Purpose",
      "annotations": {},
      "timestamp": "0"
    },
    {
      "line": "Your alarm is purpose",
      "annotations": {},
      "timestamp": "0"
    },
    {
      "line": "Purpose",
      "annotations": {},
      "timestamp": "0"
    },
    {
      "line": "Young boy it is purpose",
      "annotations": {},
      "timestamp": "0"
    },
    {
      "line": "Purpose",
      "annotations": {},
      "timestamp": "0"
    },
    {
      "line": "Your alarm is coming",
      "annotations": {},
      "timestamp": "0"
    },
    {
      "line": "Coming",
      "annotations": {},
      "timestamp": "0"
    },
    {
      "line": "Young boy it is",
      "annotations": {},
      "timestamp": "0"
    }
  ]
}