{
  "song_title": "Mound gold",
  "writer": "Frith Hilton",
  "release_date": "January 7, 2023",
  "cover": "https://frithhilton.com.ng/musicpool/covers/7/171.jpg",
  "mp3_url": "https://frithhilton.com.ng/mp3/7/24. Mound gold.mp3",
  "duration": 139.67673469387756,
  "id": "171",
  "lyrics": [
    {
      "line": "[Verse 1]",
      "annotations": {},
      "timestamp": "0"
    },
    {
      "line": "It’s no biggy now",
      "annotations": {},
      "timestamp": "0"
    },
    {
      "line": "We just kicked it off",
      "annotations": {},
      "timestamp": "0"
    },
    {
      "line": "From the start",
      "annotations": {},
      "timestamp": "0"
    },
    {
      "line": "With a text",
      "annotations": {},
      "timestamp": "0"
    },
    {
      "line": "And I told you",
      "annotations": {},
      "timestamp": "0"
    },
    {
      "line": "How I felt",
      "annotations": {},
      "timestamp": "0"
    },
    {
      "line": "And I h  rd your mind",
      "annotations": {},
      "timestamp": "0"
    },
    {
      "line": "The hall dating",
      "annotations": {},
      "timestamp": "0"
    },
    {
      "line": "Now you should know",
      "annotations": {},
      "timestamp": "0"
    },
    {
      "line": "That love don’t have to",
      "annotations": {},
      "timestamp": "0"
    },
    {
      "line": "Till my heart",
      "annotations": {},
      "timestamp": "0"
    },
    {
      "line": "It is already like a door",
      "annotations": {},
      "timestamp": "0"
    },
    {
      "line": "I told you my gun nozzle know",
      "annotations": {},
      "timestamp": "0"
    },
    {
      "line": "No it doesn’t",
      "annotations": {},
      "timestamp": "0"
    },
    {
      "line": "Laced in love",
      "annotations": {},
      "timestamp": "0"
    },
    {
      "line": "Her mound gold",
      "annotations": {},
      "timestamp": "0"
    },
    {
      "line": "The court about the yoga",
      "annotations": {},
      "timestamp": "0"
    },
    {
      "line": "Merry go move",
      "annotations": {},
      "timestamp": "0"
    },
    {
      "line": "My love for you girl",
      "annotations": {},
      "timestamp": "0"
    },
    {
      "line": "It’s nothing but a fawn",
      "annotations": {},
      "timestamp": "0"
    },
    {
      "line": "Nothing but a fawn girl",
      "annotations": {},
      "timestamp": "0"
    },
    {
      "line": "It is nothing but a fawn",
      "annotations": {},
      "timestamp": "0"
    },
    {
      "line": "Told you dear",
      "annotations": {},
      "timestamp": "0"
    },
    {
      "line": "A day if you are",
      "annotations": {},
      "timestamp": "0"
    },
    {
      "line": "I’ma take a fair run",
      "annotations": {},
      "timestamp": "0"
    },
    {
      "line": "To your roach . . . divan",
      "annotations": {},
      "timestamp": "0"
    },
    {
      "line": "I say nah",
      "annotations": {},
      "timestamp": "0"
    },
    {
      "line": "Our love in this city",
      "annotations": {},
      "timestamp": "0"
    },
    {
      "line": "How hot",
      "annotations": {},
      "timestamp": "0"
    },
    {
      "line": "If you hear this",
      "annotations": {},
      "timestamp": "0"
    },
    {
      "line": "Our love in the serene",
      "annotations": {},
      "timestamp": "0"
    },
    {
      "line": "I love what you’re saying",
      "annotations": {},
      "timestamp": "0"
    },
    {
      "line": "Oh if they say",
      "annotations": {},
      "timestamp": "0"
    },
    {
      "line": "Feels like you are the one",
      "annotations": {},
      "timestamp": "0"
    },
    {
      "line": "Oh if they say he is the one",
      "annotations": {},
      "timestamp": "0"
    },
    {
      "line": "Till you as a conе",
      "annotations": {},
      "timestamp": "0"
    },
    {
      "line": "If we realize that",
      "annotations": {},
      "timestamp": "0"
    },
    {
      "line": "Wе two if we undo",
      "annotations": {},
      "timestamp": "0"
    },
    {
      "line": "We are a cone",
      "annotations": {},
      "timestamp": "0"
    },
    {
      "line": "Was it to worry you",
      "annotations": {},
      "timestamp": "0"
    }
  ]
}