{
  "song_title": "Cull sigh",
  "writer": "Frith Hilton",
  "release_date": "January 28, 2023",
  "cover": "https://frithhilton.com.ng/musicpool/covers/7/175.jpg",
  "mp3_url": "https://frithhilton.com.ng/mp3/7/28.) Cull sigh.mp3",
  "duration": 120.24163265306123,
  "id": "175",
  "lyrics": [
    {
      "line": "[Verse 1]",
      "annotations": {},
      "timestamp": "0"
    },
    {
      "line": "Does it feel like",
      "annotations": {},
      "timestamp": "0"
    },
    {
      "line": "We fell in love over christmas",
      "annotations": {},
      "timestamp": "0"
    },
    {
      "line": "I know if you say",
      "annotations": {},
      "timestamp": "0"
    },
    {
      "line": "Love or the piste sins",
      "annotations": {},
      "timestamp": "0"
    },
    {
      "line": "I’m on my way, and I'm going check the thesis",
      "annotations": {},
      "timestamp": "0"
    },
    {
      "line": "Our love in the sole",
      "annotations": {},
      "timestamp": "0"
    },
    {
      "line": "Like a wrist tease",
      "annotations": {},
      "timestamp": "0"
    },
    {
      "line": "Oh, only the one",
      "annotations": {},
      "timestamp": "0"
    },
    {
      "line": "Girl you should know",
      "annotations": {},
      "timestamp": "0"
    },
    {
      "line": "This is soul",
      "annotations": {},
      "timestamp": "0"
    },
    {
      "line": "Ride on my mind like a fool",
      "annotations": {},
      "timestamp": "0"
    },
    {
      "line": "And it is scheming right at you",
      "annotations": {},
      "timestamp": "0"
    },
    {
      "line": "Cull sigh",
      "annotations": {},
      "timestamp": "0"
    },
    {
      "line": "Talk to me, even a lie",
      "annotations": {},
      "timestamp": "0"
    },
    {
      "line": "Talk to me rile",
      "annotations": {},
      "timestamp": "0"
    },
    {
      "line": "You know you, you run",
      "annotations": {},
      "timestamp": "0"
    },
    {
      "line": "Ransom by",
      "annotations": {},
      "timestamp": "0"
    },
    {
      "line": "Girl no, it’s on pi",
      "annotations": {},
      "timestamp": "0"
    },
    {
      "line": "Oh, I’ll hold your hand",
      "annotations": {},
      "timestamp": "0"
    }
  ]
}