{
  "duration": 150.465306122449,
  "song_title": "I’m on air",
  "writer": "Frith Hilton",
  "release_date": "January 31, 2023",
  "cover": "https://frithhilton.com.ng/musicpool/covers/7/176.jpg",
  "id": "176",
  "lyrics": [
    {
      "line": "[Intro]",
      "annotations": {},
      "timestamp": "0"
    },
    {
      "line": "Check one, two",
      "annotations": {},
      "timestamp": "0"
    },
    {
      "line": "Please don’t be mad",
      "annotations": {},
      "timestamp": "0"
    },
    {
      "line": "This won’t take more than two minutes",
      "annotations": {},
      "timestamp": "0"
    },
    {
      "line": "I just need a take",
      "annotations": {},
      "timestamp": "0"
    },
    {
      "line": "I’m on air",
      "annotations": {},
      "timestamp": "0"
    },
    {
      "line": "Oh I just need to say it",
      "annotations": {},
      "timestamp": "0"
    },
    {
      "line": "Girl I'm right here",
      "annotations": {},
      "timestamp": "0"
    },
    {
      "line": "",
      "annotations": {},
      "timestamp": "0"
    },
    {
      "line": "[Verse 1]",
      "annotations": {},
      "timestamp": "0"
    },
    {
      "line": "Treating you like a slag",
      "annotations": {},
      "timestamp": "0"
    },
    {
      "line": "Over what doesn’t have a past",
      "annotations": {},
      "timestamp": "0"
    },
    {
      "line": "Do I need it",
      "annotations": {},
      "timestamp": "0"
    },
    {
      "line": "Recall my words fast",
      "annotations": {},
      "timestamp": "0"
    },
    {
      "line": "Tip back this door path",
      "annotations": {},
      "timestamp": "0"
    },
    {
      "line": "I don’t wanna say it yet",
      "annotations": {},
      "timestamp": "0"
    },
    {
      "line": "Who I lied to",
      "annotations": {},
      "timestamp": "0"
    },
    {
      "line": "Two hearts playing on my band",
      "annotations": {},
      "timestamp": "0"
    },
    {
      "line": "Oh no, I don’t wanna say it to you",
      "annotations": {},
      "timestamp": "0"
    },
    {
      "line": "How I feel",
      "annotations": {},
      "timestamp": "0"
    },
    {
      "line": "The way I am weighted",
      "annotations": {},
      "timestamp": "0"
    },
    {
      "line": "The way you fell",
      "annotations": {},
      "timestamp": "0"
    },
    {
      "line": "You have a habit",
      "annotations": {},
      "timestamp": "0"
    },
    {
      "line": "I’m the fool coming here, ah!",
      "annotations": {},
      "timestamp": "0"
    },
    {
      "line": "Ever something holding me",
      "annotations": {},
      "timestamp": "0"
    },
    {
      "line": "Take her",
      "annotations": {},
      "timestamp": "0"
    },
    {
      "line": "damn, I’ll pay",
      "annotations": {},
      "timestamp": "0"
    },
    {
      "line": "It’s the doom, when me stuck",
      "annotations": {},
      "timestamp": "0"
    },
    {
      "line": "At the ground",
      "annotations": {},
      "timestamp": "0"
    },
    {
      "line": "With some beggar brother",
      "annotations": {},
      "timestamp": "0"
    },
    {
      "line": "Oh no, I don’t want her back ah",
      "annotations": {},
      "timestamp": "0"
    },
    {
      "line": "No, I don’t want hеr back",
      "annotations": {},
      "timestamp": "0"
    },
    {
      "line": "I am sorry",
      "annotations": {},
      "timestamp": "0"
    },
    {
      "line": "Oh maybe I am caught up in my head",
      "annotations": {},
      "timestamp": "0"
    },
    {
      "line": "Probably, the way thеy’ll never harp",
      "annotations": {},
      "timestamp": "0"
    },
    {
      "line": "Feeling like a . . .",
      "annotations": {},
      "timestamp": "0"
    },
    {
      "line": "It’s a drag",
      "annotations": {},
      "timestamp": "0"
    },
    {
      "line": "It’s a drag",
      "annotations": {},
      "timestamp": "0"
    },
    {
      "line": "It’s the tracks",
      "annotations": {},
      "timestamp": "0"
    },
    {
      "line": "Holding my mind",
      "annotations": {},
      "timestamp": "0"
    },
    {
      "line": "Got me feeling like I'm wack",
      "annotations": {},
      "timestamp": "0"
    },
    {
      "line": "Oh no, yeah, she got me feeling wack",
      "annotations": {},
      "timestamp": "0"
    },
    {
      "line": "All over again",
      "annotations": {},
      "timestamp": "0"
    },
    {
      "line": "",
      "annotations": {},
      "timestamp": "0"
    },
    {
      "line": "[Outro]",
      "annotations": {},
      "timestamp": "0"
    },
    {
      "line": "It’s going",
      "annotations": {},
      "timestamp": "0"
    },
    {
      "line": "He’s coming",
      "annotations": {},
      "timestamp": "0"
    },
    {
      "line": "It never stops, it never stops, it never stops",
      "annotations": {},
      "timestamp": "0"
    },
    {
      "line": "It’s going, it’s going, it never stops",
      "annotations": {},
      "timestamp": "0"
    },
    {
      "line": "It never stops",
      "annotations": {},
      "timestamp": "0"
    },
    {
      "line": "My emotions are for you",
      "annotations": {},
      "timestamp": "0"
    },
    {
      "line": "Sorry, if it doesn’t come vast",
      "annotations": {},
      "timestamp": "0"
    },
    {
      "line": "Sorry if the pace ain’t low",
      "annotations": {},
      "timestamp": "0"
    },
    {
      "line": "Discrete the wall",
      "annotations": {},
      "timestamp": "0"
    },
    {
      "line": "Every, giving, you’re lured",
      "annotations": {},
      "timestamp": "0"
    }
  ]
}