{
  "song_title": "Bread",
  "writer": "Frith Hilton",
  "release_date": "January 31, 2023",
  "cover": "https://frithhilton.com.ng/musicpool/covers/7/177.jpg",
  "mp3_url": "rando.com.ng/mp3/7/30.) Bread.mp3",
  "duration": 90.07020408163265,
  "id": "177",
  "lyrics": [
    {
      "line": "[Verse 1]",
      "annotations": {},
      "timestamp": "0"
    },
    {
      "line": "Too cool her breed",
      "annotations": {},
      "timestamp": "0"
    },
    {
      "line": "Got me feeling I need a stitch",
      "annotations": {},
      "timestamp": "0"
    },
    {
      "line": "(yeah)",
      "annotations": {},
      "timestamp": "0"
    },
    {
      "line": "Too cool her breed",
      "annotations": {},
      "timestamp": "0"
    },
    {
      "line": "Got me feeling a Nigga need to reach",
      "annotations": {},
      "timestamp": "0"
    },
    {
      "line": "(reach)",
      "annotations": {},
      "timestamp": "0"
    },
    {
      "line": "Dollars in money got me feeling good",
      "annotations": {},
      "timestamp": "0"
    },
    {
      "line": "(good, good)",
      "annotations": {},
      "timestamp": "0"
    },
    {
      "line": "K!ll my time and secure the bill",
      "annotations": {},
      "timestamp": "0"
    },
    {
      "line": "(well)",
      "annotations": {},
      "timestamp": "0"
    },
    {
      "line": "All these money got my feeling girl",
      "annotations": {},
      "timestamp": "0"
    },
    {
      "line": "(girl)",
      "annotations": {},
      "timestamp": "0"
    },
    {
      "line": "Got my kid ink",
      "annotations": {},
      "timestamp": "0"
    },
    {
      "line": "Disappear the pun",
      "annotations": {},
      "timestamp": "0"
    },
    {
      "line": "(woo)",
      "annotations": {},
      "timestamp": "0"
    },
    {
      "line": "She never had it tatted",
      "annotations": {},
      "timestamp": "0"
    },
    {
      "line": "(tatted, tattoo)",
      "annotations": {},
      "timestamp": "0"
    },
    {
      "line": "I’ma skim her and chafe her",
      "annotations": {},
      "timestamp": "0"
    },
    {
      "line": "Like you ain’t in trouble",
      "annotations": {},
      "timestamp": "0"
    },
    {
      "line": "But you got in",
      "annotations": {},
      "timestamp": "0"
    },
    {
      "line": "(yeah, woo woo woo woo)",
      "annotations": {},
      "timestamp": "0"
    },
    {
      "line": "Her initials double pow",
      "annotations": {},
      "timestamp": "0"
    },
    {
      "line": "(p.g)",
      "annotations": {},
      "timestamp": "0"
    },
    {
      "line": "Doesn’t matter we could rate it like",
      "annotations": {},
      "timestamp": "0"
    },
    {
      "line": "Tell no one, ain’t it",
      "annotations": {},
      "timestamp": "0"
    },
    {
      "line": "(where is daddy?)",
      "annotations": {},
      "timestamp": "0"
    },
    {
      "line": "For good, for god",
      "annotations": {},
      "timestamp": "0"
    },
    {
      "line": "(aye!)",
      "annotations": {},
      "timestamp": "0"
    },
    {
      "line": "Ovеr here I had",
      "annotations": {},
      "timestamp": "0"
    },
    {
      "line": "Now I handle thеm like a zol",
      "annotations": {},
      "timestamp": "0"
    },
    {
      "line": "(soaring, soaring, soaring)",
      "annotations": {},
      "timestamp": "0"
    },
    {
      "line": "For a girl, for god",
      "annotations": {},
      "timestamp": "0"
    },
    {
      "line": "I try to learn her taste",
      "annotations": {},
      "timestamp": "0"
    },
    {
      "line": "And I have it like that",
      "annotations": {},
      "timestamp": "0"
    },
    {
      "line": "To call her bread",
      "annotations": {},
      "timestamp": "0"
    },
    {
      "line": "(too cool her breed)",
      "annotations": {},
      "timestamp": "0"
    },
    {
      "line": "To call her bread",
      "annotations": {},
      "timestamp": "0"
    },
    {
      "line": "To call her bread",
      "annotations": {},
      "timestamp": "0"
    },
    {
      "line": "(too cool her breed)",
      "annotations": {},
      "timestamp": "0"
    },
    {
      "line": "To call her bread",
      "annotations": {},
      "timestamp": "0"
    },
    {
      "line": "(uh)",
      "annotations": {},
      "timestamp": "0"
    },
    {
      "line": "To call her bread is to oh live on",
      "annotations": {},
      "timestamp": "0"
    }
  ]
}