{
  "song_title": "I pray",
  "writer": "Frith Hilton",
  "release_date": "February 5, 2023",
  "cover": "https://frithhilton.com.ng/musicpool/covers/7/178.jpg",
  "mp3_url": "https://frithhilton.com.ng/mp3/7/31.) I pray.mp3",
  "duration": 168.46367346938774,
  "id": "178",
  "lyrics": [
    {
      "line": "[Intro]",
      "annotations": {},
      "timestamp": "0"
    },
    {
      "line": "Yup",
      "annotations": {},
      "timestamp": "0"
    },
    {
      "line": "Never get it right",
      "annotations": {},
      "timestamp": "0"
    },
    {
      "line": "Something like I'm tossing in my brain",
      "annotations": {},
      "timestamp": "0"
    },
    {
      "line": "And I get a quarter, a payday",
      "annotations": {},
      "timestamp": "0"
    },
    {
      "line": "Eh?",
      "annotations": {},
      "timestamp": "0"
    },
    {
      "line": "",
      "annotations": {},
      "timestamp": "0"
    },
    {
      "line": "[Verse 1]",
      "annotations": {},
      "timestamp": "0"
    },
    {
      "line": "It is slim grate",
      "annotations": {},
      "timestamp": "0"
    },
    {
      "line": "With my fucking lady",
      "annotations": {},
      "timestamp": "0"
    },
    {
      "line": "I don’t ever say it",
      "annotations": {},
      "timestamp": "0"
    },
    {
      "line": "I just pace and paste it",
      "annotations": {},
      "timestamp": "0"
    },
    {
      "line": "How many? have a taste",
      "annotations": {},
      "timestamp": "0"
    },
    {
      "line": "Feels like something",
      "annotations": {},
      "timestamp": "0"
    },
    {
      "line": "I can’t get a phase off",
      "annotations": {},
      "timestamp": "0"
    },
    {
      "line": "I’ma just give a pickle weather",
      "annotations": {},
      "timestamp": "0"
    },
    {
      "line": "Take a whole",
      "annotations": {},
      "timestamp": "0"
    },
    {
      "line": "Holding out",
      "annotations": {},
      "timestamp": "0"
    },
    {
      "line": "Nasty, quilts top shit",
      "annotations": {},
      "timestamp": "0"
    },
    {
      "line": "I’m not slovenly, I'm just cuddling",
      "annotations": {},
      "timestamp": "0"
    },
    {
      "line": "I’m just a sovereign, a lean",
      "annotations": {},
      "timestamp": "0"
    },
    {
      "line": "Am I overly holding all my thoughts",
      "annotations": {},
      "timestamp": "0"
    },
    {
      "line": "",
      "annotations": {},
      "timestamp": "0"
    },
    {
      "line": "[Chorus]",
      "annotations": {},
      "timestamp": "0"
    },
    {
      "line": "I pray",
      "annotations": {},
      "timestamp": "0"
    },
    {
      "line": "When it sink it down",
      "annotations": {},
      "timestamp": "0"
    },
    {
      "line": "I pray",
      "annotations": {},
      "timestamp": "0"
    },
    {
      "line": "Hollers in the rear",
      "annotations": {},
      "timestamp": "0"
    },
    {
      "line": "When you look up in it",
      "annotations": {},
      "timestamp": "0"
    },
    {
      "line": "I pray",
      "annotations": {},
      "timestamp": "0"
    },
    {
      "line": "I can’t get enough, I see it",
      "annotations": {},
      "timestamp": "0"
    },
    {
      "line": "I pray",
      "annotations": {},
      "timestamp": "0"
    },
    {
      "line": "Suckling in the sum reign",
      "annotations": {},
      "timestamp": "0"
    },
    {
      "line": "Oh ah ah",
      "annotations": {},
      "timestamp": "0"
    },
    {
      "line": "Sweating money getter",
      "annotations": {},
      "timestamp": "0"
    },
    {
      "line": "You can’t get it right",
      "annotations": {},
      "timestamp": "0"
    },
    {
      "line": "Oh ah ah",
      "annotations": {},
      "timestamp": "0"
    },
    {
      "line": "Beat her like the last",
      "annotations": {},
      "timestamp": "0"
    },
    {
      "line": "Take her to my hotel",
      "annotations": {},
      "timestamp": "0"
    },
    {
      "line": "We paid to get in",
      "annotations": {},
      "timestamp": "0"
    },
    {
      "line": "(laughter)",
      "annotations": {},
      "timestamp": "0"
    },
    {
      "line": "",
      "annotations": {},
      "timestamp": "0"
    },
    {
      "line": "[Verse 2]",
      "annotations": {},
      "timestamp": "0"
    },
    {
      "line": "Hey",
      "annotations": {},
      "timestamp": "0"
    },
    {
      "line": "Figure it out like a stove in",
      "annotations": {},
      "timestamp": "0"
    },
    {
      "line": "I’m not even reporting",
      "annotations": {},
      "timestamp": "0"
    },
    {
      "line": "I just take her, no recording it",
      "annotations": {},
      "timestamp": "0"
    },
    {
      "line": "I’m just solving it, like eden, ain’t it",
      "annotations": {},
      "timestamp": "0"
    },
    {
      "line": "I’m not even a fed head",
      "annotations": {},
      "timestamp": "0"
    },
    {
      "line": "It is just loving on her kid head",
      "annotations": {},
      "timestamp": "0"
    },
    {
      "line": "Oh my vid set, had to take it on her plinth",
      "annotations": {},
      "timestamp": "0"
    },
    {
      "line": "To the back",
      "annotations": {},
      "timestamp": "0"
    },
    {
      "line": "Told her I was not even for the ride ache",
      "annotations": {},
      "timestamp": "0"
    },
    {
      "line": "Swimming pool leg",
      "annotations": {},
      "timestamp": "0"
    },
    {
      "line": "No gravity",
      "annotations": {},
      "timestamp": "0"
    },
    {
      "line": "(yeah)",
      "annotations": {},
      "timestamp": "0"
    },
    {
      "line": "All these bridals on me",
      "annotations": {},
      "timestamp": "0"
    },
    {
      "line": "Take a fake, do defending",
      "annotations": {},
      "timestamp": "0"
    },
    {
      "line": "Oh shit, they ain’t your man",
      "annotations": {},
      "timestamp": "0"
    },
    {
      "line": "(I'm not even your man)",
      "annotations": {},
      "timestamp": "0"
    },
    {
      "line": "Got enough, already",
      "annotations": {},
      "timestamp": "0"
    },
    {
      "line": "I say over and over",
      "annotations": {},
      "timestamp": "0"
    },
    {
      "line": "She gotta l!ck it like tuba in her",
      "annotations": {},
      "timestamp": "0"
    },
    {
      "line": "I’m serving her water, I l!ck",
      "annotations": {},
      "timestamp": "0"
    },
    {
      "line": "This ain’t over, we audited",
      "annotations": {},
      "timestamp": "0"
    },
    {
      "line": "(laughter)",
      "annotations": {},
      "timestamp": "0"
    }
  ]
}