{
  "song_title": "My fantasy",
  "writer": "Frith Hilton",
  "release_date": "February 12, 2023",
  "cover": "https://frithhilton.com.ng/musicpool/covers/7/179.jpg",
  "mp3_url": "https://frithhilton.com.ng/mp3/7/32.) My fantasy.mp3",
  "duration": 154.2269387755102,
  "id": "179",
  "lyrics": [
    {
      "line": "[Intro]",
      "annotations": {},
      "timestamp": "0"
    },
    {
      "line": "See me moving on",
      "annotations": {},
      "timestamp": "0"
    },
    {
      "line": "With my sore",
      "annotations": {},
      "timestamp": "0"
    },
    {
      "line": "See me moving on",
      "annotations": {},
      "timestamp": "0"
    },
    {
      "line": "Weak à la",
      "annotations": {},
      "timestamp": "0"
    },
    {
      "line": "",
      "annotations": {},
      "timestamp": "0"
    },
    {
      "line": "[Verse 1]",
      "annotations": {},
      "timestamp": "0"
    },
    {
      "line": "My top is on",
      "annotations": {},
      "timestamp": "0"
    },
    {
      "line": "It say, something like this is fun",
      "annotations": {},
      "timestamp": "0"
    },
    {
      "line": "Had my heart broken",
      "annotations": {},
      "timestamp": "0"
    },
    {
      "line": "It felt like something I could avoid with a bar",
      "annotations": {},
      "timestamp": "0"
    },
    {
      "line": "But I tucked it",
      "annotations": {},
      "timestamp": "0"
    },
    {
      "line": "Put it in the back",
      "annotations": {},
      "timestamp": "0"
    },
    {
      "line": "And now, for her I dream",
      "annotations": {},
      "timestamp": "0"
    },
    {
      "line": "Fighting for what I believe in",
      "annotations": {},
      "timestamp": "0"
    },
    {
      "line": "Could you talk to me",
      "annotations": {},
      "timestamp": "0"
    },
    {
      "line": "Say hi",
      "annotations": {},
      "timestamp": "0"
    },
    {
      "line": "Tell me something you would buy",
      "annotations": {},
      "timestamp": "0"
    },
    {
      "line": "I feel this shit is real",
      "annotations": {},
      "timestamp": "0"
    },
    {
      "line": "Real, real",
      "annotations": {},
      "timestamp": "0"
    },
    {
      "line": "Lay my love for you",
      "annotations": {},
      "timestamp": "0"
    },
    {
      "line": "Like what I would write for you",
      "annotations": {},
      "timestamp": "0"
    },
    {
      "line": "Like something I would sing for you",
      "annotations": {},
      "timestamp": "0"
    },
    {
      "line": "To hold the town for you",
      "annotations": {},
      "timestamp": "0"
    },
    {
      "line": "",
      "annotations": {},
      "timestamp": "0"
    },
    {
      "line": "[Outro]",
      "annotations": {},
      "timestamp": "0"
    },
    {
      "line": "Could we dance over a pretty moon",
      "annotations": {},
      "timestamp": "0"
    },
    {
      "line": "Could we take a trial on the already doomed",
      "annotations": {},
      "timestamp": "0"
    },
    {
      "line": "Oh, it says something that is just . . .",
      "annotations": {},
      "timestamp": "0"
    },
    {
      "line": "Most sounds like",
      "annotations": {},
      "timestamp": "0"
    },
    {
      "line": "Oh girl, you arе the fancy I live for",
      "annotations": {},
      "timestamp": "0"
    },
    {
      "line": "My heroinе, my forward heaven",
      "annotations": {},
      "timestamp": "0"
    },
    {
      "line": "My fantasy",
      "annotations": {},
      "timestamp": "0"
    }
  ]
}