{
  "song_title": "A nearer echo",
  "writer": "Frith Hilton",
  "release_date": "February 13, 2023",
  "cover": "https://frithhilton.com.ng/musicpool/covers/7/180.jpg",
  "mp3_url": "https://frithhilton.com.ng/mp3/7/33.) A nearer echo.mp3",
  "duration": 202.47510204081632,
  "id": "180",
  "lyrics": [
    {
      "line": "[Intro]",
      "annotations": {},
      "timestamp": "0"
    },
    {
      "line": "Oh, here we go",
      "annotations": {},
      "timestamp": "0"
    },
    {
      "line": "Oh oh",
      "annotations": {},
      "timestamp": "0"
    },
    {
      "line": "",
      "annotations": {},
      "timestamp": "0"
    },
    {
      "line": "[Chorus]",
      "annotations": {},
      "timestamp": "0"
    },
    {
      "line": "Yo, we wasted on the yawn",
      "annotations": {},
      "timestamp": "0"
    },
    {
      "line": "I count the heapy wrong",
      "annotations": {},
      "timestamp": "0"
    },
    {
      "line": "I see it every time",
      "annotations": {},
      "timestamp": "0"
    },
    {
      "line": "It goes and goes",
      "annotations": {},
      "timestamp": "0"
    },
    {
      "line": "And we make a round",
      "annotations": {},
      "timestamp": "0"
    },
    {
      "line": "Youth is wasted on the young",
      "annotations": {},
      "timestamp": "0"
    },
    {
      "line": "I can’t cede it now",
      "annotations": {},
      "timestamp": "0"
    },
    {
      "line": "It grows, a nearer echo",
      "annotations": {},
      "timestamp": "0"
    },
    {
      "line": "Animal, I am on my knees",
      "annotations": {},
      "timestamp": "0"
    },
    {
      "line": "I need you here",
      "annotations": {},
      "timestamp": "0"
    },
    {
      "line": "",
      "annotations": {},
      "timestamp": "0"
    },
    {
      "line": "[Bridge]",
      "annotations": {},
      "timestamp": "0"
    },
    {
      "line": "Closer, told you that I can’t breathe here",
      "annotations": {},
      "timestamp": "0"
    },
    {
      "line": "Exclusive, told you",
      "annotations": {},
      "timestamp": "0"
    },
    {
      "line": "You’re my love",
      "annotations": {},
      "timestamp": "0"
    },
    {
      "line": "Hey pick it up my love",
      "annotations": {},
      "timestamp": "0"
    },
    {
      "line": "",
      "annotations": {},
      "timestamp": "0"
    },
    {
      "line": "[Verse 1]",
      "annotations": {},
      "timestamp": "0"
    },
    {
      "line": "I was flaming being the hero",
      "annotations": {},
      "timestamp": "0"
    },
    {
      "line": "How it feels",
      "annotations": {},
      "timestamp": "0"
    },
    {
      "line": "When I'm stuck in the back of my mind",
      "annotations": {},
      "timestamp": "0"
    },
    {
      "line": "How it feels",
      "annotations": {},
      "timestamp": "0"
    },
    {
      "line": "When I'm caught in the wave form",
      "annotations": {},
      "timestamp": "0"
    },
    {
      "line": "It is dirе",
      "annotations": {},
      "timestamp": "0"
    },
    {
      "line": "Put me on my jewel, a girl",
      "annotations": {},
      "timestamp": "0"
    },
    {
      "line": "You got mе lost",
      "annotations": {},
      "timestamp": "0"
    },
    {
      "line": "In the back of your moves",
      "annotations": {},
      "timestamp": "0"
    },
    {
      "line": "I don’t ever say it",
      "annotations": {},
      "timestamp": "0"
    },
    {
      "line": "I just damn see it again",
      "annotations": {},
      "timestamp": "0"
    },
    {
      "line": "Singing enough",
      "annotations": {},
      "timestamp": "0"
    },
    {
      "line": "Can’t get it out of my head",
      "annotations": {},
      "timestamp": "0"
    },
    {
      "line": "Sometimes, I want to get out",
      "annotations": {},
      "timestamp": "0"
    },
    {
      "line": "And scream it in the air",
      "annotations": {},
      "timestamp": "0"
    },
    {
      "line": "Oh, she’s got my love sop and bounded",
      "annotations": {},
      "timestamp": "0"
    },
    {
      "line": "She’s got my love so grounded",
      "annotations": {},
      "timestamp": "0"
    },
    {
      "line": "I know river is unpounded",
      "annotations": {},
      "timestamp": "0"
    },
    {
      "line": "Say that I love you",
      "annotations": {},
      "timestamp": "0"
    },
    {
      "line": "Our horus, we’ll call it up",
      "annotations": {},
      "timestamp": "0"
    },
    {
      "line": "Or wait that I will do it wiser",
      "annotations": {},
      "timestamp": "0"
    },
    {
      "line": "",
      "annotations": {},
      "timestamp": "0"
    },
    {
      "line": "[Verse 2]",
      "annotations": {},
      "timestamp": "0"
    },
    {
      "line": "Girl you know",
      "annotations": {},
      "timestamp": "0"
    },
    {
      "line": "I’m that mason (oh!)",
      "annotations": {},
      "timestamp": "0"
    },
    {
      "line": "Let me shut you out",
      "annotations": {},
      "timestamp": "0"
    },
    {
      "line": "Let me touch that pretty ass (mariam)",
      "annotations": {},
      "timestamp": "0"
    },
    {
      "line": "I kind of love it",
      "annotations": {},
      "timestamp": "0"
    },
    {
      "line": "If I touch it",
      "annotations": {},
      "timestamp": "0"
    },
    {
      "line": "I’ma fly",
      "annotations": {},
      "timestamp": "0"
    },
    {
      "line": "If I feel it",
      "annotations": {},
      "timestamp": "0"
    },
    {
      "line": "I may get a life",
      "annotations": {},
      "timestamp": "0"
    },
    {
      "line": "Ah!",
      "annotations": {},
      "timestamp": "0"
    },
    {
      "line": "Tell me what you want",
      "annotations": {},
      "timestamp": "0"
    },
    {
      "line": "Feeling like I got it, your door",
      "annotations": {},
      "timestamp": "0"
    },
    {
      "line": "I’m not right for this job they say",
      "annotations": {},
      "timestamp": "0"
    },
    {
      "line": "But I know that",
      "annotations": {},
      "timestamp": "0"
    },
    {
      "line": "I’m on my mode, 3 4 2",
      "annotations": {},
      "timestamp": "0"
    },
    {
      "line": "Like running through this place like",
      "annotations": {},
      "timestamp": "0"
    },
    {
      "line": "Bank, I'ma back you",
      "annotations": {},
      "timestamp": "0"
    },
    {
      "line": "Bank on my money",
      "annotations": {},
      "timestamp": "0"
    },
    {
      "line": "Code, I think",
      "annotations": {},
      "timestamp": "0"
    },
    {
      "line": "A jut, through with it",
      "annotations": {},
      "timestamp": "0"
    },
    {
      "line": "Then say is four, for two",
      "annotations": {},
      "timestamp": "0"
    },
    {
      "line": "",
      "annotations": {},
      "timestamp": "0"
    },
    {
      "line": "[Bridge]",
      "annotations": {},
      "timestamp": "0"
    },
    {
      "line": "Closer, told you that I can’t breathe here",
      "annotations": {},
      "timestamp": "0"
    },
    {
      "line": "Exclusive, told you",
      "annotations": {},
      "timestamp": "0"
    },
    {
      "line": "You’re my love",
      "annotations": {},
      "timestamp": "0"
    },
    {
      "line": "Hey pick it up my love",
      "annotations": {},
      "timestamp": "0"
    },
    {
      "line": "",
      "annotations": {},
      "timestamp": "0"
    },
    {
      "line": "[Chorus]",
      "annotations": {},
      "timestamp": "0"
    },
    {
      "line": "Yo, we wasted on the yawn",
      "annotations": {},
      "timestamp": "0"
    },
    {
      "line": "I count the heapy wrong",
      "annotations": {},
      "timestamp": "0"
    },
    {
      "line": "I see it every time",
      "annotations": {},
      "timestamp": "0"
    },
    {
      "line": "It goes and goes",
      "annotations": {},
      "timestamp": "0"
    },
    {
      "line": "And we make a round",
      "annotations": {},
      "timestamp": "0"
    },
    {
      "line": "Youth is wasted on the young",
      "annotations": {},
      "timestamp": "0"
    },
    {
      "line": "I can’t cede it now",
      "annotations": {},
      "timestamp": "0"
    },
    {
      "line": "It grows, a nearer echo",
      "annotations": {},
      "timestamp": "0"
    },
    {
      "line": "Animal, I am on my knees",
      "annotations": {},
      "timestamp": "0"
    },
    {
      "line": "I need you there",
      "annotations": {},
      "timestamp": "0"
    }
  ]
}