{
  "song_title": "Happy married life",
  "writer": "Frith Hilton",
  "release_date": "December 15, 2022",
  "cover": "https://frithhilton.com.ng/musicpool/covers/7/181.jpg",
  "mp3_url": "https://frithhilton.com.ng/mp3/7/34.) Happy married life.mp3",
  "duration": 186.25306122448978,
  "id": "181",
  "lyrics": [
    {
      "line": "[Verse 1]",
      "annotations": {},
      "timestamp": "0"
    },
    {
      "line": "Will you be the one",
      "annotations": {},
      "timestamp": "0"
    },
    {
      "line": "To sing to my ears",
      "annotations": {},
      "timestamp": "0"
    },
    {
      "line": "In the morning",
      "annotations": {},
      "timestamp": "0"
    },
    {
      "line": "High fur",
      "annotations": {},
      "timestamp": "0"
    },
    {
      "line": "You call the shots",
      "annotations": {},
      "timestamp": "0"
    },
    {
      "line": "Why, for you make me hot",
      "annotations": {},
      "timestamp": "0"
    },
    {
      "line": "Hotter than I can be yeah",
      "annotations": {},
      "timestamp": "0"
    },
    {
      "line": "Hot girl",
      "annotations": {},
      "timestamp": "0"
    },
    {
      "line": "Sheikh the shit girl",
      "annotations": {},
      "timestamp": "0"
    },
    {
      "line": "Your smile, let me lease eh",
      "annotations": {},
      "timestamp": "0"
    },
    {
      "line": "Talk to me like you never had",
      "annotations": {},
      "timestamp": "0"
    },
    {
      "line": "Anybody girl",
      "annotations": {},
      "timestamp": "0"
    },
    {
      "line": "",
      "annotations": {},
      "timestamp": "0"
    },
    {
      "line": "[Bridge]",
      "annotations": {},
      "timestamp": "0"
    },
    {
      "line": "I’m so jealous",
      "annotations": {},
      "timestamp": "0"
    },
    {
      "line": "I’m so jealous",
      "annotations": {},
      "timestamp": "0"
    },
    {
      "line": "When it is in the morning",
      "annotations": {},
      "timestamp": "0"
    },
    {
      "line": "I think I'ma baff for yours",
      "annotations": {},
      "timestamp": "0"
    },
    {
      "line": "I’m so jealous",
      "annotations": {},
      "timestamp": "0"
    },
    {
      "line": "I’m so jealous",
      "annotations": {},
      "timestamp": "0"
    },
    {
      "line": "I think in the morning",
      "annotations": {},
      "timestamp": "0"
    },
    {
      "line": "I’ma be the happiest man",
      "annotations": {},
      "timestamp": "0"
    },
    {
      "line": "",
      "annotations": {},
      "timestamp": "0"
    },
    {
      "line": "[Chorus]",
      "annotations": {},
      "timestamp": "0"
    },
    {
      "line": "Happy married life",
      "annotations": {},
      "timestamp": "0"
    },
    {
      "line": "I just wanna hear it",
      "annotations": {},
      "timestamp": "0"
    },
    {
      "line": "I just wanna hear it",
      "annotations": {},
      "timestamp": "0"
    },
    {
      "line": "I think I'm going",
      "annotations": {},
      "timestamp": "0"
    },
    {
      "line": "Past the point of breakage",
      "annotations": {},
      "timestamp": "0"
    },
    {
      "line": "And I'm free, free, free",
      "annotations": {},
      "timestamp": "0"
    },
    {
      "line": "I am your soldier",
      "annotations": {},
      "timestamp": "0"
    },
    {
      "line": "Twenty four, sеven",
      "annotations": {},
      "timestamp": "0"
    },
    {
      "line": "Let me carry it out okay",
      "annotations": {},
      "timestamp": "0"
    },
    {
      "line": "I am your soldiеr",
      "annotations": {},
      "timestamp": "0"
    },
    {
      "line": "Twenty four seven",
      "annotations": {},
      "timestamp": "0"
    },
    {
      "line": "Let me in, unveil you girl",
      "annotations": {},
      "timestamp": "0"
    },
    {
      "line": "",
      "annotations": {},
      "timestamp": "0"
    },
    {
      "line": "[Verse 2]",
      "annotations": {},
      "timestamp": "0"
    },
    {
      "line": "I’m not here for the other guys",
      "annotations": {},
      "timestamp": "0"
    },
    {
      "line": "I’m just here for your mobile phone",
      "annotations": {},
      "timestamp": "0"
    },
    {
      "line": "Can I check it out",
      "annotations": {},
      "timestamp": "0"
    },
    {
      "line": "You took some couple photos",
      "annotations": {},
      "timestamp": "0"
    },
    {
      "line": "You didn’t send ’em to me",
      "annotations": {},
      "timestamp": "0"
    },
    {
      "line": "Did you think that, I’ll be missing it",
      "annotations": {},
      "timestamp": "0"
    },
    {
      "line": "Cos I'm lost",
      "annotations": {},
      "timestamp": "0"
    },
    {
      "line": "When I'm not with you",
      "annotations": {},
      "timestamp": "0"
    },
    {
      "line": "Lost in my head",
      "annotations": {},
      "timestamp": "0"
    },
    {
      "line": "Thoughts of you",
      "annotations": {},
      "timestamp": "0"
    },
    {
      "line": "Is it good enough",
      "annotations": {},
      "timestamp": "0"
    },
    {
      "line": "If I never write nobody but you",
      "annotations": {},
      "timestamp": "0"
    },
    {
      "line": "I love you",
      "annotations": {},
      "timestamp": "0"
    },
    {
      "line": "Feel so sweet, so good",
      "annotations": {},
      "timestamp": "0"
    },
    {
      "line": "",
      "annotations": {},
      "timestamp": "0"
    },
    {
      "line": "[Outro]",
      "annotations": {},
      "timestamp": "0"
    },
    {
      "line": "Baby girl, it is a happy marriage life",
      "annotations": {},
      "timestamp": "0"
    },
    {
      "line": "It is a happy married life",
      "annotations": {},
      "timestamp": "0"
    },
    {
      "line": "damn, it is a happy married life",
      "annotations": {},
      "timestamp": "0"
    },
    {
      "line": "(laughter)",
      "annotations": {},
      "timestamp": "0"
    },
    {
      "line": "I love you mariam",
      "annotations": {},
      "timestamp": "0"
    }
  ]
}