{
  "song_title": "Polygamy",
  "writer": "Frith Hilton",
  "release_date": "February 15, 2023",
  "cover": "https://frithhilton.com.ng/musicpool/covers/7/182.jpg",
  "mp3_url": "https://frithhilton.com.ng/mp3/7/35.) Polygamy.mp3",
  "duration": 217.49551020408163,
  "id": "182",
  "lyrics": [
    {
      "line": "[Intro]",
      "annotations": {},
      "timestamp": "0"
    },
    {
      "line": "Searching, unto something",
      "annotations": {},
      "timestamp": "0"
    },
    {
      "line": "All day",
      "annotations": {},
      "timestamp": "0"
    },
    {
      "line": "I’m searching for something",
      "annotations": {},
      "timestamp": "0"
    },
    {
      "line": "In my head",
      "annotations": {},
      "timestamp": "0"
    },
    {
      "line": "I’m searching for something",
      "annotations": {},
      "timestamp": "0"
    },
    {
      "line": "All day",
      "annotations": {},
      "timestamp": "0"
    },
    {
      "line": "I’m searching for something",
      "annotations": {},
      "timestamp": "0"
    },
    {
      "line": "In my head you’re a force",
      "annotations": {},
      "timestamp": "0"
    },
    {
      "line": "World day kissing",
      "annotations": {},
      "timestamp": "0"
    },
    {
      "line": "I can’t get it now",
      "annotations": {},
      "timestamp": "0"
    },
    {
      "line": "Roil, they kissing",
      "annotations": {},
      "timestamp": "0"
    },
    {
      "line": "How can I get it now?",
      "annotations": {},
      "timestamp": "0"
    },
    {
      "line": "",
      "annotations": {},
      "timestamp": "0"
    },
    {
      "line": "[Verse 1]",
      "annotations": {},
      "timestamp": "0"
    },
    {
      "line": "I need to prepare the call from you",
      "annotations": {},
      "timestamp": "0"
    },
    {
      "line": "The one that says",
      "annotations": {},
      "timestamp": "0"
    },
    {
      "line": "No, we never move",
      "annotations": {},
      "timestamp": "0"
    },
    {
      "line": "Be right here",
      "annotations": {},
      "timestamp": "0"
    },
    {
      "line": "Ah!",
      "annotations": {},
      "timestamp": "0"
    },
    {
      "line": "I’m not missing it",
      "annotations": {},
      "timestamp": "0"
    },
    {
      "line": "Can I pen it down",
      "annotations": {},
      "timestamp": "0"
    },
    {
      "line": "Can I write it down",
      "annotations": {},
      "timestamp": "0"
    },
    {
      "line": "Saying that I'm here with you",
      "annotations": {},
      "timestamp": "0"
    },
    {
      "line": "And it feels better than I ever could",
      "annotations": {},
      "timestamp": "0"
    },
    {
      "line": "No running",
      "annotations": {},
      "timestamp": "0"
    },
    {
      "line": "No running from your love",
      "annotations": {},
      "timestamp": "0"
    },
    {
      "line": "No running",
      "annotations": {},
      "timestamp": "0"
    },
    {
      "line": "No running from this hovering",
      "annotations": {},
      "timestamp": "0"
    },
    {
      "line": "Dumb it down",
      "annotations": {},
      "timestamp": "0"
    },
    {
      "line": "We got a lamp, aladdin",
      "annotations": {},
      "timestamp": "0"
    },
    {
      "line": "Pick it, backup in lab",
      "annotations": {},
      "timestamp": "0"
    },
    {
      "line": "Oh I did",
      "annotations": {},
      "timestamp": "0"
    },
    {
      "line": "All my talk, enough in din",
      "annotations": {},
      "timestamp": "0"
    },
    {
      "line": "If I never had an evidence",
      "annotations": {},
      "timestamp": "0"
    },
    {
      "line": "You’ll say that we’re florescence",
      "annotations": {},
      "timestamp": "0"
    },
    {
      "line": "Your love is supposed to be reverence",
      "annotations": {},
      "timestamp": "0"
    },
    {
      "line": "And still be sobering",
      "annotations": {},
      "timestamp": "0"
    },
    {
      "line": "You talk to me in ways",
      "annotations": {},
      "timestamp": "0"
    },
    {
      "line": "That I can figure out",
      "annotations": {},
      "timestamp": "0"
    },
    {
      "line": "You talk to me in ways",
      "annotations": {},
      "timestamp": "0"
    },
    {
      "line": "That I fill it out",
      "annotations": {},
      "timestamp": "0"
    },
    {
      "line": "You talk to me",
      "annotations": {},
      "timestamp": "0"
    },
    {
      "line": "And I feel it fl!ckering now",
      "annotations": {},
      "timestamp": "0"
    },
    {
      "line": "My love is not fizzling now",
      "annotations": {},
      "timestamp": "0"
    },
    {
      "line": "My love is not fizzling out",
      "annotations": {},
      "timestamp": "0"
    },
    {
      "line": "But you drench me",
      "annotations": {},
      "timestamp": "0"
    },
    {
      "line": "Enough is healthy now",
      "annotations": {},
      "timestamp": "0"
    },
    {
      "line": "Girl he is getting knocked",
      "annotations": {},
      "timestamp": "0"
    },
    {
      "line": "How can I?",
      "annotations": {},
      "timestamp": "0"
    },
    {
      "line": "Get it back",
      "annotations": {},
      "timestamp": "0"
    },
    {
      "line": "Put it back on a scale",
      "annotations": {},
      "timestamp": "0"
    },
    {
      "line": "Saying that I'm there enough",
      "annotations": {},
      "timestamp": "0"
    },
    {
      "line": "Saying that I’ve been better girl",
      "annotations": {},
      "timestamp": "0"
    },
    {
      "line": "Ah, do I go back",
      "annotations": {},
      "timestamp": "0"
    },
    {
      "line": "Down the lane",
      "annotations": {},
      "timestamp": "0"
    },
    {
      "line": "Saying what doesn’t sound very sane",
      "annotations": {},
      "timestamp": "0"
    },
    {
      "line": "Maybe to me, maybe not to you",
      "annotations": {},
      "timestamp": "0"
    },
    {
      "line": "Or somebody listening",
      "annotations": {},
      "timestamp": "0"
    },
    {
      "line": "I don’t really know",
      "annotations": {},
      "timestamp": "0"
    },
    {
      "line": "You’re my anchor",
      "annotations": {},
      "timestamp": "0"
    },
    {
      "line": "Something like a full author",
      "annotations": {},
      "timestamp": "0"
    },
    {
      "line": "I don’t know if this is roll our sail",
      "annotations": {},
      "timestamp": "0"
    },
    {
      "line": "But I know that everything is open",
      "annotations": {},
      "timestamp": "0"
    },
    {
      "line": "Windows open",
      "annotations": {},
      "timestamp": "0"
    },
    {
      "line": "It’s all you",
      "annotations": {},
      "timestamp": "0"
    },
    {
      "line": "Restore you",
      "annotations": {},
      "timestamp": "0"
    },
    {
      "line": "It’s all here",
      "annotations": {},
      "timestamp": "0"
    },
    {
      "line": "Restored you",
      "annotations": {},
      "timestamp": "0"
    },
    {
      "line": "Linking all my time",
      "annotations": {},
      "timestamp": "0"
    },
    {
      "line": "Like he’s not gonna bore it in it",
      "annotations": {},
      "timestamp": "0"
    },
    {
      "line": "I can take my cinema",
      "annotations": {},
      "timestamp": "0"
    },
    {
      "line": "This is such a gel",
      "annotations": {},
      "timestamp": "0"
    },
    {
      "line": "Girl, link it in",
      "annotations": {},
      "timestamp": "0"
    },
    {
      "line": "I’m just in my head",
      "annotations": {},
      "timestamp": "0"
    },
    {
      "line": "Tryna fuck her like a team, ah",
      "annotations": {},
      "timestamp": "0"
    },
    {
      "line": "In my shelf, I never see it ah",
      "annotations": {},
      "timestamp": "0"
    },
    {
      "line": "On a damn quale",
      "annotations": {},
      "timestamp": "0"
    },
    {
      "line": "That’s everything in it",
      "annotations": {},
      "timestamp": "0"
    },
    {
      "line": "I’m haunting; the silver rain",
      "annotations": {},
      "timestamp": "0"
    },
    {
      "line": "Silver rain, cool knee here",
      "annotations": {},
      "timestamp": "0"
    },
    {
      "line": "Corny, cannibal could have a chain ah",
      "annotations": {},
      "timestamp": "0"
    },
    {
      "line": "Oh this is another pain",
      "annotations": {},
      "timestamp": "0"
    },
    {
      "line": "Oh they say it",
      "annotations": {},
      "timestamp": "0"
    },
    {
      "line": "They say it",
      "annotations": {},
      "timestamp": "0"
    },
    {
      "line": "They say it",
      "annotations": {},
      "timestamp": "0"
    }
  ]
}