{
  "song_title": "Hurt you",
  "writer": "Frith Hilton",
  "release_date": "November 12, 2018",
  "cover": "https://frithhilton.com.ng/musicpool/covers/1/11.jpg",
  "mp3_url": "https://frithhilton.com.ng/mp3/1/11.) Hurt you.mp3",
  "duration": 130.824,
  "id": "11",
  "lyrics": [
    {
      "line": "[Verse 1]",
      "annotations": {},
      "timestamp": "0"
    },
    {
      "line": "I never meant to hurt you",
      "annotations": {},
      "timestamp": "0"
    },
    {
      "line": "All I ever wanted was some closure",
      "annotations": {},
      "timestamp": "0"
    },
    {
      "line": "Baby we need to come closer",
      "annotations": {},
      "timestamp": "0"
    },
    {
      "line": "Ah!",
      "annotations": {},
      "timestamp": "0"
    },
    {
      "line": "I swear I never meant to hurt you",
      "annotations": {},
      "timestamp": "0"
    },
    {
      "line": "All I ever wanted was some closure",
      "annotations": {},
      "timestamp": "0"
    },
    {
      "line": "With some clothes on",
      "annotations": {},
      "timestamp": "0"
    },
    {
      "line": "Cos it is cold out here",
      "annotations": {},
      "timestamp": "0"
    },
    {
      "line": "And I’ve been hurt so many times",
      "annotations": {},
      "timestamp": "0"
    },
    {
      "line": "Ah!",
      "annotations": {},
      "timestamp": "0"
    },
    {
      "line": "Got my heart numb like a fucking glock",
      "annotations": {},
      "timestamp": "0"
    },
    {
      "line": "Ah!",
      "annotations": {},
      "timestamp": "0"
    },
    {
      "line": "Girl you got me looking at you from a side",
      "annotations": {},
      "timestamp": "0"
    },
    {
      "line": "Ah! I'ma be fine",
      "annotations": {},
      "timestamp": "0"
    },
    {
      "line": "Call me when there is no one there",
      "annotations": {},
      "timestamp": "0"
    },
    {
      "line": "I’ll be right there just to ease your pain",
      "annotations": {},
      "timestamp": "0"
    },
    {
      "line": "Cos I’ve been hurting too",
      "annotations": {},
      "timestamp": "0"
    },
    {
      "line": "Yeah, I’ve been hurting too",
      "annotations": {},
      "timestamp": "0"
    },
    {
      "line": "Tell me why our love gotta so bad",
      "annotations": {},
      "timestamp": "0"
    },
    {
      "line": "Maybe then I could put you on the map",
      "annotations": {},
      "timestamp": "0"
    },
    {
      "line": "Tell me why our love gotta hurt so bad",
      "annotations": {},
      "timestamp": "0"
    },
    {
      "line": "Baby I feel better when I pop these pills",
      "annotations": {},
      "timestamp": "0"
    },
    {
      "line": "Oh lord, you gotta come now",
      "annotations": {},
      "timestamp": "0"
    },
    {
      "line": "Cos I can’t take it no more",
      "annotations": {},
      "timestamp": "0"
    },
    {
      "line": "(ah)",
      "annotations": {},
      "timestamp": "0"
    },
    {
      "line": "I feel you and I was made for better",
      "annotations": {},
      "timestamp": "0"
    },
    {
      "line": "",
      "annotations": {},
      "timestamp": "0"
    },
    {
      "line": "[Outro: tai lopez]",
      "annotations": {},
      "timestamp": "0"
    },
    {
      "line": "Most common question I get about",
      "annotations": {},
      "timestamp": "0"
    }
  ]
}