{
  "song_title": "Two bad bitches",
  "writer": "Frith Hilton",
  "release_date": "November 12, 2018",
  "cover": "https://frithhilton.com.ng/musicpool/covers/1/12.jpg",
  "mp3_url": "https://frithhilton.com.ng/mp3/1/12.) Two bad bitches.mp3",
  "duration": 94.224,
  "id": "12",
  "lyrics": [
    {
      "line": "[Intro]",
      "annotations": {},
      "timestamp": "0"
    },
    {
      "line": "Two bad bitches in my house tryna . .",
      "annotations": {},
      "timestamp": "0"
    },
    {
      "line": "Hey",
      "annotations": {},
      "timestamp": "0"
    },
    {
      "line": "",
      "annotations": {},
      "timestamp": "0"
    },
    {
      "line": "[Verse 1]",
      "annotations": {},
      "timestamp": "0"
    },
    {
      "line": "Two bitches in my house tryna get laid",
      "annotations": {},
      "timestamp": "0"
    },
    {
      "line": "I’m wondering which of them I'm gonna take first",
      "annotations": {},
      "timestamp": "0"
    },
    {
      "line": "Two bitches in my house tryna get laid",
      "annotations": {},
      "timestamp": "0"
    },
    {
      "line": "I’m just wondering which one I'm gonna go first",
      "annotations": {},
      "timestamp": "0"
    },
    {
      "line": "Like . . . hey! I'm the boy with the swag",
      "annotations": {},
      "timestamp": "0"
    },
    {
      "line": "I’m the boy with the big ass d ck",
      "annotations": {},
      "timestamp": "0"
    },
    {
      "line": "And I promise I'ma use it on you if you call me",
      "annotations": {},
      "timestamp": "0"
    },
    {
      "line": "So, forgive me if I go abusing ties",
      "annotations": {},
      "timestamp": "0"
    },
    {
      "line": "(electricity gets disconnected)",
      "annotations": {},
      "timestamp": "0"
    },
    {
      "line": "But she . .",
      "annotations": {},
      "timestamp": "0"
    },
    {
      "line": "Oh, damn Motherfucker!",
      "annotations": {},
      "timestamp": "0"
    },
    {
      "line": "(they hate you . . . they hate you)",
      "annotations": {},
      "timestamp": "0"
    },
    {
      "line": "I gotta shower",
      "annotations": {},
      "timestamp": "0"
    },
    {
      "line": "Thank god I didn’t enter the shower bеfore the fucking Niggers took thе light",
      "annotations": {},
      "timestamp": "0"
    },
    {
      "line": "Making me wonder what the fuck happened to this flight",
      "annotations": {},
      "timestamp": "0"
    },
    {
      "line": "I’ve been in this place for days",
      "annotations": {},
      "timestamp": "0"
    },
    {
      "line": "Tryna get my face in the phase",
      "annotations": {},
      "timestamp": "0"
    },
    {
      "line": "Hey! hey?",
      "annotations": {},
      "timestamp": "0"
    },
    {
      "line": "What’s my name?",
      "annotations": {},
      "timestamp": "0"
    },
    {
      "line": "Boy you should know I'm the papa rein",
      "annotations": {},
      "timestamp": "0"
    },
    {
      "line": "Yeah, I'm making it rain purple in this bitch",
      "annotations": {},
      "timestamp": "0"
    },
    {
      "line": "I’m making it hmm . .",
      "annotations": {},
      "timestamp": "0"
    },
    {
      "line": "Take it up to the ceiling",
      "annotations": {},
      "timestamp": "0"
    },
    {
      "line": "Bring it back to the floor",
      "annotations": {},
      "timestamp": "0"
    },
    {
      "line": "The way we keeping the basic",
      "annotations": {},
      "timestamp": "0"
    },
    {
      "line": "Yeah, we keep it in the timbre",
      "annotations": {},
      "timestamp": "0"
    },
    {
      "line": "Then I'm tryna go up, up, up, up, up, up, up, up, up, up",
      "annotations": {},
      "timestamp": "0"
    },
    {
      "line": "But don’t get it twisted though",
      "annotations": {},
      "timestamp": "0"
    },
    {
      "line": "Cos, she know I’ll ride for you",
      "annotations": {},
      "timestamp": "0"
    },
    {
      "line": "I’ll ride for you",
      "annotations": {},
      "timestamp": "0"
    },
    {
      "line": "I’ll ride for you",
      "annotations": {},
      "timestamp": "0"
    },
    {
      "line": "Hey!",
      "annotations": {},
      "timestamp": "0"
    },
    {
      "line": "Time to go and bath",
      "annotations": {},
      "timestamp": "0"
    }
  ]
}