{
  "song_title": "What's the Price?",
  "writer": "Frith Hilton",
  "release_date": "Unknown",
  "cover": "https://frithhilton.com.ng/musicpool/covers/1/13.jpg",
  "mp3_url": "https://frithhilton.com.ng/mp3/1/13.) What's the price.mp3",
  "duration": 118.488,
  "id": "13",
  "lyrics": [
    {
      "line": "Ice",
      "annotations": {},
      "timestamp": "0"
    },
    {
      "line": "She asks what’s the price",
      "annotations": {},
      "timestamp": "0"
    },
    {
      "line": "She asks what’s the price",
      "annotations": {},
      "timestamp": "0"
    },
    {
      "line": "She always asks what’s the price",
      "annotations": {},
      "timestamp": "0"
    },
    {
      "line": "Za!",
      "annotations": {},
      "timestamp": "0"
    },
    {
      "line": "I told her baby keep quiet",
      "annotations": {},
      "timestamp": "0"
    },
    {
      "line": "I could tell lil mama dance",
      "annotations": {},
      "timestamp": "0"
    },
    {
      "line": "I could tell lil mama how to ball",
      "annotations": {},
      "timestamp": "0"
    },
    {
      "line": "I told lil mama I’ll call the plug",
      "annotations": {},
      "timestamp": "0"
    },
    {
      "line": "Told her I call the shots around here",
      "annotations": {},
      "timestamp": "0"
    },
    {
      "line": "Baby I’m the man",
      "annotations": {},
      "timestamp": "0"
    },
    {
      "line": "Maybe you should know I am the man",
      "annotations": {},
      "timestamp": "0"
    },
    {
      "line": "Yeah, I’ll call the plug when it’s time",
      "annotations": {},
      "timestamp": "0"
    },
    {
      "line": "Baby I’ll call the plug, plug, plug",
      "annotations": {},
      "timestamp": "0"
    },
    {
      "line": "I’m the man",
      "annotations": {},
      "timestamp": "0"
    },
    {
      "line": "It’s all on God",
      "annotations": {},
      "timestamp": "0"
    },
    {
      "line": "Baby don’t you worry, we’ll be fine",
      "annotations": {},
      "timestamp": "0"
    },
    {
      "line": "We gonna take it all to the dance",
      "annotations": {},
      "timestamp": "0"
    },
    {
      "line": "Dance",
      "annotations": {},
      "timestamp": "0"
    },
    {
      "line": "Yoga, yoga",
      "annotations": {},
      "timestamp": "0"
    },
    {
      "line": "Baby tell me waddup",
      "annotations": {},
      "timestamp": "0"
    },
    {
      "line": "I’m gonna get your breast sucked",
      "annotations": {},
      "timestamp": "0"
    },
    {
      "line": "You gonna be alright",
      "annotations": {},
      "timestamp": "0"
    },
    {
      "line": "Hey . . . Ice",
      "annotations": {},
      "timestamp": "0"
    },
    {
      "line": "Baby yes was the price",
      "annotations": {},
      "timestamp": "0"
    },
    {
      "line": "Ice, Ice, Ice",
      "annotations": {},
      "timestamp": "0"
    },
    {
      "line": "She always wanna know what’s the price, price",
      "annotations": {},
      "timestamp": "0"
    },
    {
      "line": "Lil mummy has, she has a price, price",
      "annotations": {},
      "timestamp": "0"
    },
    {
      "line": "So many tears in my head",
      "annotations": {},
      "timestamp": "0"
    },
    {
      "line": "This fucking shit is gonna fucking kill my vibe",
      "annotations": {},
      "timestamp": "0"
    },
    {
      "line": "Oh",
      "annotations": {},
      "timestamp": "0"
    },
    {
      "line": "No, I can’t fucking kill my vibe",
      "annotations": {},
      "timestamp": "0"
    },
    {
      "line": "All you lil boys are fucking dumb",
      "annotations": {},
      "timestamp": "0"
    },
    {
      "line": "And your lil mama are gonna perish on them all",
      "annotations": {},
      "timestamp": "0"
    },
    {
      "line": "What’s the Price?",
      "annotations": {},
      "timestamp": "0"
    }
  ]
}