{
  "song_title": "Real friends",
  "writer": "Frith Hilton",
  "release_date": "YYYY-MM-DD",
  "cover": "https://frithhilton.com.ng/musicpool/covers/1/2.jpg",
  "mp3_url": "https://frithhilton.com.ng/mp3/1/2.) Real friends (clip).mp3",
  "duration": 91.48081632653061,
  "id": "2",
  "lyrics": [
    {
      "line": "[Intro]",
      "annotations": {},
      "timestamp": "0"
    },
    {
      "line": "Oh",
      "annotations": {},
      "timestamp": "0"
    },
    {
      "line": "Yeah",
      "annotations": {},
      "timestamp": "0"
    },
    {
      "line": "Real friends",
      "annotations": {},
      "timestamp": "0"
    },
    {
      "line": "Real friends",
      "annotations": {},
      "timestamp": "0"
    },
    {
      "line": "All I ever wanted was some real friend",
      "annotations": {},
      "timestamp": "0"
    },
    {
      "line": "All I ever wanted was us to be friends",
      "annotations": {},
      "timestamp": "0"
    },
    {
      "line": "",
      "annotations": {},
      "timestamp": "0"
    },
    {
      "line": "[Verse 1]",
      "annotations": {},
      "timestamp": "0"
    },
    {
      "line": "It’s my life",
      "annotations": {},
      "timestamp": "0"
    },
    {
      "line": "It’s my strife",
      "annotations": {},
      "timestamp": "0"
    },
    {
      "line": "So I have got to play my part right",
      "annotations": {},
      "timestamp": "0"
    },
    {
      "line": "You were the friend that I held tight",
      "annotations": {},
      "timestamp": "0"
    },
    {
      "line": "Didn’t know you were playing my heart like a kite",
      "annotations": {},
      "timestamp": "0"
    },
    {
      "line": "I was a bait",
      "annotations": {},
      "timestamp": "0"
    },
    {
      "line": "You took a bite",
      "annotations": {},
      "timestamp": "0"
    },
    {
      "line": "This bond was never mutual from the start",
      "annotations": {},
      "timestamp": "0"
    },
    {
      "line": "I didn’t know I was just a p wn to you",
      "annotations": {},
      "timestamp": "0"
    },
    {
      "line": "Had me in my feelings asking who am I to you",
      "annotations": {},
      "timestamp": "0"
    },
    {
      "line": "I got lost",
      "annotations": {},
      "timestamp": "0"
    },
    {
      "line": "Cos I wanted to be cool",
      "annotations": {},
      "timestamp": "0"
    },
    {
      "line": "Always looking up to you",
      "annotations": {},
      "timestamp": "0"
    },
    {
      "line": "Felt I had something to prove",
      "annotations": {},
      "timestamp": "0"
    },
    {
      "line": "I guess I got it all wrong",
      "annotations": {},
      "timestamp": "0"
    },
    {
      "line": "Love comes and it goеs",
      "annotations": {},
      "timestamp": "0"
    },
    {
      "line": "Never thought",
      "annotations": {},
      "timestamp": "0"
    },
    {
      "line": "Ours would be lost",
      "annotations": {},
      "timestamp": "0"
    },
    {
      "line": "On a stowaway",
      "annotations": {},
      "timestamp": "0"
    },
    {
      "line": "(to a stowaway of lovе)",
      "annotations": {},
      "timestamp": "0"
    },
    {
      "line": "Love comes and it goes",
      "annotations": {},
      "timestamp": "0"
    },
    {
      "line": "Never thought",
      "annotations": {},
      "timestamp": "0"
    },
    {
      "line": "Ours would be lost",
      "annotations": {},
      "timestamp": "0"
    },
    {
      "line": "On a stowaway",
      "annotations": {},
      "timestamp": "0"
    },
    {
      "line": "(to a stowaway of love)",
      "annotations": {},
      "timestamp": "0"
    },
    {
      "line": "Girl, you got me messed up",
      "annotations": {},
      "timestamp": "0"
    },
    {
      "line": "Always looking forward",
      "annotations": {},
      "timestamp": "0"
    },
    {
      "line": "To a Niggers next pay day",
      "annotations": {},
      "timestamp": "0"
    },
    {
      "line": "Just a young boy",
      "annotations": {},
      "timestamp": "0"
    },
    {
      "line": "Stacking hay",
      "annotations": {},
      "timestamp": "0"
    },
    {
      "line": "But you were here",
      "annotations": {},
      "timestamp": "0"
    },
    {
      "line": "Scheming, patiently waiting",
      "annotations": {},
      "timestamp": "0"
    },
    {
      "line": "Till my feelings fucking faded away",
      "annotations": {},
      "timestamp": "0"
    },
    {
      "line": "",
      "annotations": {},
      "timestamp": "0"
    },
    {
      "line": "[Chorus]",
      "annotations": {},
      "timestamp": "0"
    },
    {
      "line": "All I ever wanted was a real friend",
      "annotations": {},
      "timestamp": "0"
    },
    {
      "line": "(friend, thought you were my real friend)",
      "annotations": {},
      "timestamp": "0"
    },
    {
      "line": "All I ever wanted was us to be friends",
      "annotations": {},
      "timestamp": "0"
    },
    {
      "line": "Like a crab to an oyster",
      "annotations": {},
      "timestamp": "0"
    },
    {
      "line": "Cracked my heart in two",
      "annotations": {},
      "timestamp": "0"
    },
    {
      "line": "Reached for your holster",
      "annotations": {},
      "timestamp": "0"
    },
    {
      "line": "Desecrated our bond for this paper",
      "annotations": {},
      "timestamp": "0"
    },
    {
      "line": "Cos to you it never really mattered",
      "annotations": {},
      "timestamp": "0"
    },
    {
      "line": "I was just another slipper",
      "annotations": {},
      "timestamp": "0"
    },
    {
      "line": "All I ever wanted was a real friend",
      "annotations": {},
      "timestamp": "0"
    },
    {
      "line": "(real, thought you were my real friend)",
      "annotations": {},
      "timestamp": "0"
    },
    {
      "line": "All I ever wanted was us to be friends",
      "annotations": {},
      "timestamp": "0"
    },
    {
      "line": "",
      "annotations": {},
      "timestamp": "0"
    },
    {
      "line": "[Verse 2]",
      "annotations": {},
      "timestamp": "0"
    },
    {
      "line": "My babe too cool",
      "annotations": {},
      "timestamp": "0"
    },
    {
      "line": "I mean so rude",
      "annotations": {},
      "timestamp": "0"
    },
    {
      "line": "She’s gonna break your heart",
      "annotations": {},
      "timestamp": "0"
    },
    {
      "line": "And she won’t shed a tear",
      "annotations": {},
      "timestamp": "0"
    },
    {
      "line": "She’s so mean",
      "annotations": {},
      "timestamp": "0"
    },
    {
      "line": "With the heart of an angel",
      "annotations": {},
      "timestamp": "0"
    },
    {
      "line": "L be the name",
      "annotations": {},
      "timestamp": "0"
    },
    {
      "line": "Cos she’s falling from the highest of planes",
      "annotations": {},
      "timestamp": "0"
    },
    {
      "line": "And she’s taking me down with her",
      "annotations": {},
      "timestamp": "0"
    },
    {
      "line": "Cos my heart’s colder",
      "annotations": {},
      "timestamp": "0"
    },
    {
      "line": "The dark side of the moon",
      "annotations": {},
      "timestamp": "0"
    },
    {
      "line": "No room for no more love blooms",
      "annotations": {},
      "timestamp": "0"
    },
    {
      "line": "Consume me till my doom",
      "annotations": {},
      "timestamp": "0"
    },
    {
      "line": "One more time",
      "annotations": {},
      "timestamp": "0"
    },
    {
      "line": "Let’s make love one more time",
      "annotations": {},
      "timestamp": "0"
    },
    {
      "line": "I thought you were my real friend",
      "annotations": {},
      "timestamp": "0"
    },
    {
      "line": "Now it seems all you ever did was pretend",
      "annotations": {},
      "timestamp": "0"
    },
    {
      "line": "It’s my life",
      "annotations": {},
      "timestamp": "0"
    },
    {
      "line": "It’s my strife",
      "annotations": {},
      "timestamp": "0"
    },
    {
      "line": "I played the part right",
      "annotations": {},
      "timestamp": "0"
    },
    {
      "line": "I played the part right",
      "annotations": {},
      "timestamp": "0"
    },
    {
      "line": "It’s my life",
      "annotations": {},
      "timestamp": "0"
    },
    {
      "line": "It’s my strife",
      "annotations": {},
      "timestamp": "0"
    },
    {
      "line": "I played the part right",
      "annotations": {},
      "timestamp": "0"
    },
    {
      "line": "Yeah I played the part right",
      "annotations": {},
      "timestamp": "0"
    },
    {
      "line": "",
      "annotations": {},
      "timestamp": "0"
    },
    {
      "line": "[Chorus]",
      "annotations": {},
      "timestamp": "0"
    },
    {
      "line": "All I ever wanted was a real friend",
      "annotations": {},
      "timestamp": "0"
    },
    {
      "line": "(friend, thought you were my real friend)",
      "annotations": {},
      "timestamp": "0"
    },
    {
      "line": "All I ever wanted was us to be friends",
      "annotations": {},
      "timestamp": "0"
    },
    {
      "line": "Like a crab to an oyster",
      "annotations": {},
      "timestamp": "0"
    },
    {
      "line": "Cracked my heart in two",
      "annotations": {},
      "timestamp": "0"
    },
    {
      "line": "Reached for your holster",
      "annotations": {},
      "timestamp": "0"
    },
    {
      "line": "Desecrated our bond for this paper",
      "annotations": {},
      "timestamp": "0"
    },
    {
      "line": "Cos to you it never really mattered",
      "annotations": {},
      "timestamp": "0"
    },
    {
      "line": "I was just another slipper",
      "annotations": {},
      "timestamp": "0"
    },
    {
      "line": "All I ever wanted was a real friend",
      "annotations": {},
      "timestamp": "0"
    },
    {
      "line": "(real, thought you were my real friend)",
      "annotations": {},
      "timestamp": "0"
    },
    {
      "line": "All I ever wanted was us to be friends",
      "annotations": {},
      "timestamp": "0"
    }
  ]
}