{
  "song_title": "Bleeding heart",
  "writer": "Frith Hilton",
  "release_date": "June 13, 2019",
  "cover": "https://frithhilton.com.ng/musicpool/covers/1/4.jpg",
  "mp3_url": "https://frithhilton.com.ng/mp3/1/4.) Bleeding heart.mp3",
  "duration": 214.3869387755102,
  "id": "4",
  "lyrics": [
    {
      "line": "[Intro]",
      "annotations": {},
      "timestamp": "0"
    },
    {
      "line": "So hard",
      "annotations": {},
      "timestamp": "0"
    },
    {
      "line": "It’s so hard",
      "annotations": {},
      "timestamp": "0"
    },
    {
      "line": "To love when my heart still bleeds",
      "annotations": {},
      "timestamp": "0"
    },
    {
      "line": "It’s so hard",
      "annotations": {},
      "timestamp": "0"
    },
    {
      "line": "It’s so hard",
      "annotations": {},
      "timestamp": "0"
    },
    {
      "line": "To love when my heart still bleeds",
      "annotations": {},
      "timestamp": "0"
    },
    {
      "line": "",
      "annotations": {},
      "timestamp": "0"
    },
    {
      "line": "[Verse 1]",
      "annotations": {},
      "timestamp": "0"
    },
    {
      "line": "I swear",
      "annotations": {},
      "timestamp": "0"
    },
    {
      "line": "I could have sworn",
      "annotations": {},
      "timestamp": "0"
    },
    {
      "line": "You were the one for me from the jump start",
      "annotations": {},
      "timestamp": "0"
    },
    {
      "line": "I could have sworn that",
      "annotations": {},
      "timestamp": "0"
    },
    {
      "line": "I could have sworn that",
      "annotations": {},
      "timestamp": "0"
    },
    {
      "line": "I could have sworn that (hey!)",
      "annotations": {},
      "timestamp": "0"
    },
    {
      "line": "But you had to go",
      "annotations": {},
      "timestamp": "0"
    },
    {
      "line": "Break my heart on the floor",
      "annotations": {},
      "timestamp": "0"
    },
    {
      "line": "Leave me bleeding",
      "annotations": {},
      "timestamp": "0"
    },
    {
      "line": "So you never could come",
      "annotations": {},
      "timestamp": "0"
    },
    {
      "line": "Never could come back (never could come back)",
      "annotations": {},
      "timestamp": "0"
    },
    {
      "line": "Now you tell me you are the one for me (now you tell me you are the one for me)",
      "annotations": {},
      "timestamp": "0"
    },
    {
      "line": "I swear I still love you",
      "annotations": {},
      "timestamp": "0"
    },
    {
      "line": "But my heart still bleeds",
      "annotations": {},
      "timestamp": "0"
    },
    {
      "line": "I swear I still I want you",
      "annotations": {},
      "timestamp": "0"
    },
    {
      "line": "But my heart still bleeds",
      "annotations": {},
      "timestamp": "0"
    },
    {
      "line": "Girl",
      "annotations": {},
      "timestamp": "0"
    },
    {
      "line": "Would you take me back",
      "annotations": {},
      "timestamp": "0"
    },
    {
      "line": "Take me back",
      "annotations": {},
      "timestamp": "0"
    },
    {
      "line": "Baby, we can go back",
      "annotations": {},
      "timestamp": "0"
    },
    {
      "line": "Baby we can go back",
      "annotations": {},
      "timestamp": "0"
    },
    {
      "line": "To the old ways",
      "annotations": {},
      "timestamp": "0"
    },
    {
      "line": "Cos I'm",
      "annotations": {},
      "timestamp": "0"
    },
    {
      "line": "Still hurt from your love",
      "annotations": {},
      "timestamp": "0"
    },
    {
      "line": "I’m still pained from your scars",
      "annotations": {},
      "timestamp": "0"
    },
    {
      "line": "I still wanna ride",
      "annotations": {},
      "timestamp": "0"
    },
    {
      "line": "I still wanna ride with you",
      "annotations": {},
      "timestamp": "0"
    },
    {
      "line": "Girl am still hurt from your love",
      "annotations": {},
      "timestamp": "0"
    },
    {
      "line": "Girl am still pained from the scars",
      "annotations": {},
      "timestamp": "0"
    },
    {
      "line": "But I’ll do anything just to see that face one more time",
      "annotations": {},
      "timestamp": "0"
    },
    {
      "line": "Girl tell me what you need",
      "annotations": {},
      "timestamp": "0"
    },
    {
      "line": "Cos my heart can’t take it no more",
      "annotations": {},
      "timestamp": "0"
    },
    {
      "line": "Tell me what I got to do",
      "annotations": {},
      "timestamp": "0"
    },
    {
      "line": "Tell me what I got to do",
      "annotations": {},
      "timestamp": "0"
    },
    {
      "line": "Yeah",
      "annotations": {},
      "timestamp": "0"
    },
    {
      "line": "I’ma put it on you",
      "annotations": {},
      "timestamp": "0"
    },
    {
      "line": "You can put it on me",
      "annotations": {},
      "timestamp": "0"
    },
    {
      "line": "We can do it if we need it",
      "annotations": {},
      "timestamp": "0"
    },
    {
      "line": "We can do it if we need it, yeah",
      "annotations": {},
      "timestamp": "0"
    },
    {
      "line": "Whoa oh oh oh",
      "annotations": {},
      "timestamp": "0"
    },
    {
      "line": "My girl",
      "annotations": {},
      "timestamp": "0"
    },
    {
      "line": "",
      "annotations": {},
      "timestamp": "0"
    },
    {
      "line": "[Chorus]",
      "annotations": {},
      "timestamp": "0"
    },
    {
      "line": "It’s my heart that still bleeds",
      "annotations": {},
      "timestamp": "0"
    },
    {
      "line": "It’s your love that I need",
      "annotations": {},
      "timestamp": "0"
    },
    {
      "line": "And I’ll do anything just to see your face one more time",
      "annotations": {},
      "timestamp": "0"
    },
    {
      "line": "",
      "annotations": {},
      "timestamp": "0"
    },
    {
      "line": "[Chorus]",
      "annotations": {},
      "timestamp": "0"
    },
    {
      "line": "It’s my heart that still bleeds",
      "annotations": {},
      "timestamp": "0"
    },
    {
      "line": "It’s your love that I need",
      "annotations": {},
      "timestamp": "0"
    },
    {
      "line": "And I’ll do anything just to see your face one more time",
      "annotations": {},
      "timestamp": "0"
    },
    {
      "line": "",
      "annotations": {},
      "timestamp": "0"
    },
    {
      "line": "[Bridge]",
      "annotations": {},
      "timestamp": "0"
    },
    {
      "line": "Tell me what you want",
      "annotations": {},
      "timestamp": "0"
    },
    {
      "line": "Tell me what you need",
      "annotations": {},
      "timestamp": "0"
    },
    {
      "line": "Girl, I’ll do anything for you",
      "annotations": {},
      "timestamp": "0"
    },
    {
      "line": "Tell me what you want",
      "annotations": {},
      "timestamp": "0"
    },
    {
      "line": "Tell me what you need",
      "annotations": {},
      "timestamp": "0"
    },
    {
      "line": "I promise I can do anything for you",
      "annotations": {},
      "timestamp": "0"
    },
    {
      "line": "",
      "annotations": {},
      "timestamp": "0"
    },
    {
      "line": "[Chorus]",
      "annotations": {},
      "timestamp": "0"
    },
    {
      "line": "It’s my heart that bleeds (it’s my heart)",
      "annotations": {},
      "timestamp": "0"
    },
    {
      "line": "It’s your love that I need (it’s your love)",
      "annotations": {},
      "timestamp": "0"
    },
    {
      "line": "And I’ll do anything just to see your face one more time",
      "annotations": {},
      "timestamp": "0"
    },
    {
      "line": "",
      "annotations": {},
      "timestamp": "0"
    },
    {
      "line": "[Chorus]",
      "annotations": {},
      "timestamp": "0"
    },
    {
      "line": "It’s my heart that still bleeds",
      "annotations": {},
      "timestamp": "0"
    },
    {
      "line": "It’s your love that I need",
      "annotations": {},
      "timestamp": "0"
    },
    {
      "line": "And I’ll do anything just to see your face one more time",
      "annotations": {},
      "timestamp": "0"
    },
    {
      "line": "",
      "annotations": {},
      "timestamp": "0"
    },
    {
      "line": "[Outro]",
      "annotations": {},
      "timestamp": "0"
    },
    {
      "line": "Yeah, uh",
      "annotations": {},
      "timestamp": "0"
    },
    {
      "line": "Can, can I pass the vibe to you",
      "annotations": {},
      "timestamp": "0"
    },
    {
      "line": "Can I pass the vibe",
      "annotations": {},
      "timestamp": "0"
    },
    {
      "line": "Girl, you got me locked up",
      "annotations": {},
      "timestamp": "0"
    },
    {
      "line": "In my memories",
      "annotations": {},
      "timestamp": "0"
    },
    {
      "line": "Memories of you",
      "annotations": {},
      "timestamp": "0"
    },
    {
      "line": "Memories of our love",
      "annotations": {},
      "timestamp": "0"
    },
    {
      "line": "Got me locked up",
      "annotations": {},
      "timestamp": "0"
    },
    {
      "line": "Got me locked up in my mind",
      "annotations": {},
      "timestamp": "0"
    },
    {
      "line": "Yeah you took the heat",
      "annotations": {},
      "timestamp": "0"
    },
    {
      "line": "You took it away now",
      "annotations": {},
      "timestamp": "0"
    },
    {
      "line": "So am lost in my ways now",
      "annotations": {},
      "timestamp": "0"
    },
    {
      "line": "Had to stop smoking",
      "annotations": {},
      "timestamp": "0"
    },
    {
      "line": "Had to stop doing those damn things",
      "annotations": {},
      "timestamp": "0"
    },
    {
      "line": "Gotta live",
      "annotations": {},
      "timestamp": "0"
    },
    {
      "line": "Gotta live my life",
      "annotations": {},
      "timestamp": "0"
    }
  ]
}