{
  "song_title": "Rollie dreams",
  "writer": "Frith Hilton",
  "release_date": "YYYY-MM-DD",
  "cover": "https://frithhilton.com.ng/musicpool/covers/1/5.jpg",
  "mp3_url": "https://frithhilton.com.ng/mp3/1/5.) Rollie Dreams.mp3",
  "duration": 189.54,
  "id": "5",
  "lyrics": [
    {
      "line": "[Intro]",
      "annotations": {},
      "timestamp": "0"
    },
    {
      "line": "Hey!",
      "annotations": {},
      "timestamp": "0"
    },
    {
      "line": "It’s your boy theophil",
      "annotations": {},
      "timestamp": "0"
    },
    {
      "line": "I gotta tell you how I feel",
      "annotations": {},
      "timestamp": "0"
    },
    {
      "line": "I’ve been rolling in my bed",
      "annotations": {},
      "timestamp": "0"
    },
    {
      "line": "I’ve been having rollie dreams",
      "annotations": {},
      "timestamp": "0"
    },
    {
      "line": "Can’t get you out my head",
      "annotations": {},
      "timestamp": "0"
    },
    {
      "line": "",
      "annotations": {},
      "timestamp": "0"
    },
    {
      "line": "[Verse 1]",
      "annotations": {},
      "timestamp": "0"
    },
    {
      "line": "Rolling in my bed",
      "annotations": {},
      "timestamp": "0"
    },
    {
      "line": "Having rollie dreams",
      "annotations": {},
      "timestamp": "0"
    },
    {
      "line": "Can’t get you out of my head",
      "annotations": {},
      "timestamp": "0"
    },
    {
      "line": "I’ve been fucking . . . I’ve been thinking about you",
      "annotations": {},
      "timestamp": "0"
    },
    {
      "line": "I swear, I’ve been fucking thinking about you",
      "annotations": {},
      "timestamp": "0"
    },
    {
      "line": "I’ve been having rollie dreams",
      "annotations": {},
      "timestamp": "0"
    },
    {
      "line": "I’ve been rolling in my bed",
      "annotations": {},
      "timestamp": "0"
    },
    {
      "line": "I can’t get you out of my head",
      "annotations": {},
      "timestamp": "0"
    },
    {
      "line": "I’ve been fucking thinking about you",
      "annotations": {},
      "timestamp": "0"
    },
    {
      "line": "I swear I’ve been fucking thinking about you",
      "annotations": {},
      "timestamp": "0"
    },
    {
      "line": "It’s 4, 5. 10 a.m",
      "annotations": {},
      "timestamp": "0"
    },
    {
      "line": "I’m still stuck in my head",
      "annotations": {},
      "timestamp": "0"
    },
    {
      "line": "Having fucking lucid dreams",
      "annotations": {},
      "timestamp": "0"
    },
    {
      "line": "You gotta tell me what you need",
      "annotations": {},
      "timestamp": "0"
    },
    {
      "line": "Girl I am ready just to serve you",
      "annotations": {},
      "timestamp": "0"
    },
    {
      "line": "I swear on my life it is just for you",
      "annotations": {},
      "timestamp": "0"
    },
    {
      "line": "I even had to record just to sing for you",
      "annotations": {},
      "timestamp": "0"
    },
    {
      "line": "Now I'm feeling it deep, deep",
      "annotations": {},
      "timestamp": "0"
    },
    {
      "line": "I swear I am in my feelings girl",
      "annotations": {},
      "timestamp": "0"
    },
    {
      "line": "I can’t think about anything but you",
      "annotations": {},
      "timestamp": "0"
    },
    {
      "line": "I can’t think about anything but you",
      "annotations": {},
      "timestamp": "0"
    },
    {
      "line": "You gotta lеt me know",
      "annotations": {},
      "timestamp": "0"
    },
    {
      "line": "If I'm the one who is gonna makе us grow",
      "annotations": {},
      "timestamp": "0"
    },
    {
      "line": "I’ve been down, down",
      "annotations": {},
      "timestamp": "0"
    },
    {
      "line": "Now I am headed to the top",
      "annotations": {},
      "timestamp": "0"
    },
    {
      "line": "But I'm still at the ceiling",
      "annotations": {},
      "timestamp": "0"
    },
    {
      "line": "I swear we can start again",
      "annotations": {},
      "timestamp": "0"
    },
    {
      "line": "Yeah, from the heart again",
      "annotations": {},
      "timestamp": "0"
    },
    {
      "line": "All I ever wanted was your love",
      "annotations": {},
      "timestamp": "0"
    },
    {
      "line": "All you ever wanted was my touch",
      "annotations": {},
      "timestamp": "0"
    },
    {
      "line": "Like the midas touch",
      "annotations": {},
      "timestamp": "0"
    },
    {
      "line": "I’ma get golden",
      "annotations": {},
      "timestamp": "0"
    },
    {
      "line": "When I spit on the mic",
      "annotations": {},
      "timestamp": "0"
    },
    {
      "line": "Yeah, it is proven",
      "annotations": {},
      "timestamp": "0"
    },
    {
      "line": "Yeah, you’re the one for me",
      "annotations": {},
      "timestamp": "0"
    },
    {
      "line": "Take it slow",
      "annotations": {},
      "timestamp": "0"
    },
    {
      "line": "Don’t ever get it twisted",
      "annotations": {},
      "timestamp": "0"
    },
    {
      "line": "Like the love we had",
      "annotations": {},
      "timestamp": "0"
    },
    {
      "line": "Talk thrash but you know . .",
      "annotations": {},
      "timestamp": "0"
    }
  ]
}