{
  "song_title": "My heart",
  "writer": "Frith Hilton",
  "release_date": "YYYY-MM-DD",
  "cover": "https://frithhilton.com.ng/musicpool/covers/1/7.jpg",
  "mp3_url": "https://frithhilton.com.ng/mp3/1/7.) My heart.mp3",
  "duration": 199.128,
  "id": "7",
  "lyrics": [
    {
      "line": "[Intro]",
      "annotations": {},
      "timestamp": "0"
    },
    {
      "line": "Oh oh",
      "annotations": {},
      "timestamp": "0"
    },
    {
      "line": "It’s your boy theophil",
      "annotations": {},
      "timestamp": "0"
    },
    {
      "line": "",
      "annotations": {},
      "timestamp": "0"
    },
    {
      "line": "[Verse 1]",
      "annotations": {},
      "timestamp": "0"
    },
    {
      "line": "Sometimes I ponder",
      "annotations": {},
      "timestamp": "0"
    },
    {
      "line": "Why my heart goes astray",
      "annotations": {},
      "timestamp": "0"
    },
    {
      "line": "Sometimes I ponder",
      "annotations": {},
      "timestamp": "0"
    },
    {
      "line": "How is it possible",
      "annotations": {},
      "timestamp": "0"
    },
    {
      "line": "That my heart still longs for you so bad",
      "annotations": {},
      "timestamp": "0"
    },
    {
      "line": "I can’t help it",
      "annotations": {},
      "timestamp": "0"
    },
    {
      "line": "Girl you got me lost in our past",
      "annotations": {},
      "timestamp": "0"
    },
    {
      "line": "It was a flash in the pan",
      "annotations": {},
      "timestamp": "0"
    },
    {
      "line": "It’s not healthy",
      "annotations": {},
      "timestamp": "0"
    },
    {
      "line": "Girl I need a closure",
      "annotations": {},
      "timestamp": "0"
    },
    {
      "line": "",
      "annotations": {},
      "timestamp": "0"
    },
    {
      "line": "[Chorus]",
      "annotations": {},
      "timestamp": "0"
    },
    {
      "line": "Cos I want you",
      "annotations": {},
      "timestamp": "0"
    },
    {
      "line": "I don’t wanna ever lose you again",
      "annotations": {},
      "timestamp": "0"
    },
    {
      "line": "If I have you",
      "annotations": {},
      "timestamp": "0"
    },
    {
      "line": "Come through",
      "annotations": {},
      "timestamp": "0"
    },
    {
      "line": "Girl you know my heart",
      "annotations": {},
      "timestamp": "0"
    },
    {
      "line": "Still beats for you like every day",
      "annotations": {},
      "timestamp": "0"
    },
    {
      "line": "I want you",
      "annotations": {},
      "timestamp": "0"
    },
    {
      "line": "I can endure through this pain",
      "annotations": {},
      "timestamp": "0"
    },
    {
      "line": "But first . .",
      "annotations": {},
      "timestamp": "0"
    },
    {
      "line": "Girl you gotta",
      "annotations": {},
      "timestamp": "0"
    },
    {
      "line": "Fall through",
      "annotations": {},
      "timestamp": "0"
    },
    {
      "line": "Fall through",
      "annotations": {},
      "timestamp": "0"
    },
    {
      "line": "My girl come through",
      "annotations": {},
      "timestamp": "0"
    },
    {
      "line": "",
      "annotations": {},
      "timestamp": "0"
    },
    {
      "line": "[Verse 2]",
      "annotations": {},
      "timestamp": "0"
    },
    {
      "line": "My heart still beats for you",
      "annotations": {},
      "timestamp": "0"
    },
    {
      "line": "I can never lose",
      "annotations": {},
      "timestamp": "0"
    },
    {
      "line": "I can never lose your heart",
      "annotations": {},
      "timestamp": "0"
    },
    {
      "line": "(don’t break my heart to pieces)",
      "annotations": {},
      "timestamp": "0"
    },
    {
      "line": "For nothing",
      "annotations": {},
      "timestamp": "0"
    },
    {
      "line": "I’m stacking this paper up",
      "annotations": {},
      "timestamp": "0"
    },
    {
      "line": "I just wanna stack it up with you",
      "annotations": {},
      "timestamp": "0"
    },
    {
      "line": "(with you)",
      "annotations": {},
      "timestamp": "0"
    },
    {
      "line": "Girl you should know",
      "annotations": {},
      "timestamp": "0"
    },
    {
      "line": "You’re my dream come true",
      "annotations": {},
      "timestamp": "0"
    },
    {
      "line": "(true though)",
      "annotations": {},
      "timestamp": "0"
    },
    {
      "line": "I don’t ever play when it’s about you",
      "annotations": {},
      "timestamp": "0"
    },
    {
      "line": "(no ojuju)",
      "annotations": {},
      "timestamp": "0"
    },
    {
      "line": "I wanna get the world for you",
      "annotations": {},
      "timestamp": "0"
    },
    {
      "line": "If I could get it",
      "annotations": {},
      "timestamp": "0"
    },
    {
      "line": "(and I will)",
      "annotations": {},
      "timestamp": "0"
    },
    {
      "line": "I wanna tell you how I feel like",
      "annotations": {},
      "timestamp": "0"
    },
    {
      "line": "Every day, every morning",
      "annotations": {},
      "timestamp": "0"
    },
    {
      "line": "Can’t you see that you brighten up my day",
      "annotations": {},
      "timestamp": "0"
    },
    {
      "line": "Girl!",
      "annotations": {},
      "timestamp": "0"
    },
    {
      "line": "I love you",
      "annotations": {},
      "timestamp": "0"
    },
    {
      "line": "I love you",
      "annotations": {},
      "timestamp": "0"
    },
    {
      "line": "I love you",
      "annotations": {},
      "timestamp": "0"
    },
    {
      "line": "My heart’s an equation of your touch",
      "annotations": {},
      "timestamp": "0"
    },
    {
      "line": "I can’t help it",
      "annotations": {},
      "timestamp": "0"
    },
    {
      "line": "Girl you got me spitting out my heart",
      "annotations": {},
      "timestamp": "0"
    },
    {
      "line": "Like torrents of emotion",
      "annotations": {},
      "timestamp": "0"
    },
    {
      "line": "You got me buried in your portion",
      "annotations": {},
      "timestamp": "0"
    },
    {
      "line": "So I can’t",
      "annotations": {},
      "timestamp": "0"
    },
    {
      "line": "I can’t get you out my mind",
      "annotations": {},
      "timestamp": "0"
    },
    {
      "line": "Oh yeah, girl you’re home",
      "annotations": {},
      "timestamp": "0"
    },
    {
      "line": "Girl you gotta love me now",
      "annotations": {},
      "timestamp": "0"
    },
    {
      "line": "Girl we can’t wait for the world to turn around",
      "annotations": {},
      "timestamp": "0"
    },
    {
      "line": "Girl you gotta love me now",
      "annotations": {},
      "timestamp": "0"
    },
    {
      "line": "Girl we can’t wait for the world to come around",
      "annotations": {},
      "timestamp": "0"
    },
    {
      "line": "Eh!",
      "annotations": {},
      "timestamp": "0"
    },
    {
      "line": "Can’t wait to",
      "annotations": {},
      "timestamp": "0"
    },
    {
      "line": "(mouse cl!ck)",
      "annotations": {},
      "timestamp": "0"
    }
  ]
}