{
  "song_title": "Interlude",
  "writer": "Frith Hilton",
  "release_date": "November 11, 2018",
  "cover": "https://frithhilton.com.ng/musicpool/covers/1/8.jpg",
  "mp3_url": "https://frithhilton.com.ng/mp3/1/8.) Interlude.mp3",
  "duration": 112.06530612244897,
  "id": "8",
  "lyrics": [
    {
      "line": "[Verse 1]",
      "annotations": {},
      "timestamp": "0"
    },
    {
      "line": "Let my light fill this place",
      "annotations": {},
      "timestamp": "0"
    },
    {
      "line": "(yeah! yeah!)",
      "annotations": {},
      "timestamp": "0"
    },
    {
      "line": "Before you know",
      "annotations": {},
      "timestamp": "0"
    },
    {
      "line": "My face is on fire",
      "annotations": {},
      "timestamp": "0"
    },
    {
      "line": "So, I can’t feel my face",
      "annotations": {},
      "timestamp": "0"
    },
    {
      "line": "Hey! (yeah!)",
      "annotations": {},
      "timestamp": "0"
    },
    {
      "line": "She dancing with me through the fire",
      "annotations": {},
      "timestamp": "0"
    },
    {
      "line": "Hold my hand through the dark",
      "annotations": {},
      "timestamp": "0"
    },
    {
      "line": "Hold my trust in this fire",
      "annotations": {},
      "timestamp": "0"
    },
    {
      "line": "They air me out",
      "annotations": {},
      "timestamp": "0"
    },
    {
      "line": "Ignite my spark",
      "annotations": {},
      "timestamp": "0"
    },
    {
      "line": "I’m a dumb boy",
      "annotations": {},
      "timestamp": "0"
    },
    {
      "line": "Yes, they say",
      "annotations": {},
      "timestamp": "0"
    },
    {
      "line": "I’m a call boy",
      "annotations": {},
      "timestamp": "0"
    },
    {
      "line": "Yes, they say",
      "annotations": {},
      "timestamp": "0"
    },
    {
      "line": "And they say I don’t know shit",
      "annotations": {},
      "timestamp": "0"
    },
    {
      "line": "I’m a ball boy (I'm a ball boy)",
      "annotations": {},
      "timestamp": "0"
    },
    {
      "line": "Hahaha",
      "annotations": {},
      "timestamp": "0"
    },
    {
      "line": "They say shit",
      "annotations": {},
      "timestamp": "0"
    },
    {
      "line": "About my ways",
      "annotations": {},
      "timestamp": "0"
    },
    {
      "line": "They say shit in my face (my face)",
      "annotations": {},
      "timestamp": "0"
    },
    {
      "line": "But I'm no bitch",
      "annotations": {},
      "timestamp": "0"
    },
    {
      "line": "Counting my digits on a reg though",
      "annotations": {},
      "timestamp": "0"
    },
    {
      "line": "Eh!",
      "annotations": {},
      "timestamp": "0"
    },
    {
      "line": "",
      "annotations": {},
      "timestamp": "0"
    },
    {
      "line": "[Chorus]",
      "annotations": {},
      "timestamp": "0"
    },
    {
      "line": "When it’s time",
      "annotations": {},
      "timestamp": "0"
    },
    {
      "line": "You can see it on my face boy",
      "annotations": {},
      "timestamp": "0"
    },
    {
      "line": "(on my face boy)",
      "annotations": {},
      "timestamp": "0"
    },
    {
      "line": "When it’s time",
      "annotations": {},
      "timestamp": "0"
    },
    {
      "line": "Eh!",
      "annotations": {},
      "timestamp": "0"
    },
    {
      "line": "You can see it on my face boy",
      "annotations": {},
      "timestamp": "0"
    },
    {
      "line": "Cos I'm up till the morning",
      "annotations": {},
      "timestamp": "0"
    },
    {
      "line": "For the money",
      "annotations": {},
      "timestamp": "0"
    },
    {
      "line": "Yeah",
      "annotations": {},
      "timestamp": "0"
    },
    {
      "line": "For the monеy",
      "annotations": {},
      "timestamp": "0"
    },
    {
      "line": "Yeah",
      "annotations": {},
      "timestamp": "0"
    },
    {
      "line": "(for the money I'm a savagе, yeah, yeah, yeah)",
      "annotations": {},
      "timestamp": "0"
    },
    {
      "line": "I’m up till the morning",
      "annotations": {},
      "timestamp": "0"
    },
    {
      "line": "Yeah, for the money I am",
      "annotations": {},
      "timestamp": "0"
    }
  ]
}