{
  "song_title": "What is real",
  "writer": "Frith Hilton",
  "release_date": "YYYY-MM-DD",
  "cover": "https://frithhilton.com.ng/musicpool/covers/1/9.jpg",
  "mp3_url": "https://frithhilton.com.ng/mp3/1/9.) What Is Real.mp3",
  "duration": 240.77061224489796,
  "id": "9",
  "lyrics": [
    {
      "line": "[Intro]",
      "annotations": {},
      "timestamp": "0"
    },
    {
      "line": "Hey",
      "annotations": {},
      "timestamp": "0"
    },
    {
      "line": "Am I real?",
      "annotations": {},
      "timestamp": "0"
    },
    {
      "line": "Tell me am I real?",
      "annotations": {},
      "timestamp": "0"
    },
    {
      "line": "Is it real?",
      "annotations": {},
      "timestamp": "0"
    },
    {
      "line": "Eh!",
      "annotations": {},
      "timestamp": "0"
    },
    {
      "line": "",
      "annotations": {},
      "timestamp": "0"
    },
    {
      "line": "[Verse 1]",
      "annotations": {},
      "timestamp": "0"
    },
    {
      "line": "Am I real?",
      "annotations": {},
      "timestamp": "0"
    },
    {
      "line": "Please tell me really am I real?",
      "annotations": {},
      "timestamp": "0"
    },
    {
      "line": "Can someone tell me . .",
      "annotations": {},
      "timestamp": "0"
    },
    {
      "line": "Am I real?",
      "annotations": {},
      "timestamp": "0"
    },
    {
      "line": "Yeah",
      "annotations": {},
      "timestamp": "0"
    },
    {
      "line": "Eh!",
      "annotations": {},
      "timestamp": "0"
    },
    {
      "line": "All these pain I feel inside my heart",
      "annotations": {},
      "timestamp": "0"
    },
    {
      "line": "Got me fucking questioning",
      "annotations": {},
      "timestamp": "0"
    },
    {
      "line": "How it really feels",
      "annotations": {},
      "timestamp": "0"
    },
    {
      "line": "What is real?",
      "annotations": {},
      "timestamp": "0"
    },
    {
      "line": "I say",
      "annotations": {},
      "timestamp": "0"
    },
    {
      "line": "All these pain in my heart",
      "annotations": {},
      "timestamp": "0"
    },
    {
      "line": "Got me questioning",
      "annotations": {},
      "timestamp": "0"
    },
    {
      "line": "What is real?",
      "annotations": {},
      "timestamp": "0"
    },
    {
      "line": "Am I real?",
      "annotations": {},
      "timestamp": "0"
    },
    {
      "line": "Are you real?",
      "annotations": {},
      "timestamp": "0"
    },
    {
      "line": "Eh!",
      "annotations": {},
      "timestamp": "0"
    },
    {
      "line": "I was faded on the gasoline",
      "annotations": {},
      "timestamp": "0"
    },
    {
      "line": "Working on the miles on miles on miles on miles",
      "annotations": {},
      "timestamp": "0"
    },
    {
      "line": "Have been down this road before",
      "annotations": {},
      "timestamp": "0"
    },
    {
      "line": "Oh oh oh",
      "annotations": {},
      "timestamp": "0"
    },
    {
      "line": "Tell me am I real?",
      "annotations": {},
      "timestamp": "0"
    },
    {
      "line": "Cos I don’t feel like they know more",
      "annotations": {},
      "timestamp": "0"
    },
    {
      "line": "My heart won’t beat, won’t feel nothing no more",
      "annotations": {},
      "timestamp": "0"
    },
    {
      "line": "So tell me, tell me am I real?",
      "annotations": {},
      "timestamp": "0"
    },
    {
      "line": "Love hurts",
      "annotations": {},
      "timestamp": "0"
    },
    {
      "line": "Huddling my ducks and tossing",
      "annotations": {},
      "timestamp": "0"
    },
    {
      "line": "All these arrows",
      "annotations": {},
      "timestamp": "0"
    },
    {
      "line": "We’ve got love before",
      "annotations": {},
      "timestamp": "0"
    },
    {
      "line": "Love and ashes",
      "annotations": {},
      "timestamp": "0"
    },
    {
      "line": "Gas and passes",
      "annotations": {},
      "timestamp": "0"
    },
    {
      "line": "I’ve been tryna get myself right",
      "annotations": {},
      "timestamp": "0"
    },
    {
      "line": "Faded, faded and I lose focus",
      "annotations": {},
      "timestamp": "0"
    },
    {
      "line": "I’m focused, focused and I lose",
      "annotations": {},
      "timestamp": "0"
    },
    {
      "line": "What’s really matters",
      "annotations": {},
      "timestamp": "0"
    },
    {
      "line": "Girl would you take my mind off it",
      "annotations": {},
      "timestamp": "0"
    },
    {
      "line": "So, can somebody tell me am I real?",
      "annotations": {},
      "timestamp": "0"
    },
    {
      "line": "Can you please tell me am I real?",
      "annotations": {},
      "timestamp": "0"
    },
    {
      "line": "Tell me what is real",
      "annotations": {},
      "timestamp": "0"
    },
    {
      "line": "Can you tell me what is real?",
      "annotations": {},
      "timestamp": "0"
    },
    {
      "line": "Cos my heart won’t feel no more",
      "annotations": {},
      "timestamp": "0"
    },
    {
      "line": "And I gotta savour this to the end of the week so",
      "annotations": {},
      "timestamp": "0"
    },
    {
      "line": "Can you tell me . .",
      "annotations": {},
      "timestamp": "0"
    },
    {
      "line": "What is real?",
      "annotations": {},
      "timestamp": "0"
    },
    {
      "line": "Down this road before",
      "annotations": {},
      "timestamp": "0"
    },
    {
      "line": "I say, we’ve all been down this road before",
      "annotations": {},
      "timestamp": "0"
    },
    {
      "line": "Down this road",
      "annotations": {},
      "timestamp": "0"
    },
    {
      "line": "We’ve all been down this road before",
      "annotations": {},
      "timestamp": "0"
    },
    {
      "line": "I could have sold myself to your feelings",
      "annotations": {},
      "timestamp": "0"
    },
    {
      "line": "Filled me last night",
      "annotations": {},
      "timestamp": "0"
    },
    {
      "line": "I say I’ve been down this road before",
      "annotations": {},
      "timestamp": "0"
    },
    {
      "line": "I’ve been down this road before",
      "annotations": {},
      "timestamp": "0"
    },
    {
      "line": "So, tell me what is real",
      "annotations": {},
      "timestamp": "0"
    },
    {
      "line": "Cos my life don’t matter",
      "annotations": {},
      "timestamp": "0"
    },
    {
      "line": "And you wanna see me really suffer",
      "annotations": {},
      "timestamp": "0"
    },
    {
      "line": "I gotta do it before I lose my mind",
      "annotations": {},
      "timestamp": "0"
    },
    {
      "line": "So tell me is it really love that set you free?",
      "annotations": {},
      "timestamp": "0"
    },
    {
      "line": "Cos it evolve to this money spree",
      "annotations": {},
      "timestamp": "0"
    },
    {
      "line": "Spend it just to feel what you really relay but you fucking let go",
      "annotations": {},
      "timestamp": "0"
    },
    {
      "line": "So tell me am I real?",
      "annotations": {},
      "timestamp": "0"
    },
    {
      "line": "Can you tell me what is fucking real?",
      "annotations": {},
      "timestamp": "0"
    },
    {
      "line": "Prodding am I real?",
      "annotations": {},
      "timestamp": "0"
    },
    {
      "line": "Can you tell me what is fucking real?",
      "annotations": {},
      "timestamp": "0"
    },
    {
      "line": "Cos could have sworn that I’ve been down this road before",
      "annotations": {},
      "timestamp": "0"
    },
    {
      "line": "So tell me am I real?",
      "annotations": {},
      "timestamp": "0"
    },
    {
      "line": "Can you tell me are we fucking real?",
      "annotations": {},
      "timestamp": "0"
    },
    {
      "line": "Real in here",
      "annotations": {},
      "timestamp": "0"
    },
    {
      "line": "Yeah",
      "annotations": {},
      "timestamp": "0"
    },
    {
      "line": "Real shit!",
      "annotations": {},
      "timestamp": "0"
    }
  ]
}