{
  "song_title": "Conterminous",
  "writer": "Frith Hilton",
  "release_date": "January 18, 2023",
  "cover": "https://frithhilton.com.ng/musicpool/covers/2/14.jpg",
  "mp3_url": "https://frithhilton.com.ng/mp3/2/1.) Conterminous.mp3",
  "duration": 187.74204081632652,
  "id": "14",
  "lyrics": [
    {
      "line": "[Verse 1]",
      "annotations": {},
      "timestamp": "0"
    },
    {
      "line": "Okay",
      "annotations": {},
      "timestamp": "0"
    },
    {
      "line": "I’m about to go full blow",
      "annotations": {},
      "timestamp": "0"
    },
    {
      "line": "Motherfucker",
      "annotations": {},
      "timestamp": "0"
    },
    {
      "line": "When you see my u in my fuck, we fuck",
      "annotations": {},
      "timestamp": "0"
    },
    {
      "line": "Then you know that is no fucking duck",
      "annotations": {},
      "timestamp": "0"
    },
    {
      "line": "It’s your fucking dawg",
      "annotations": {},
      "timestamp": "0"
    },
    {
      "line": "About to metamorphosise",
      "annotations": {},
      "timestamp": "0"
    },
    {
      "line": "Then I'm about to tear it from the fucking worth",
      "annotations": {},
      "timestamp": "0"
    },
    {
      "line": "Deporting restriction that I call this due",
      "annotations": {},
      "timestamp": "0"
    },
    {
      "line": "Boy!",
      "annotations": {},
      "timestamp": "0"
    },
    {
      "line": "It is the fucking world",
      "annotations": {},
      "timestamp": "0"
    },
    {
      "line": "It is the fucker",
      "annotations": {},
      "timestamp": "0"
    },
    {
      "line": "Ah!",
      "annotations": {},
      "timestamp": "0"
    },
    {
      "line": "Clock boy",
      "annotations": {},
      "timestamp": "0"
    },
    {
      "line": "I’m cutting these Niggers out",
      "annotations": {},
      "timestamp": "0"
    },
    {
      "line": "Cos I never had time to be acting like a fucking coy",
      "annotations": {},
      "timestamp": "0"
    },
    {
      "line": "I’m that fucking cog in the fucking system",
      "annotations": {},
      "timestamp": "0"
    },
    {
      "line": "I make things run",
      "annotations": {},
      "timestamp": "0"
    },
    {
      "line": "So you better stick to the damn wheel",
      "annotations": {},
      "timestamp": "0"
    },
    {
      "line": "Or I might pivot your ass",
      "annotations": {},
      "timestamp": "0"
    },
    {
      "line": "Make you fucking count seconds",
      "annotations": {},
      "timestamp": "0"
    },
    {
      "line": "Like it was that time",
      "annotations": {},
      "timestamp": "0"
    },
    {
      "line": "Deal Motherfucker",
      "annotations": {},
      "timestamp": "0"
    },
    {
      "line": "Deal Motherfucker",
      "annotations": {},
      "timestamp": "0"
    },
    {
      "line": "Strum this colour in the damn rainbow",
      "annotations": {},
      "timestamp": "0"
    },
    {
      "line": "Like you tryna gill mothеrfucker",
      "annotations": {},
      "timestamp": "0"
    },
    {
      "line": "Grill all these n ggеrs on the fucking plank",
      "annotations": {},
      "timestamp": "0"
    },
    {
      "line": "They never had time",
      "annotations": {},
      "timestamp": "0"
    },
    {
      "line": "All they ever do is fucking bang, bang",
      "annotations": {},
      "timestamp": "0"
    },
    {
      "line": "Yeah",
      "annotations": {},
      "timestamp": "0"
    },
    {
      "line": "",
      "annotations": {},
      "timestamp": "0"
    },
    {
      "line": "[Verse 2]",
      "annotations": {},
      "timestamp": "0"
    },
    {
      "line": "I heard Niggers who were out there",
      "annotations": {},
      "timestamp": "0"
    },
    {
      "line": "Doing more trucks than the empire",
      "annotations": {},
      "timestamp": "0"
    },
    {
      "line": "Now I'm counting this money",
      "annotations": {},
      "timestamp": "0"
    },
    {
      "line": "With the fucking sp ce in between",
      "annotations": {},
      "timestamp": "0"
    },
    {
      "line": "They ain’t",
      "annotations": {},
      "timestamp": "0"
    },
    {
      "line": "She was the prettiest",
      "annotations": {},
      "timestamp": "0"
    },
    {
      "line": "Bout to get out of my mind",
      "annotations": {},
      "timestamp": "0"
    },
    {
      "line": "Cos I am out with the wolves",
      "annotations": {},
      "timestamp": "0"
    },
    {
      "line": "And we don’t take fucking death knee",
      "annotations": {},
      "timestamp": "0"
    },
    {
      "line": "We know who you’re fucking",
      "annotations": {},
      "timestamp": "0"
    },
    {
      "line": "Afford your sou",
      "annotations": {},
      "timestamp": "0"
    },
    {
      "line": "Yo, better get it right",
      "annotations": {},
      "timestamp": "0"
    },
    {
      "line": "No love on this board",
      "annotations": {},
      "timestamp": "0"
    },
    {
      "line": "When I'm speaking, wist",
      "annotations": {},
      "timestamp": "0"
    },
    {
      "line": "It is this fucking, this fucking speak like",
      "annotations": {},
      "timestamp": "0"
    },
    {
      "line": "This new form",
      "annotations": {},
      "timestamp": "0"
    },
    {
      "line": "Motherfucker around me, reborn",
      "annotations": {},
      "timestamp": "0"
    },
    {
      "line": "I ‘on’t even have time for these new ones",
      "annotations": {},
      "timestamp": "0"
    },
    {
      "line": "They better get it right",
      "annotations": {},
      "timestamp": "0"
    },
    {
      "line": "Or stick with the reborns",
      "annotations": {},
      "timestamp": "0"
    },
    {
      "line": "Cos I'm still caught up with the",
      "annotations": {},
      "timestamp": "0"
    },
    {
      "line": "fucking flexing Niggers, flexing Niggers",
      "annotations": {},
      "timestamp": "0"
    },
    {
      "line": "Acting like he’s still flexing those muscles",
      "annotations": {},
      "timestamp": "0"
    },
    {
      "line": "I’m out here when I'm flexing these damn muscles",
      "annotations": {},
      "timestamp": "0"
    },
    {
      "line": "All the zeros",
      "annotations": {},
      "timestamp": "0"
    },
    {
      "line": "A wiz in my fucking incline",
      "annotations": {},
      "timestamp": "0"
    },
    {
      "line": "So you better get ready for fucking my recluse",
      "annotations": {},
      "timestamp": "0"
    },
    {
      "line": "They might eat you up",
      "annotations": {},
      "timestamp": "0"
    },
    {
      "line": "Before the evil speak",
      "annotations": {},
      "timestamp": "0"
    },
    {
      "line": "I ‘on’t even have time",
      "annotations": {},
      "timestamp": "0"
    },
    {
      "line": "For these Niggers caught up",
      "annotations": {},
      "timestamp": "0"
    },
    {
      "line": "In the psychological warfare of the millean",
      "annotations": {},
      "timestamp": "0"
    },
    {
      "line": "I’m not even down",
      "annotations": {},
      "timestamp": "0"
    },
    {
      "line": "I’m the fucking new born boy",
      "annotations": {},
      "timestamp": "0"
    },
    {
      "line": "Take a shit",
      "annotations": {},
      "timestamp": "0"
    },
    {
      "line": "Wake up shit",
      "annotations": {},
      "timestamp": "0"
    },
    {
      "line": "On my fucking shit",
      "annotations": {},
      "timestamp": "0"
    },
    {
      "line": "Like it’s that coffee shit",
      "annotations": {},
      "timestamp": "0"
    },
    {
      "line": "Cubes in my brain",
      "annotations": {},
      "timestamp": "0"
    },
    {
      "line": "They ain’t fucking tweaking",
      "annotations": {},
      "timestamp": "0"
    },
    {
      "line": "Clang on my brain",
      "annotations": {},
      "timestamp": "0"
    },
    {
      "line": "That’s the fucking w ng",
      "annotations": {},
      "timestamp": "0"
    },
    {
      "line": "Like I am from china",
      "annotations": {},
      "timestamp": "0"
    },
    {
      "line": "I don’t even have time",
      "annotations": {},
      "timestamp": "0"
    },
    {
      "line": "With this fucking anthro pod poor boys",
      "annotations": {},
      "timestamp": "0"
    },
    {
      "line": "I am in the next cut",
      "annotations": {},
      "timestamp": "0"
    },
    {
      "line": "Colourful sync like",
      "annotations": {},
      "timestamp": "0"
    },
    {
      "line": "It is a fucking wake quiz speaking",
      "annotations": {},
      "timestamp": "0"
    },
    {
      "line": "Is that me?",
      "annotations": {},
      "timestamp": "0"
    },
    {
      "line": "I don’t even know",
      "annotations": {},
      "timestamp": "0"
    },
    {
      "line": "I think I’ll just return myself to my lover",
      "annotations": {},
      "timestamp": "0"
    },
    {
      "line": "(laughter)",
      "annotations": {},
      "timestamp": "0"
    }
  ]
}