{
  "song_title": "Forever",
  "writer": "Frith Hilton",
  "release_date": "January 18, 2023",
  "cover": "https://frithhilton.com.ng/musicpool/covers/2/15.jpg",
  "mp3_url": "https://frithhilton.com.ng/mp3/2/2.) Forever.mp3",
  "duration": 219.8204081632653,
  "id": "15",
  "lyrics": [
    {
      "line": "[Intro]",
      "annotations": {},
      "timestamp": "0"
    },
    {
      "line": "How we started from the best",
      "annotations": {},
      "timestamp": "0"
    },
    {
      "line": "Had me feeling it would last forever",
      "annotations": {},
      "timestamp": "0"
    },
    {
      "line": "What if my airbag",
      "annotations": {},
      "timestamp": "0"
    },
    {
      "line": "Got the thought",
      "annotations": {},
      "timestamp": "0"
    },
    {
      "line": "This stick was the answer",
      "annotations": {},
      "timestamp": "0"
    },
    {
      "line": "",
      "annotations": {},
      "timestamp": "0"
    },
    {
      "line": "[Verse 1]",
      "annotations": {},
      "timestamp": "0"
    },
    {
      "line": "I don’t want her sake about it",
      "annotations": {},
      "timestamp": "0"
    },
    {
      "line": "I don’t wanna call your stream tomorrow",
      "annotations": {},
      "timestamp": "0"
    },
    {
      "line": "I don’t wanna say goodbye",
      "annotations": {},
      "timestamp": "0"
    },
    {
      "line": "I don’t wanna call you stray tomorrow",
      "annotations": {},
      "timestamp": "0"
    },
    {
      "line": "Down, I'm back with my backpack",
      "annotations": {},
      "timestamp": "0"
    },
    {
      "line": "You’re not sober to it though",
      "annotations": {},
      "timestamp": "0"
    },
    {
      "line": "In the con, I am gone",
      "annotations": {},
      "timestamp": "0"
    },
    {
      "line": "One law, all day, I want this",
      "annotations": {},
      "timestamp": "0"
    },
    {
      "line": "Ah!",
      "annotations": {},
      "timestamp": "0"
    },
    {
      "line": "One flaw",
      "annotations": {},
      "timestamp": "0"
    },
    {
      "line": "Is it alright I want this",
      "annotations": {},
      "timestamp": "0"
    },
    {
      "line": "I want this sin on mile",
      "annotations": {},
      "timestamp": "0"
    },
    {
      "line": "Out of clothes",
      "annotations": {},
      "timestamp": "0"
    },
    {
      "line": "Oh, you’re erotic",
      "annotations": {},
      "timestamp": "0"
    },
    {
      "line": "Feeling like these words",
      "annotations": {},
      "timestamp": "0"
    },
    {
      "line": "Hold all of your answer",
      "annotations": {},
      "timestamp": "0"
    },
    {
      "line": "Hold me, your answer",
      "annotations": {},
      "timestamp": "0"
    },
    {
      "line": "Got me stuck",
      "annotations": {},
      "timestamp": "0"
    },
    {
      "line": "Come and position your classes",
      "annotations": {},
      "timestamp": "0"
    },
    {
      "line": "I’m so caught up in all the passes",
      "annotations": {},
      "timestamp": "0"
    },
    {
      "line": "I’m not sure if I can buy this",
      "annotations": {},
      "timestamp": "0"
    },
    {
      "line": "I’m out here in a shelter",
      "annotations": {},
      "timestamp": "0"
    },
    {
      "line": "Thenar the addict",
      "annotations": {},
      "timestamp": "0"
    },
    {
      "line": "",
      "annotations": {},
      "timestamp": "0"
    },
    {
      "line": "[Verse 2]",
      "annotations": {},
      "timestamp": "0"
    },
    {
      "line": "How we started from you lying on me",
      "annotations": {},
      "timestamp": "0"
    },
    {
      "line": "What’s the . . . your answer",
      "annotations": {},
      "timestamp": "0"
    },
    {
      "line": "How you tame my ken",
      "annotations": {},
      "timestamp": "0"
    },
    {
      "line": "Got me feeling like who is diablo",
      "annotations": {},
      "timestamp": "0"
    },
    {
      "line": "(she’s only a guardian)",
      "annotations": {},
      "timestamp": "0"
    },
    {
      "line": "How you got me feeling like",
      "annotations": {},
      "timestamp": "0"
    },
    {
      "line": "Now I'm about estranged up",
      "annotations": {},
      "timestamp": "0"
    },
    {
      "line": "No more nice hoe",
      "annotations": {},
      "timestamp": "0"
    },
    {
      "line": "Halley your answer",
      "annotations": {},
      "timestamp": "0"
    },
    {
      "line": "You have me feeling like",
      "annotations": {},
      "timestamp": "0"
    },
    {
      "line": "Let’s be your answer",
      "annotations": {},
      "timestamp": "0"
    },
    {
      "line": "Sometimes I feel it",
      "annotations": {},
      "timestamp": "0"
    },
    {
      "line": "That’s it, your answer",
      "annotations": {},
      "timestamp": "0"
    },
    {
      "line": "Call me, I hope you dial",
      "annotations": {},
      "timestamp": "0"
    },
    {
      "line": "If you don’t call",
      "annotations": {},
      "timestamp": "0"
    },
    {
      "line": "Then you are over",
      "annotations": {},
      "timestamp": "0"
    },
    {
      "line": "Sorry, if I think",
      "annotations": {},
      "timestamp": "0"
    },
    {
      "line": "You’re a broke ass sober",
      "annotations": {},
      "timestamp": "0"
    },
    {
      "line": "If you love me",
      "annotations": {},
      "timestamp": "0"
    },
    {
      "line": "Then you will take a bag",
      "annotations": {},
      "timestamp": "0"
    },
    {
      "line": "I’m clambering what you’re unto",
      "annotations": {},
      "timestamp": "0"
    },
    {
      "line": "",
      "annotations": {},
      "timestamp": "0"
    },
    {
      "line": "[Verse 3]",
      "annotations": {},
      "timestamp": "0"
    },
    {
      "line": "I love it",
      "annotations": {},
      "timestamp": "0"
    },
    {
      "line": "I love it",
      "annotations": {},
      "timestamp": "0"
    },
    {
      "line": "I’ll call this tea",
      "annotations": {},
      "timestamp": "0"
    },
    {
      "line": "It is never in need girl",
      "annotations": {},
      "timestamp": "0"
    },
    {
      "line": "When I'm with you",
      "annotations": {},
      "timestamp": "0"
    },
    {
      "line": "It is unreal",
      "annotations": {},
      "timestamp": "0"
    },
    {
      "line": "It is never in need girl",
      "annotations": {},
      "timestamp": "0"
    },
    {
      "line": "When I'm with you",
      "annotations": {},
      "timestamp": "0"
    },
    {
      "line": "We sound euro",
      "annotations": {},
      "timestamp": "0"
    },
    {
      "line": "Beautiful",
      "annotations": {},
      "timestamp": "0"
    },
    {
      "line": "If I had a levant",
      "annotations": {},
      "timestamp": "0"
    },
    {
      "line": "I know I am here the evil",
      "annotations": {},
      "timestamp": "0"
    },
    {
      "line": "Made decisions",
      "annotations": {},
      "timestamp": "0"
    },
    {
      "line": "Now I can’t get through the heliox",
      "annotations": {},
      "timestamp": "0"
    },
    {
      "line": "All these preachers",
      "annotations": {},
      "timestamp": "0"
    },
    {
      "line": "All these vigils",
      "annotations": {},
      "timestamp": "0"
    },
    {
      "line": "Hold the lamp and touch your hair",
      "annotations": {},
      "timestamp": "0"
    },
    {
      "line": "I like the image",
      "annotations": {},
      "timestamp": "0"
    },
    {
      "line": "Never tapping even though",
      "annotations": {},
      "timestamp": "0"
    },
    {
      "line": "We had a lunch toy",
      "annotations": {},
      "timestamp": "0"
    },
    {
      "line": "How you got it to me",
      "annotations": {},
      "timestamp": "0"
    },
    {
      "line": "Leave the ceiling on",
      "annotations": {},
      "timestamp": "0"
    },
    {
      "line": "You know now this feeling",
      "annotations": {},
      "timestamp": "0"
    },
    {
      "line": "It is forever",
      "annotations": {},
      "timestamp": "0"
    },
    {
      "line": "How you had me from the start",
      "annotations": {},
      "timestamp": "0"
    },
    {
      "line": "Had me feeling",
      "annotations": {},
      "timestamp": "0"
    },
    {
      "line": "Who is he . . . the . . . your answer",
      "annotations": {},
      "timestamp": "0"
    },
    {
      "line": "How you tame my heart",
      "annotations": {},
      "timestamp": "0"
    },
    {
      "line": "Had me feeling like this is the end",
      "annotations": {},
      "timestamp": "0"
    },
    {
      "line": "",
      "annotations": {},
      "timestamp": "0"
    },
    {
      "line": "[Outro]",
      "annotations": {},
      "timestamp": "0"
    },
    {
      "line": "I like to tame the heart",
      "annotations": {},
      "timestamp": "0"
    },
    {
      "line": "I want to work with some of that bane",
      "annotations": {},
      "timestamp": "0"
    },
    {
      "line": "I like you",
      "annotations": {},
      "timestamp": "0"
    },
    {
      "line": "So we can see if we love",
      "annotations": {},
      "timestamp": "0"
    },
    {
      "line": "You k!lled that shame, you",
      "annotations": {},
      "timestamp": "0"
    }
  ]
}