{
  "song_title": "Not on my mobile",
  "writer": "Frith Hilton",
  "release_date": "January 18, 2023",
  "cover": "https://unluckiest-refund.000webhostapp.com/Colourful%20light/Track%203/Cover.jpg",
  "mp3_url": "https://frithhilton.com.ng/mp3/2/3.) Not on my mobile.mp3",
  "duration": 218.5665306122449,
  "id": "16",
  "lyrics": [
    {
      "line": "[Intro]",
      "annotations": {},
      "timestamp": "0"
    },
    {
      "line": "Ah!",
      "annotations": {},
      "timestamp": "0"
    },
    {
      "line": "You gotta stack that emo shit",
      "annotations": {},
      "timestamp": "0"
    },
    {
      "line": "I love pretty girls",
      "annotations": {},
      "timestamp": "0"
    },
    {
      "line": "",
      "annotations": {},
      "timestamp": "0"
    },
    {
      "line": "[Chorus]",
      "annotations": {},
      "timestamp": "0"
    },
    {
      "line": "I’m not on my mobile",
      "annotations": {},
      "timestamp": "0"
    },
    {
      "line": "You can’t reach me now",
      "annotations": {},
      "timestamp": "0"
    },
    {
      "line": "But dance with me",
      "annotations": {},
      "timestamp": "0"
    },
    {
      "line": "Dance with me",
      "annotations": {},
      "timestamp": "0"
    },
    {
      "line": "Dance with me",
      "annotations": {},
      "timestamp": "0"
    },
    {
      "line": "I’m not on my mobile",
      "annotations": {},
      "timestamp": "0"
    },
    {
      "line": "You can’t reach me now",
      "annotations": {},
      "timestamp": "0"
    },
    {
      "line": "Just bear with me",
      "annotations": {},
      "timestamp": "0"
    },
    {
      "line": "Bear with me",
      "annotations": {},
      "timestamp": "0"
    },
    {
      "line": "Bear with me",
      "annotations": {},
      "timestamp": "0"
    },
    {
      "line": "I feel like I'm on the fucking appalachian",
      "annotations": {},
      "timestamp": "0"
    },
    {
      "line": "I get alone on henney",
      "annotations": {},
      "timestamp": "0"
    },
    {
      "line": "Not knowing how to act",
      "annotations": {},
      "timestamp": "0"
    },
    {
      "line": "I feel like I'm on the fucking appalachian mountains",
      "annotations": {},
      "timestamp": "0"
    },
    {
      "line": "I’ma go to naples just to say I made it here",
      "annotations": {},
      "timestamp": "0"
    },
    {
      "line": "",
      "annotations": {},
      "timestamp": "0"
    },
    {
      "line": "[Verse 1]",
      "annotations": {},
      "timestamp": "0"
    },
    {
      "line": "All right",
      "annotations": {},
      "timestamp": "0"
    },
    {
      "line": "I’m in the himalayas",
      "annotations": {},
      "timestamp": "0"
    },
    {
      "line": "Just left the caribbean",
      "annotations": {},
      "timestamp": "0"
    },
    {
      "line": "I went to the mediterranean",
      "annotations": {},
      "timestamp": "0"
    },
    {
      "line": "Her soul, she got her issues",
      "annotations": {},
      "timestamp": "0"
    },
    {
      "line": "Like, I don’t know",
      "annotations": {},
      "timestamp": "0"
    },
    {
      "line": "She’s everything that makes you dance",
      "annotations": {},
      "timestamp": "0"
    },
    {
      "line": "Pay issues",
      "annotations": {},
      "timestamp": "0"
    },
    {
      "line": "And I love her fucking skyline",
      "annotations": {},
      "timestamp": "0"
    },
    {
      "line": "Reminds me of my picks back home",
      "annotations": {},
      "timestamp": "0"
    },
    {
      "line": "Honking weird like that",
      "annotations": {},
      "timestamp": "0"
    },
    {
      "line": "No time to . . . past home",
      "annotations": {},
      "timestamp": "0"
    },
    {
      "line": "Now I am counting these stacks",
      "annotations": {},
      "timestamp": "0"
    },
    {
      "line": "Like this is my zone",
      "annotations": {},
      "timestamp": "0"
    },
    {
      "line": "And everything I do",
      "annotations": {},
      "timestamp": "0"
    },
    {
      "line": "I just put it on . . .",
      "annotations": {},
      "timestamp": "0"
    },
    {
      "line": "On the fucking bobber",
      "annotations": {},
      "timestamp": "0"
    },
    {
      "line": "Knowing it is moving my boulder",
      "annotations": {},
      "timestamp": "0"
    },
    {
      "line": "Da da da da data",
      "annotations": {},
      "timestamp": "0"
    },
    {
      "line": "I say I'm not with my cell phone",
      "annotations": {},
      "timestamp": "0"
    },
    {
      "line": "You can’t reach me now but",
      "annotations": {},
      "timestamp": "0"
    },
    {
      "line": "Please proceed with your call",
      "annotations": {},
      "timestamp": "0"
    },
    {
      "line": "Your call",
      "annotations": {},
      "timestamp": "0"
    },
    {
      "line": "I’ll reach you back",
      "annotations": {},
      "timestamp": "0"
    },
    {
      "line": "I’m not with my phone",
      "annotations": {},
      "timestamp": "0"
    },
    {
      "line": "You can’t, you can’t reach me now",
      "annotations": {},
      "timestamp": "0"
    },
    {
      "line": "But it is like",
      "annotations": {},
      "timestamp": "0"
    },
    {
      "line": "Monday, tuesday, wednesday, thursday, friday",
      "annotations": {},
      "timestamp": "0"
    },
    {
      "line": "I stay busy, I stay counting",
      "annotations": {},
      "timestamp": "0"
    },
    {
      "line": "I stay stacking, I stay lounging",
      "annotations": {},
      "timestamp": "0"
    },
    {
      "line": "I stay doing everything bulging",
      "annotations": {},
      "timestamp": "0"
    },
    {
      "line": "The bag in candid now",
      "annotations": {},
      "timestamp": "0"
    },
    {
      "line": "And I'm back in this county",
      "annotations": {},
      "timestamp": "0"
    },
    {
      "line": "And I'm making that counting",
      "annotations": {},
      "timestamp": "0"
    },
    {
      "line": "And I am acting like this is not the coming",
      "annotations": {},
      "timestamp": "0"
    },
    {
      "line": "We don’t be counting like we cheesy",
      "annotations": {},
      "timestamp": "0"
    },
    {
      "line": "I am with the chisel",
      "annotations": {},
      "timestamp": "0"
    },
    {
      "line": "So I had to go for the babe",
      "annotations": {},
      "timestamp": "0"
    },
    {
      "line": "Like she was the damn best from the start",
      "annotations": {},
      "timestamp": "0"
    },
    {
      "line": "That’s the rest",
      "annotations": {},
      "timestamp": "0"
    },
    {
      "line": "I’ll keep it with the middle",
      "annotations": {},
      "timestamp": "0"
    },
    {
      "line": "Like I left the fucking index",
      "annotations": {},
      "timestamp": "0"
    },
    {
      "line": "Cos I must be fucking moving",
      "annotations": {},
      "timestamp": "0"
    },
    {
      "line": "Till I’ll stick that ring on the pinkie",
      "annotations": {},
      "timestamp": "0"
    },
    {
      "line": "And I’ll look back to the time",
      "annotations": {},
      "timestamp": "0"
    },
    {
      "line": "When it was just you and I",
      "annotations": {},
      "timestamp": "0"
    },
    {
      "line": "And I thought we had everything",
      "annotations": {},
      "timestamp": "0"
    },
    {
      "line": "But the fucking love",
      "annotations": {},
      "timestamp": "0"
    },
    {
      "line": "Now we got the stacks",
      "annotations": {},
      "timestamp": "0"
    },
    {
      "line": "And we have the love",
      "annotations": {},
      "timestamp": "0"
    },
    {
      "line": "What’s that",
      "annotations": {},
      "timestamp": "0"
    },
    {
      "line": "It is just the decibels going higher",
      "annotations": {},
      "timestamp": "0"
    },
    {
      "line": "Till we hit the roof",
      "annotations": {},
      "timestamp": "0"
    },
    {
      "line": "So I don’t play",
      "annotations": {},
      "timestamp": "0"
    },
    {
      "line": "So I don’t choke",
      "annotations": {},
      "timestamp": "0"
    },
    {
      "line": "I just keep with the stacking",
      "annotations": {},
      "timestamp": "0"
    },
    {
      "line": "I just keep with the mapping",
      "annotations": {},
      "timestamp": "0"
    },
    {
      "line": "I just keep with the laughter",
      "annotations": {},
      "timestamp": "0"
    },
    {
      "line": "I don’t let nobody put me on a doobie",
      "annotations": {},
      "timestamp": "0"
    },
    {
      "line": "Can’t fly",
      "annotations": {},
      "timestamp": "0"
    },
    {
      "line": "I don’t let nobody put me on a rover",
      "annotations": {},
      "timestamp": "0"
    },
    {
      "line": "That ain’t got no name",
      "annotations": {},
      "timestamp": "0"
    },
    {
      "line": "We still roll in this bitch",
      "annotations": {},
      "timestamp": "0"
    },
    {
      "line": "And I don’t really preach",
      "annotations": {},
      "timestamp": "0"
    },
    {
      "line": "I just do my own thing",
      "annotations": {},
      "timestamp": "0"
    },
    {
      "line": "Just to say I'm that rich",
      "annotations": {},
      "timestamp": "0"
    },
    {
      "line": "And I don’t even play with a frown",
      "annotations": {},
      "timestamp": "0"
    },
    {
      "line": "Cos I'm not for that",
      "annotations": {},
      "timestamp": "0"
    },
    {
      "line": "I’m just with the smiles",
      "annotations": {},
      "timestamp": "0"
    },
    {
      "line": "Hold up, it is the boy like",
      "annotations": {},
      "timestamp": "0"
    },
    {
      "line": "I’m not on my cell phone",
      "annotations": {},
      "timestamp": "0"
    },
    {
      "line": "You can’t reach me now",
      "annotations": {},
      "timestamp": "0"
    },
    {
      "line": "But you can leave a message",
      "annotations": {},
      "timestamp": "0"
    },
    {
      "line": "I am stuck at the melee in youth",
      "annotations": {},
      "timestamp": "0"
    },
    {
      "line": "I don’t really go that way",
      "annotations": {},
      "timestamp": "0"
    },
    {
      "line": "But I am probably on some fucking dmt now",
      "annotations": {},
      "timestamp": "0"
    },
    {
      "line": "I’m just trippin’",
      "annotations": {},
      "timestamp": "0"
    },
    {
      "line": "Eh?",
      "annotations": {},
      "timestamp": "0"
    }
  ]
}