{
  "song_title": "No prolix",
  "writer": "Frith Hilton",
  "release_date": "January 18, 2023",
  "cover": "https://frithhilton.com.ng/musicpool/covers/2/17.jpg",
  "mp3_url": "https://frithhilton.com.ng/mp3/2/4.) No prolix.mp3",
  "duration": 225.82857142857142,
  "id": "17",
  "lyrics": [
    {
      "line": "[Intro]",
      "annotations": {},
      "timestamp": "0"
    },
    {
      "line": "I can’t do without her",
      "annotations": {},
      "timestamp": "0"
    },
    {
      "line": "I can’t do without her",
      "annotations": {},
      "timestamp": "0"
    },
    {
      "line": "No lies",
      "annotations": {},
      "timestamp": "0"
    },
    {
      "line": "No lies",
      "annotations": {},
      "timestamp": "0"
    },
    {
      "line": "I can’t do without her",
      "annotations": {},
      "timestamp": "0"
    },
    {
      "line": "No lies",
      "annotations": {},
      "timestamp": "0"
    },
    {
      "line": "No lies",
      "annotations": {},
      "timestamp": "0"
    },
    {
      "line": "",
      "annotations": {},
      "timestamp": "0"
    },
    {
      "line": "[Verse 1]",
      "annotations": {},
      "timestamp": "0"
    },
    {
      "line": "Had me feeling this ain’t no prolix",
      "annotations": {},
      "timestamp": "0"
    },
    {
      "line": "This is about us",
      "annotations": {},
      "timestamp": "0"
    },
    {
      "line": "Uh!",
      "annotations": {},
      "timestamp": "0"
    },
    {
      "line": "And my heart still beats",
      "annotations": {},
      "timestamp": "0"
    },
    {
      "line": "Likened kin",
      "annotations": {},
      "timestamp": "0"
    },
    {
      "line": "Get you out of my",
      "annotations": {},
      "timestamp": "0"
    },
    {
      "line": "I’m in your head",
      "annotations": {},
      "timestamp": "0"
    },
    {
      "line": "Eh!",
      "annotations": {},
      "timestamp": "0"
    },
    {
      "line": "Is it easy just to see it how I say it",
      "annotations": {},
      "timestamp": "0"
    },
    {
      "line": "I don’t know",
      "annotations": {},
      "timestamp": "0"
    },
    {
      "line": "Wiggle it like you laying on a li lo",
      "annotations": {},
      "timestamp": "0"
    },
    {
      "line": "Wing it like a little loud",
      "annotations": {},
      "timestamp": "0"
    },
    {
      "line": "Make it, like I’ll be the lamb",
      "annotations": {},
      "timestamp": "0"
    },
    {
      "line": "When you are last seen I know",
      "annotations": {},
      "timestamp": "0"
    },
    {
      "line": "It keeps turning around",
      "annotations": {},
      "timestamp": "0"
    },
    {
      "line": "Turning around",
      "annotations": {},
      "timestamp": "0"
    },
    {
      "line": "My head spinning on a lever",
      "annotations": {},
      "timestamp": "0"
    },
    {
      "line": "You lay alone",
      "annotations": {},
      "timestamp": "0"
    },
    {
      "line": "It keeps turning around",
      "annotations": {},
      "timestamp": "0"
    },
    {
      "line": "Turning around",
      "annotations": {},
      "timestamp": "0"
    },
    {
      "line": "My head fixed in",
      "annotations": {},
      "timestamp": "0"
    },
    {
      "line": "Now you’re playing delilah",
      "annotations": {},
      "timestamp": "0"
    },
    {
      "line": "The more I see you on that shit",
      "annotations": {},
      "timestamp": "0"
    },
    {
      "line": "Modal share",
      "annotations": {},
      "timestamp": "0"
    },
    {
      "line": "The modal share",
      "annotations": {},
      "timestamp": "0"
    },
    {
      "line": "I like that shit",
      "annotations": {},
      "timestamp": "0"
    },
    {
      "line": "Skip the lottery",
      "annotations": {},
      "timestamp": "0"
    },
    {
      "line": "1 2 go",
      "annotations": {},
      "timestamp": "0"
    },
    {
      "line": "And we stop at 1 3",
      "annotations": {},
      "timestamp": "0"
    },
    {
      "line": "",
      "annotations": {},
      "timestamp": "0"
    },
    {
      "line": "[Verse 2]",
      "annotations": {},
      "timestamp": "0"
    },
    {
      "line": "Wow",
      "annotations": {},
      "timestamp": "0"
    },
    {
      "line": "And I know, and I know",
      "annotations": {},
      "timestamp": "0"
    },
    {
      "line": "Shе loves me",
      "annotations": {},
      "timestamp": "0"
    },
    {
      "line": "Sometimеs I can’t get it right",
      "annotations": {},
      "timestamp": "0"
    },
    {
      "line": "Can’t get it right",
      "annotations": {},
      "timestamp": "0"
    },
    {
      "line": "Sometimes I don’t feel right",
      "annotations": {},
      "timestamp": "0"
    },
    {
      "line": "Don’t feel right",
      "annotations": {},
      "timestamp": "0"
    },
    {
      "line": "How you got me",
      "annotations": {},
      "timestamp": "0"
    },
    {
      "line": "It has me tendon",
      "annotations": {},
      "timestamp": "0"
    },
    {
      "line": "Aim now",
      "annotations": {},
      "timestamp": "0"
    },
    {
      "line": "How you house me thimble",
      "annotations": {},
      "timestamp": "0"
    },
    {
      "line": "Uh whoa oh oh",
      "annotations": {},
      "timestamp": "0"
    },
    {
      "line": "The way you help me",
      "annotations": {},
      "timestamp": "0"
    },
    {
      "line": "When you tend your farm",
      "annotations": {},
      "timestamp": "0"
    },
    {
      "line": "When are you coming around",
      "annotations": {},
      "timestamp": "0"
    },
    {
      "line": "I’m the one who kept my glowing skin",
      "annotations": {},
      "timestamp": "0"
    },
    {
      "line": "I want it for you all day alone",
      "annotations": {},
      "timestamp": "0"
    },
    {
      "line": "Treat all your trip",
      "annotations": {},
      "timestamp": "0"
    },
    {
      "line": "All for the night",
      "annotations": {},
      "timestamp": "0"
    },
    {
      "line": "Yeah",
      "annotations": {},
      "timestamp": "0"
    }
  ]
}