{
  "song_title": "Clones",
  "writer": "Frith Hilton",
  "release_date": "October 30, 2020",
  "cover": "https://frithhilton.com.ng/musicpool/covers/2/18.jpg",
  "mp3_url": "https://frithhilton.com.ng/mp3/2/5.) Clones.mp3",
  "duration": 141.84489795918367,
  "id": "18",
  "lyrics": [
    {
      "line": "[Intro]",
      "annotations": {},
      "timestamp": "0"
    },
    {
      "line": "What is it gonna be the drugs or jess eh?",
      "annotations": {},
      "timestamp": "0"
    },
    {
      "line": "",
      "annotations": {},
      "timestamp": "0"
    },
    {
      "line": "[Bridge]",
      "annotations": {},
      "timestamp": "0"
    },
    {
      "line": "She ain’t into clones",
      "annotations": {},
      "timestamp": "0"
    },
    {
      "line": "I’m a goddamn dope fiend",
      "annotations": {},
      "timestamp": "0"
    },
    {
      "line": "Tap the damn b tton",
      "annotations": {},
      "timestamp": "0"
    },
    {
      "line": "And she edging through the lines",
      "annotations": {},
      "timestamp": "0"
    },
    {
      "line": "She ain’t into clones",
      "annotations": {},
      "timestamp": "0"
    },
    {
      "line": "I’m a goddamn dope fiend",
      "annotations": {},
      "timestamp": "0"
    },
    {
      "line": "Tap the damn b tton",
      "annotations": {},
      "timestamp": "0"
    },
    {
      "line": "And she edging through the lines",
      "annotations": {},
      "timestamp": "0"
    },
    {
      "line": "",
      "annotations": {},
      "timestamp": "0"
    },
    {
      "line": "[Chorus]",
      "annotations": {},
      "timestamp": "0"
    },
    {
      "line": "I can’t get it right when I'm with you",
      "annotations": {},
      "timestamp": "0"
    },
    {
      "line": "Had me feeling like this",
      "annotations": {},
      "timestamp": "0"
    },
    {
      "line": "Ain’t nothing but you",
      "annotations": {},
      "timestamp": "0"
    },
    {
      "line": "I’m cooling on my cellular phone",
      "annotations": {},
      "timestamp": "0"
    },
    {
      "line": "Thoughts of the one",
      "annotations": {},
      "timestamp": "0"
    },
    {
      "line": "Scheming, smoke",
      "annotations": {},
      "timestamp": "0"
    },
    {
      "line": "And that’s all on my head",
      "annotations": {},
      "timestamp": "0"
    },
    {
      "line": "And the voices through my head",
      "annotations": {},
      "timestamp": "0"
    },
    {
      "line": "They ain’t never; can let go",
      "annotations": {},
      "timestamp": "0"
    },
    {
      "line": "So I put the fucking shit on a fucking go",
      "annotations": {},
      "timestamp": "0"
    },
    {
      "line": "Driving through the city I'ma fucking let it go",
      "annotations": {},
      "timestamp": "0"
    },
    {
      "line": "Go, go",
      "annotations": {},
      "timestamp": "0"
    },
    {
      "line": "",
      "annotations": {},
      "timestamp": "0"
    },
    {
      "line": "[Verse 1]",
      "annotations": {},
      "timestamp": "0"
    },
    {
      "line": "She had me cloistered; the wall in",
      "annotations": {},
      "timestamp": "0"
    },
    {
      "line": "Ah!",
      "annotations": {},
      "timestamp": "0"
    },
    {
      "line": "Had me loose on the ropes",
      "annotations": {},
      "timestamp": "0"
    },
    {
      "line": "For her I was slacklining",
      "annotations": {},
      "timestamp": "0"
    },
    {
      "line": "Had it with the role",
      "annotations": {},
      "timestamp": "0"
    },
    {
      "line": "Poem with the rum",
      "annotations": {},
      "timestamp": "0"
    },
    {
      "line": "Snagging stitches on the rove",
      "annotations": {},
      "timestamp": "0"
    }
  ]
}