{
  "song_title": "Needle",
  "writer": "Frith Hilton",
  "release_date": "January 23, 2023",
  "cover": "https://frithhilton.com.ng/musicpool/covers/2/19.jpg",
  "mp3_url": "https://frithhilton.com.ng/mp3/2/6.) Needle.mp3",
  "duration": 205.79265306122448,
  "id": "19",
  "lyrics": [
    {
      "line": "[Intro]",
      "annotations": {},
      "timestamp": "0"
    },
    {
      "line": "My mood gets through the lam",
      "annotations": {},
      "timestamp": "0"
    },
    {
      "line": "I’m going through a needle",
      "annotations": {},
      "timestamp": "0"
    },
    {
      "line": "Ah, I got it, put in my heart",
      "annotations": {},
      "timestamp": "0"
    },
    {
      "line": "This is surreal lam",
      "annotations": {},
      "timestamp": "0"
    },
    {
      "line": "",
      "annotations": {},
      "timestamp": "0"
    },
    {
      "line": "[Verse 1]",
      "annotations": {},
      "timestamp": "0"
    },
    {
      "line": "My mood jet going through",
      "annotations": {},
      "timestamp": "0"
    },
    {
      "line": "A damn rile needle",
      "annotations": {},
      "timestamp": "0"
    },
    {
      "line": "My feelings so prurient",
      "annotations": {},
      "timestamp": "0"
    },
    {
      "line": "damn I’ll serve in your tavern",
      "annotations": {},
      "timestamp": "0"
    },
    {
      "line": "Had to swing, swing",
      "annotations": {},
      "timestamp": "0"
    },
    {
      "line": "She’s giving me the simmer",
      "annotations": {},
      "timestamp": "0"
    },
    {
      "line": "I’m down, the more I pour that shit",
      "annotations": {},
      "timestamp": "0"
    },
    {
      "line": "Loneliness, had the feeling",
      "annotations": {},
      "timestamp": "0"
    },
    {
      "line": "How the feeling so real",
      "annotations": {},
      "timestamp": "0"
    },
    {
      "line": "That they want your name",
      "annotations": {},
      "timestamp": "0"
    },
    {
      "line": "That boast for the nipple",
      "annotations": {},
      "timestamp": "0"
    },
    {
      "line": "That warm oneness",
      "annotations": {},
      "timestamp": "0"
    },
    {
      "line": "To you, a warning on this",
      "annotations": {},
      "timestamp": "0"
    },
    {
      "line": "Got me feeling like it’s all inez",
      "annotations": {},
      "timestamp": "0"
    },
    {
      "line": "The bran on this",
      "annotations": {},
      "timestamp": "0"
    },
    {
      "line": "The mane so thick like",
      "annotations": {},
      "timestamp": "0"
    },
    {
      "line": "Feeling like a sunniness",
      "annotations": {},
      "timestamp": "0"
    },
    {
      "line": "",
      "annotations": {},
      "timestamp": "0"
    },
    {
      "line": "[Chorus]",
      "annotations": {},
      "timestamp": "0"
    },
    {
      "line": "My mood is so worse",
      "annotations": {},
      "timestamp": "0"
    },
    {
      "line": "It’s going through a damn needle",
      "annotations": {},
      "timestamp": "0"
    },
    {
      "line": "My feeling is so poodle",
      "annotations": {},
      "timestamp": "0"
    },
    {
      "line": "This song is so tired",
      "annotations": {},
      "timestamp": "0"
    },
    {
      "line": "(guy, you’rе on aim)",
      "annotations": {},
      "timestamp": "0"
    },
    {
      "line": "My feeling is so bad",
      "annotations": {},
      "timestamp": "0"
    },
    {
      "line": "It is going through a damn needle",
      "annotations": {},
      "timestamp": "0"
    },
    {
      "line": "My feelings so poignant",
      "annotations": {},
      "timestamp": "0"
    },
    {
      "line": "Goddamn, I miss you taylor",
      "annotations": {},
      "timestamp": "0"
    },
    {
      "line": "",
      "annotations": {},
      "timestamp": "0"
    },
    {
      "line": "[Verse 2]",
      "annotations": {},
      "timestamp": "0"
    },
    {
      "line": "Keep saying that shit",
      "annotations": {},
      "timestamp": "0"
    },
    {
      "line": "She tied to mе earlier",
      "annotations": {},
      "timestamp": "0"
    },
    {
      "line": "She’s a goddamn bitch",
      "annotations": {},
      "timestamp": "0"
    },
    {
      "line": "She got a sane bitch",
      "annotations": {},
      "timestamp": "0"
    },
    {
      "line": "Well, I rode to you",
      "annotations": {},
      "timestamp": "0"
    },
    {
      "line": "She saw her leash",
      "annotations": {},
      "timestamp": "0"
    },
    {
      "line": "Lied to millions",
      "annotations": {},
      "timestamp": "0"
    },
    {
      "line": "She’s a goddamn bitch",
      "annotations": {},
      "timestamp": "0"
    },
    {
      "line": "She’ll never leave me",
      "annotations": {},
      "timestamp": "0"
    },
    {
      "line": "That’s on my ship",
      "annotations": {},
      "timestamp": "0"
    },
    {
      "line": "That’s on my whip",
      "annotations": {},
      "timestamp": "0"
    },
    {
      "line": "That’s on my name",
      "annotations": {},
      "timestamp": "0"
    },
    {
      "line": "",
      "annotations": {},
      "timestamp": "0"
    },
    {
      "line": "[Chorus 2]",
      "annotations": {},
      "timestamp": "0"
    },
    {
      "line": "My mood groove going through",
      "annotations": {},
      "timestamp": "0"
    },
    {
      "line": "Going through a damn needle",
      "annotations": {},
      "timestamp": "0"
    },
    {
      "line": "My feelings so poignant",
      "annotations": {},
      "timestamp": "0"
    },
    {
      "line": "This song is for your tavern",
      "annotations": {},
      "timestamp": "0"
    },
    {
      "line": "My mood is so poignant",
      "annotations": {},
      "timestamp": "0"
    },
    {
      "line": "It is going through a damn needle",
      "annotations": {},
      "timestamp": "0"
    },
    {
      "line": "My feeling so poignant",
      "annotations": {},
      "timestamp": "0"
    },
    {
      "line": "This song is for your tavern",
      "annotations": {},
      "timestamp": "0"
    },
    {
      "line": "",
      "annotations": {},
      "timestamp": "0"
    },
    {
      "line": "[Verse 3]",
      "annotations": {},
      "timestamp": "0"
    },
    {
      "line": "Yeah!",
      "annotations": {},
      "timestamp": "0"
    },
    {
      "line": "I like that",
      "annotations": {},
      "timestamp": "0"
    },
    {
      "line": "I like that",
      "annotations": {},
      "timestamp": "0"
    },
    {
      "line": "I’ma, I'ma, I'ma let it keep flowing",
      "annotations": {},
      "timestamp": "0"
    },
    {
      "line": "Like yeah",
      "annotations": {},
      "timestamp": "0"
    },
    {
      "line": "Tell me some shit",
      "annotations": {},
      "timestamp": "0"
    },
    {
      "line": "Tell me some shit",
      "annotations": {},
      "timestamp": "0"
    },
    {
      "line": "You by my sperm a boy",
      "annotations": {},
      "timestamp": "0"
    },
    {
      "line": "Tell me some shit",
      "annotations": {},
      "timestamp": "0"
    },
    {
      "line": "How you had it fucked up",
      "annotations": {},
      "timestamp": "0"
    },
    {
      "line": "And it was on you",
      "annotations": {},
      "timestamp": "0"
    },
    {
      "line": "Ah!",
      "annotations": {},
      "timestamp": "0"
    },
    {
      "line": "I stole the fucking court away",
      "annotations": {},
      "timestamp": "0"
    },
    {
      "line": "I still cry for you all the way",
      "annotations": {},
      "timestamp": "0"
    },
    {
      "line": "I crush",
      "annotations": {},
      "timestamp": "0"
    },
    {
      "line": "I still wanna honour you",
      "annotations": {},
      "timestamp": "0"
    },
    {
      "line": "Loving you is so onerous",
      "annotations": {},
      "timestamp": "0"
    },
    {
      "line": "Got me feeling like this ain’t unto us",
      "annotations": {},
      "timestamp": "0"
    },
    {
      "line": "We got that shit",
      "annotations": {},
      "timestamp": "0"
    },
    {
      "line": "You’re my goddamn shear",
      "annotations": {},
      "timestamp": "0"
    },
    {
      "line": "You’re not putting in",
      "annotations": {},
      "timestamp": "0"
    },
    {
      "line": "No deck, cast my love",
      "annotations": {},
      "timestamp": "0"
    },
    {
      "line": "So emote, so fast",
      "annotations": {},
      "timestamp": "0"
    },
    {
      "line": "Going through her",
      "annotations": {},
      "timestamp": "0"
    },
    {
      "line": "",
      "annotations": {},
      "timestamp": "0"
    },
    {
      "line": "[Chorus 3]",
      "annotations": {},
      "timestamp": "0"
    },
    {
      "line": "My mood is so farce",
      "annotations": {},
      "timestamp": "0"
    },
    {
      "line": "Going through a damn needle",
      "annotations": {},
      "timestamp": "0"
    },
    {
      "line": "Motherfucker it is so poignant",
      "annotations": {},
      "timestamp": "0"
    },
    {
      "line": "This song is for your tavern",
      "annotations": {},
      "timestamp": "0"
    },
    {
      "line": "My mood is so bad",
      "annotations": {},
      "timestamp": "0"
    },
    {
      "line": "It is going through a damn needle",
      "annotations": {},
      "timestamp": "0"
    }
  ]
}