{
  "song_title": "Gold pack",
  "writer": "Frith Hilton",
  "release_date": "January 23, 2023",
  "cover": "https://frithhilton.com.ng/musicpool/covers/2/20.jpg",
  "mp3_url": "https://frithhilton.com.ng/mp3/2/7.) Gold pack.mp3",
  "duration": 210.39020408163265,
  "id": "20",
  "lyrics": [
    {
      "line": "[Intro]",
      "annotations": {},
      "timestamp": "0"
    },
    {
      "line": "I just woke up",
      "annotations": {},
      "timestamp": "0"
    },
    {
      "line": "Sounding like a pro prop",
      "annotations": {},
      "timestamp": "0"
    },
    {
      "line": "I just woke up",
      "annotations": {},
      "timestamp": "0"
    },
    {
      "line": "Sounding like a old prop",
      "annotations": {},
      "timestamp": "0"
    },
    {
      "line": "I’m a kid with a cosh",
      "annotations": {},
      "timestamp": "0"
    },
    {
      "line": "So I'm a fascist",
      "annotations": {},
      "timestamp": "0"
    },
    {
      "line": "I ‘on’t take no fucking call",
      "annotations": {},
      "timestamp": "0"
    },
    {
      "line": "I just take my own for we’re lovers",
      "annotations": {},
      "timestamp": "0"
    },
    {
      "line": "",
      "annotations": {},
      "timestamp": "0"
    },
    {
      "line": "[Verse 1]",
      "annotations": {},
      "timestamp": "0"
    },
    {
      "line": "Paying, paying",
      "annotations": {},
      "timestamp": "0"
    },
    {
      "line": "I’m paying whatever your ounce",
      "annotations": {},
      "timestamp": "0"
    },
    {
      "line": "She never wanted a front star",
      "annotations": {},
      "timestamp": "0"
    },
    {
      "line": "She only wanted what I could serve",
      "annotations": {},
      "timestamp": "0"
    },
    {
      "line": "They never wanted it from the start",
      "annotations": {},
      "timestamp": "0"
    },
    {
      "line": "Now I'm back in the north",
      "annotations": {},
      "timestamp": "0"
    },
    {
      "line": "And I can’t tell my weight on the rope",
      "annotations": {},
      "timestamp": "0"
    },
    {
      "line": "And I'm feeling tao",
      "annotations": {},
      "timestamp": "0"
    },
    {
      "line": "Weigh every word I fucking spat",
      "annotations": {},
      "timestamp": "0"
    },
    {
      "line": "Cos I'm lucky, loco",
      "annotations": {},
      "timestamp": "0"
    },
    {
      "line": "Lock her with the fucking tricks",
      "annotations": {},
      "timestamp": "0"
    },
    {
      "line": "And I'm weak, but I ain’t the no weaker treat",
      "annotations": {},
      "timestamp": "0"
    },
    {
      "line": "But I got the wicker witch",
      "annotations": {},
      "timestamp": "0"
    },
    {
      "line": "I’ma just put it and",
      "annotations": {},
      "timestamp": "0"
    },
    {
      "line": "Lеt the fucking acorns fall out to the basket",
      "annotations": {},
      "timestamp": "0"
    },
    {
      "line": "Evеrything I ever had",
      "annotations": {},
      "timestamp": "0"
    },
    {
      "line": "Put it on the pantaloon",
      "annotations": {},
      "timestamp": "0"
    },
    {
      "line": "Chilling on the helm",
      "annotations": {},
      "timestamp": "0"
    },
    {
      "line": "Make me look like",
      "annotations": {},
      "timestamp": "0"
    },
    {
      "line": "I’m still reeling on the fodder",
      "annotations": {},
      "timestamp": "0"
    },
    {
      "line": "This shit that I had",
      "annotations": {},
      "timestamp": "0"
    },
    {
      "line": "When I was quick",
      "annotations": {},
      "timestamp": "0"
    },
    {
      "line": "Ill quirky, creaking on the bee",
      "annotations": {},
      "timestamp": "0"
    },
    {
      "line": "Yeah, I do it like that",
      "annotations": {},
      "timestamp": "0"
    },
    {
      "line": "Uh oh I should have said Nigga",
      "annotations": {},
      "timestamp": "0"
    },
    {
      "line": "(scoffing)",
      "annotations": {},
      "timestamp": "0"
    },
    {
      "line": "Spit this boy",
      "annotations": {},
      "timestamp": "0"
    },
    {
      "line": "Ow!",
      "annotations": {},
      "timestamp": "0"
    },
    {
      "line": "Like, look at my face",
      "annotations": {},
      "timestamp": "0"
    },
    {
      "line": "I can tell what the time is",
      "annotations": {},
      "timestamp": "0"
    },
    {
      "line": "Tis, tis, tis",
      "annotations": {},
      "timestamp": "0"
    },
    {
      "line": "All I know is",
      "annotations": {},
      "timestamp": "0"
    },
    {
      "line": "Tis, tis, tis, tis, tis, tis",
      "annotations": {},
      "timestamp": "0"
    },
    {
      "line": "Hey, you’re sleeping",
      "annotations": {},
      "timestamp": "0"
    },
    {
      "line": "",
      "annotations": {},
      "timestamp": "0"
    },
    {
      "line": "[Verse 2]",
      "annotations": {},
      "timestamp": "0"
    },
    {
      "line": "I stay with the gold pack",
      "annotations": {},
      "timestamp": "0"
    },
    {
      "line": "Uh!",
      "annotations": {},
      "timestamp": "0"
    },
    {
      "line": "My bob in a good wag",
      "annotations": {},
      "timestamp": "0"
    },
    {
      "line": "Good wag",
      "annotations": {},
      "timestamp": "0"
    },
    {
      "line": "Good wag bro",
      "annotations": {},
      "timestamp": "0"
    },
    {
      "line": "I stay with the gold pack",
      "annotations": {},
      "timestamp": "0"
    },
    {
      "line": "Roll with the good",
      "annotations": {},
      "timestamp": "0"
    },
    {
      "line": "You’re wack",
      "annotations": {},
      "timestamp": "0"
    },
    {
      "line": "You can feel the heat when we come around",
      "annotations": {},
      "timestamp": "0"
    },
    {
      "line": "I don’t smile queen",
      "annotations": {},
      "timestamp": "0"
    },
    {
      "line": "But I do it in the pound",
      "annotations": {},
      "timestamp": "0"
    },
    {
      "line": "I do it in the pound",
      "annotations": {},
      "timestamp": "0"
    },
    {
      "line": "I roll with the pack",
      "annotations": {},
      "timestamp": "0"
    },
    {
      "line": "They won’t make me feel the record",
      "annotations": {},
      "timestamp": "0"
    },
    {
      "line": "Never scared in my head",
      "annotations": {},
      "timestamp": "0"
    },
    {
      "line": "I know it’s a lack",
      "annotations": {},
      "timestamp": "0"
    },
    {
      "line": "Alright",
      "annotations": {},
      "timestamp": "0"
    },
    {
      "line": "She cut me round the fucking back",
      "annotations": {},
      "timestamp": "0"
    },
    {
      "line": "And her steel gold",
      "annotations": {},
      "timestamp": "0"
    },
    {
      "line": "I ‘on’t even know then about you",
      "annotations": {},
      "timestamp": "0"
    },
    {
      "line": "All I know is I'ma fucking do what I really do",
      "annotations": {},
      "timestamp": "0"
    },
    {
      "line": "Tiller hit the place that I keep the kitty do",
      "annotations": {},
      "timestamp": "0"
    },
    {
      "line": "Ooh, ooh howdy dear",
      "annotations": {},
      "timestamp": "0"
    },
    {
      "line": "Do the fucking . . . hail your d ck",
      "annotations": {},
      "timestamp": "0"
    },
    {
      "line": "I’m just going, now I'm perk",
      "annotations": {},
      "timestamp": "0"
    },
    {
      "line": "I’m tryna be me",
      "annotations": {},
      "timestamp": "0"
    },
    {
      "line": "Eh! your hey",
      "annotations": {},
      "timestamp": "0"
    },
    {
      "line": "Wishing well",
      "annotations": {},
      "timestamp": "0"
    },
    {
      "line": "That shit weird",
      "annotations": {},
      "timestamp": "0"
    },
    {
      "line": "Baby asking",
      "annotations": {},
      "timestamp": "0"
    },
    {
      "line": "I just laugh",
      "annotations": {},
      "timestamp": "0"
    },
    {
      "line": "I just laugh like",
      "annotations": {},
      "timestamp": "0"
    },
    {
      "line": "Does she wear a thong",
      "annotations": {},
      "timestamp": "0"
    },
    {
      "line": "Your clapping ass take the stance shit",
      "annotations": {},
      "timestamp": "0"
    },
    {
      "line": "Kobe on this fucking helm mo coup",
      "annotations": {},
      "timestamp": "0"
    },
    {
      "line": "Tryna test shift",
      "annotations": {},
      "timestamp": "0"
    }
  ]
}