{
  "song_title": "Endorphin",
  "writer": "Frith Hilton",
  "release_date": "January 23, 2023",
  "cover": "https://frithhilton.com.ng/musicpool/covers/2/21.jpg",
  "mp3_url": "https://frithhilton.com.ng/mp3/2/8.) Endorphin.mp3",
  "duration": 117.28979591836735,
  "id": "21",
  "lyrics": [
    {
      "line": "[Intro]",
      "annotations": {},
      "timestamp": "0"
    },
    {
      "line": "Yup",
      "annotations": {},
      "timestamp": "0"
    },
    {
      "line": "No one knows that it goes down",
      "annotations": {},
      "timestamp": "0"
    },
    {
      "line": "",
      "annotations": {},
      "timestamp": "0"
    },
    {
      "line": "[Intro]",
      "annotations": {},
      "timestamp": "0"
    },
    {
      "line": "Ah!",
      "annotations": {},
      "timestamp": "0"
    },
    {
      "line": "I’m slow going with the time",
      "annotations": {},
      "timestamp": "0"
    },
    {
      "line": "But I never deem nothing",
      "annotations": {},
      "timestamp": "0"
    },
    {
      "line": "They can’t ever bring me down",
      "annotations": {},
      "timestamp": "0"
    },
    {
      "line": "So why I owe it to these bars",
      "annotations": {},
      "timestamp": "0"
    },
    {
      "line": "Sitting down",
      "annotations": {},
      "timestamp": "0"
    },
    {
      "line": "Shimmy not her love",
      "annotations": {},
      "timestamp": "0"
    },
    {
      "line": "I hope someone hears me around",
      "annotations": {},
      "timestamp": "0"
    },
    {
      "line": "I hope this doesn’t take me down",
      "annotations": {},
      "timestamp": "0"
    },
    {
      "line": "Oh it is just more coming down",
      "annotations": {},
      "timestamp": "0"
    },
    {
      "line": "These tears they write a song",
      "annotations": {},
      "timestamp": "0"
    },
    {
      "line": "A nigh hope didn’t get to you",
      "annotations": {},
      "timestamp": "0"
    },
    {
      "line": "Or my loss is on a row",
      "annotations": {},
      "timestamp": "0"
    },
    {
      "line": "Dodging, indulging",
      "annotations": {},
      "timestamp": "0"
    },
    {
      "line": "Now, here we go",
      "annotations": {},
      "timestamp": "0"
    },
    {
      "line": "Loving, endorphin",
      "annotations": {},
      "timestamp": "0"
    },
    {
      "line": "Now I'm with you",
      "annotations": {},
      "timestamp": "0"
    },
    {
      "line": "We’re all ready to go home",
      "annotations": {},
      "timestamp": "0"
    },
    {
      "line": "",
      "annotations": {},
      "timestamp": "0"
    },
    {
      "line": "[Outro]",
      "annotations": {},
      "timestamp": "0"
    },
    {
      "line": "Frith, you start all over from the beginning",
      "annotations": {},
      "timestamp": "0"
    }
  ]
}