{
  "song_title": "How you had me",
  "writer": "Frith Hilton",
  "release_date": "January 23, 2023",
  "cover": "https://frithhilton.com.ng/musicpool/covers/2/23.jpg",
  "mp3_url": "https://frithhilton.com.ng/mp3/2/10.) How you had me.mp3",
  "duration": 170.63183673469388,
  "id": "23",
  "lyrics": [
    {
      "line": "[Intro]",
      "annotations": {},
      "timestamp": "0"
    },
    {
      "line": "Woah, woah, woah, yeah",
      "annotations": {},
      "timestamp": "0"
    },
    {
      "line": "She had me from the start undenying",
      "annotations": {},
      "timestamp": "0"
    },
    {
      "line": "Ah!",
      "annotations": {},
      "timestamp": "0"
    },
    {
      "line": "She had me through it all",
      "annotations": {},
      "timestamp": "0"
    },
    {
      "line": "And in her heart it was burning",
      "annotations": {},
      "timestamp": "0"
    },
    {
      "line": "Yeah",
      "annotations": {},
      "timestamp": "0"
    },
    {
      "line": "How you had me from the start",
      "annotations": {},
      "timestamp": "0"
    },
    {
      "line": "Beats me yeah",
      "annotations": {},
      "timestamp": "0"
    },
    {
      "line": "How you had me from the start",
      "annotations": {},
      "timestamp": "0"
    },
    {
      "line": "I can’t put it down",
      "annotations": {},
      "timestamp": "0"
    },
    {
      "line": "How you had me from the start",
      "annotations": {},
      "timestamp": "0"
    },
    {
      "line": "That beats me",
      "annotations": {},
      "timestamp": "0"
    },
    {
      "line": "How you had me from the start",
      "annotations": {},
      "timestamp": "0"
    },
    {
      "line": "I can’t put it down",
      "annotations": {},
      "timestamp": "0"
    },
    {
      "line": "",
      "annotations": {},
      "timestamp": "0"
    },
    {
      "line": "[Verse 1]",
      "annotations": {},
      "timestamp": "0"
    },
    {
      "line": "Hold me down",
      "annotations": {},
      "timestamp": "0"
    },
    {
      "line": "For the sake",
      "annotations": {},
      "timestamp": "0"
    },
    {
      "line": "You won’t be around",
      "annotations": {},
      "timestamp": "0"
    },
    {
      "line": "My heart still beats like a round",
      "annotations": {},
      "timestamp": "0"
    },
    {
      "line": "My heart still bleeds like a crown",
      "annotations": {},
      "timestamp": "0"
    },
    {
      "line": "How you had me from the start",
      "annotations": {},
      "timestamp": "0"
    },
    {
      "line": "Beats me",
      "annotations": {},
      "timestamp": "0"
    },
    {
      "line": "I can’t nail it out",
      "annotations": {},
      "timestamp": "0"
    },
    {
      "line": "You see",
      "annotations": {},
      "timestamp": "0"
    },
    {
      "line": "I can’t care about other things",
      "annotations": {},
      "timestamp": "0"
    },
    {
      "line": "I can’t get out of this",
      "annotations": {},
      "timestamp": "0"
    },
    {
      "line": "I don’t want a holy crone",
      "annotations": {},
      "timestamp": "0"
    },
    {
      "line": "You should know that I’ll be herе",
      "annotations": {},
      "timestamp": "0"
    },
    {
      "line": "Where the whorе down",
      "annotations": {},
      "timestamp": "0"
    },
    {
      "line": "I don’t wanna let you go",
      "annotations": {},
      "timestamp": "0"
    },
    {
      "line": "You should know that I’ll be right here",
      "annotations": {},
      "timestamp": "0"
    },
    {
      "line": "Wedding wheel",
      "annotations": {},
      "timestamp": "0"
    },
    {
      "line": "How you got me from the start",
      "annotations": {},
      "timestamp": "0"
    },
    {
      "line": "Got me singing",
      "annotations": {},
      "timestamp": "0"
    },
    {
      "line": "If you don’t love me then",
      "annotations": {},
      "timestamp": "0"
    },
    {
      "line": "Cede it right now",
      "annotations": {},
      "timestamp": "0"
    },
    {
      "line": "How you got me from the start",
      "annotations": {},
      "timestamp": "0"
    },
    {
      "line": "Had me seeking",
      "annotations": {},
      "timestamp": "0"
    },
    {
      "line": "Woah, way you down my liner",
      "annotations": {},
      "timestamp": "0"
    },
    {
      "line": "Now I'm at this port now",
      "annotations": {},
      "timestamp": "0"
    },
    {
      "line": "And it feels that",
      "annotations": {},
      "timestamp": "0"
    },
    {
      "line": "I can’t delete her",
      "annotations": {},
      "timestamp": "0"
    },
    {
      "line": "How you got me from the start",
      "annotations": {},
      "timestamp": "0"
    },
    {
      "line": "Got me feeling alright",
      "annotations": {},
      "timestamp": "0"
    },
    {
      "line": "Now I can’t help it",
      "annotations": {},
      "timestamp": "0"
    },
    {
      "line": "Let you go",
      "annotations": {},
      "timestamp": "0"
    },
    {
      "line": "Woah",
      "annotations": {},
      "timestamp": "0"
    },
    {
      "line": "Back to this shit",
      "annotations": {},
      "timestamp": "0"
    },
    {
      "line": "Like a handed down shame",
      "annotations": {},
      "timestamp": "0"
    },
    {
      "line": "Woah",
      "annotations": {},
      "timestamp": "0"
    },
    {
      "line": "I can’t jot this shit down",
      "annotations": {},
      "timestamp": "0"
    },
    {
      "line": "Like I just had to hum the hook sound",
      "annotations": {},
      "timestamp": "0"
    },
    {
      "line": "How you had me",
      "annotations": {},
      "timestamp": "0"
    },
    {
      "line": "It’s dope in all of my arteries",
      "annotations": {},
      "timestamp": "0"
    },
    {
      "line": "How you had me",
      "annotations": {},
      "timestamp": "0"
    },
    {
      "line": "Cutting all my vices",
      "annotations": {},
      "timestamp": "0"
    },
    {
      "line": "How you had me",
      "annotations": {},
      "timestamp": "0"
    },
    {
      "line": "When I was stuck",
      "annotations": {},
      "timestamp": "0"
    },
    {
      "line": "At my momma’s place",
      "annotations": {},
      "timestamp": "0"
    },
    {
      "line": "Tryna beat the heartbeat",
      "annotations": {},
      "timestamp": "0"
    },
    {
      "line": "Now I'm back with this freaking rap shit",
      "annotations": {},
      "timestamp": "0"
    },
    {
      "line": "Acting like I can’t get you out that shit",
      "annotations": {},
      "timestamp": "0"
    },
    {
      "line": "Hum dum map",
      "annotations": {},
      "timestamp": "0"
    },
    {
      "line": "It’s how you put me",
      "annotations": {},
      "timestamp": "0"
    },
    {
      "line": "When I'm mad shit",
      "annotations": {},
      "timestamp": "0"
    },
    {
      "line": "Threw my hundreds",
      "annotations": {},
      "timestamp": "0"
    },
    {
      "line": "How you say it is the right shit",
      "annotations": {},
      "timestamp": "0"
    },
    {
      "line": "I’ll be in the place",
      "annotations": {},
      "timestamp": "0"
    },
    {
      "line": "Trying to focus on the real shit",
      "annotations": {},
      "timestamp": "0"
    },
    {
      "line": "Bullshit",
      "annotations": {},
      "timestamp": "0"
    },
    {
      "line": "Scheming on my face",
      "annotations": {},
      "timestamp": "0"
    },
    {
      "line": "Like it’s no shit",
      "annotations": {},
      "timestamp": "0"
    },
    {
      "line": "I’ll be in my head",
      "annotations": {},
      "timestamp": "0"
    },
    {
      "line": "Trying to focus on the right shit",
      "annotations": {},
      "timestamp": "0"
    },
    {
      "line": "Bullshit",
      "annotations": {},
      "timestamp": "0"
    },
    {
      "line": "Scheming’ in my face",
      "annotations": {},
      "timestamp": "0"
    },
    {
      "line": "That’s the wrong shit",
      "annotations": {},
      "timestamp": "0"
    },
    {
      "line": "How you had me from the start",
      "annotations": {},
      "timestamp": "0"
    },
    {
      "line": "For one, it is her",
      "annotations": {},
      "timestamp": "0"
    }
  ]
}