{
  "song_title": "Little girl",
  "writer": "Frith Hilton",
  "release_date": "January 23, 2023",
  "cover": "https://unluckiest-refund.000webhostapp.com/Colourful%20light/Track%2013/Cover.jpg",
  "mp3_url": "https://frithhilton.com.ng/mp3/2/13.) Little girl.mp3",
  "duration": 162.8473469387755,
  "id": "26",
  "lyrics": [
    {
      "line": "[Intro]",
      "annotations": {},
      "timestamp": "0"
    },
    {
      "line": "I got a big damn secret",
      "annotations": {},
      "timestamp": "0"
    },
    {
      "line": "It’s time I think of love",
      "annotations": {},
      "timestamp": "0"
    },
    {
      "line": "And I put it where it belongs",
      "annotations": {},
      "timestamp": "0"
    },
    {
      "line": "Where the search dogs go, yeah",
      "annotations": {},
      "timestamp": "0"
    },
    {
      "line": "I be, I be, I be looking for nemo",
      "annotations": {},
      "timestamp": "0"
    },
    {
      "line": "Little did I know",
      "annotations": {},
      "timestamp": "0"
    },
    {
      "line": "Who was right here",
      "annotations": {},
      "timestamp": "0"
    },
    {
      "line": "Reading my note",
      "annotations": {},
      "timestamp": "0"
    },
    {
      "line": "I’m still tryna found out",
      "annotations": {},
      "timestamp": "0"
    },
    {
      "line": "She’s everything, but today nothing",
      "annotations": {},
      "timestamp": "0"
    },
    {
      "line": "",
      "annotations": {},
      "timestamp": "0"
    },
    {
      "line": "[Verse 1]",
      "annotations": {},
      "timestamp": "0"
    },
    {
      "line": "It’s a girl she look so pretty",
      "annotations": {},
      "timestamp": "0"
    },
    {
      "line": "This little girl, she’s singing her name",
      "annotations": {},
      "timestamp": "0"
    },
    {
      "line": "This little girl, she look so pretty",
      "annotations": {},
      "timestamp": "0"
    },
    {
      "line": "This little girl, she whips every other",
      "annotations": {},
      "timestamp": "0"
    },
    {
      "line": "I be stuck in front of the wheel",
      "annotations": {},
      "timestamp": "0"
    },
    {
      "line": "You were stuck in your way out",
      "annotations": {},
      "timestamp": "0"
    },
    {
      "line": "Put my shit on the way out",
      "annotations": {},
      "timestamp": "0"
    },
    {
      "line": "Ah!",
      "annotations": {},
      "timestamp": "0"
    },
    {
      "line": "I’ma k!ll this shit",
      "annotations": {},
      "timestamp": "0"
    },
    {
      "line": "That’s a way out",
      "annotations": {},
      "timestamp": "0"
    },
    {
      "line": "",
      "annotations": {},
      "timestamp": "0"
    },
    {
      "line": "[Verse 2]",
      "annotations": {},
      "timestamp": "0"
    },
    {
      "line": "Neighbour still for nine",
      "annotations": {},
      "timestamp": "0"
    },
    {
      "line": "Ah!",
      "annotations": {},
      "timestamp": "0"
    },
    {
      "line": "Gotta hand a position",
      "annotations": {},
      "timestamp": "0"
    },
    {
      "line": "Ah!",
      "annotations": {},
      "timestamp": "0"
    },
    {
      "line": "Put it on the fucking line",
      "annotations": {},
      "timestamp": "0"
    },
    {
      "line": "Took an elision",
      "annotations": {},
      "timestamp": "0"
    },
    {
      "line": "Ah!",
      "annotations": {},
      "timestamp": "0"
    },
    {
      "line": "Potter’s invitations",
      "annotations": {},
      "timestamp": "0"
    },
    {
      "line": "Throw my fucking veins",
      "annotations": {},
      "timestamp": "0"
    },
    {
      "line": "And a fuck with the right ones",
      "annotations": {},
      "timestamp": "0"
    },
    {
      "line": "fuck with the right ones",
      "annotations": {},
      "timestamp": "0"
    },
    {
      "line": "Others are fucking",
      "annotations": {},
      "timestamp": "0"
    },
    {
      "line": "They are scamming with their bae",
      "annotations": {},
      "timestamp": "0"
    },
    {
      "line": "It don’t really matter",
      "annotations": {},
      "timestamp": "0"
    },
    {
      "line": "I will be tucking the real shit",
      "annotations": {},
      "timestamp": "0"
    },
    {
      "line": "I ‘on’t give a fuck",
      "annotations": {},
      "timestamp": "0"
    },
    {
      "line": "Brought us a sinner’s introduction",
      "annotations": {},
      "timestamp": "0"
    },
    {
      "line": "",
      "annotations": {},
      "timestamp": "0"
    },
    {
      "line": "[Verse 3]",
      "annotations": {},
      "timestamp": "0"
    },
    {
      "line": "On my own, on my own",
      "annotations": {},
      "timestamp": "0"
    },
    {
      "line": "I’ll be better on my own",
      "annotations": {},
      "timestamp": "0"
    },
    {
      "line": "On my own, on my own",
      "annotations": {},
      "timestamp": "0"
    },
    {
      "line": "I’ll be better on my own",
      "annotations": {},
      "timestamp": "0"
    },
    {
      "line": "She ain’t gotta know",
      "annotations": {},
      "timestamp": "0"
    },
    {
      "line": "She ain’t gotta know",
      "annotations": {},
      "timestamp": "0"
    },
    {
      "line": "She ain’t gotta know",
      "annotations": {},
      "timestamp": "0"
    },
    {
      "line": "You’ll be fucking where your daddy goes",
      "annotations": {},
      "timestamp": "0"
    },
    {
      "line": "Keep a dongle with a flash",
      "annotations": {},
      "timestamp": "0"
    },
    {
      "line": "Reminding no zacchaeus",
      "annotations": {},
      "timestamp": "0"
    },
    {
      "line": "Help me without a lie, a kiss",
      "annotations": {},
      "timestamp": "0"
    },
    {
      "line": "It’s all for the habit",
      "annotations": {},
      "timestamp": "0"
    },
    {
      "line": "I’m in, I'm in, I'm in, I'm in",
      "annotations": {},
      "timestamp": "0"
    },
    {
      "line": "It would be better if you save her",
      "annotations": {},
      "timestamp": "0"
    },
    {
      "line": "She’s not even dada",
      "annotations": {},
      "timestamp": "0"
    },
    {
      "line": "Yeah, yeah",
      "annotations": {},
      "timestamp": "0"
    },
    {
      "line": "",
      "annotations": {},
      "timestamp": "0"
    },
    {
      "line": "[Outro]",
      "annotations": {},
      "timestamp": "0"
    },
    {
      "line": "Homie, you’re on piety",
      "annotations": {},
      "timestamp": "0"
    },
    {
      "line": "Can I call you fam in your dream",
      "annotations": {},
      "timestamp": "0"
    },
    {
      "line": "You’re pushy",
      "annotations": {},
      "timestamp": "0"
    }
  ]
}