{
  "song_title": "Ogre",
  "writer": "Frith Hilton",
  "release_date": "January 23, 2023",
  "cover": "https://frithhilton.com.ng/musicpool/covers/2/27.jpg",
  "mp3_url": "https://frithhilton.com.ng/mp3/2/14.) Ogre.mp3",
  "duration": 136.77714285714285,
  "id": "27",
  "lyrics": [
    {
      "line": "[Verse 1]",
      "annotations": {},
      "timestamp": "0"
    },
    {
      "line": "If my time don’t come",
      "annotations": {},
      "timestamp": "0"
    },
    {
      "line": "I’ll put everything I have in a . . .",
      "annotations": {},
      "timestamp": "0"
    },
    {
      "line": "And I’ll be gone",
      "annotations": {},
      "timestamp": "0"
    },
    {
      "line": "Stuck up",
      "annotations": {},
      "timestamp": "0"
    },
    {
      "line": "I’m lost in the mood",
      "annotations": {},
      "timestamp": "0"
    },
    {
      "line": "And I'm feeling like I'm foe ogre",
      "annotations": {},
      "timestamp": "0"
    },
    {
      "line": "My lie, he’s back on the wall",
      "annotations": {},
      "timestamp": "0"
    },
    {
      "line": "I call the shots",
      "annotations": {},
      "timestamp": "0"
    },
    {
      "line": "Now I'm pulling the rug",
      "annotations": {},
      "timestamp": "0"
    },
    {
      "line": "I’m pulling the rug",
      "annotations": {},
      "timestamp": "0"
    },
    {
      "line": "On my nose",
      "annotations": {},
      "timestamp": "0"
    },
    {
      "line": "On my nose",
      "annotations": {},
      "timestamp": "0"
    },
    {
      "line": "I ‘on’t ever, ever know",
      "annotations": {},
      "timestamp": "0"
    },
    {
      "line": "On my nose",
      "annotations": {},
      "timestamp": "0"
    },
    {
      "line": "On my nose",
      "annotations": {},
      "timestamp": "0"
    },
    {
      "line": "I ‘on’t ever, ever know",
      "annotations": {},
      "timestamp": "0"
    },
    {
      "line": "If my time don’t come",
      "annotations": {},
      "timestamp": "0"
    },
    {
      "line": "I’ma put my everything",
      "annotations": {},
      "timestamp": "0"
    },
    {
      "line": "Put it in a bag",
      "annotations": {},
      "timestamp": "0"
    },
    {
      "line": "And I’ll be gone",
      "annotations": {},
      "timestamp": "0"
    },
    {
      "line": "I’m back to the wall",
      "annotations": {},
      "timestamp": "0"
    },
    {
      "line": "And I'm feeling like",
      "annotations": {},
      "timestamp": "0"
    },
    {
      "line": "I’m the one pulling the rug",
      "annotations": {},
      "timestamp": "0"
    },
    {
      "line": "If the times don’t come",
      "annotations": {},
      "timestamp": "0"
    },
    {
      "line": "I’ma put everything",
      "annotations": {},
      "timestamp": "0"
    },
    {
      "line": "In the bag",
      "annotations": {},
      "timestamp": "0"
    },
    {
      "line": "And I’ll be gone",
      "annotations": {},
      "timestamp": "0"
    },
    {
      "line": "Back to the wall",
      "annotations": {},
      "timestamp": "0"
    },
    {
      "line": "I’m feeling like",
      "annotations": {},
      "timestamp": "0"
    },
    {
      "line": "I’m the one whose pulling the rug",
      "annotations": {},
      "timestamp": "0"
    },
    {
      "line": "Niggers feeling like",
      "annotations": {},
      "timestamp": "0"
    },
    {
      "line": "He’s back for me",
      "annotations": {},
      "timestamp": "0"
    },
    {
      "line": "Yack, oh, he’s back for me",
      "annotations": {},
      "timestamp": "0"
    },
    {
      "line": "A stave, a bar",
      "annotations": {},
      "timestamp": "0"
    },
    {
      "line": "fuck with me boy",
      "annotations": {},
      "timestamp": "0"
    },
    {
      "line": "Come on",
      "annotations": {},
      "timestamp": "0"
    },
    {
      "line": "",
      "annotations": {},
      "timestamp": "0"
    },
    {
      "line": "[Verse 2]",
      "annotations": {},
      "timestamp": "0"
    },
    {
      "line": "Spit that shit in my ear like",
      "annotations": {},
      "timestamp": "0"
    },
    {
      "line": "Y’all Motherfuckers",
      "annotations": {},
      "timestamp": "0"
    },
    {
      "line": "Ain’t ready for this shit",
      "annotations": {},
      "timestamp": "0"
    },
    {
      "line": "I’m down with the ammo",
      "annotations": {},
      "timestamp": "0"
    },
    {
      "line": "And I'm going in this shit",
      "annotations": {},
      "timestamp": "0"
    },
    {
      "line": "Stick with this shit",
      "annotations": {},
      "timestamp": "0"
    },
    {
      "line": "That you know Motherfucker",
      "annotations": {},
      "timestamp": "0"
    },
    {
      "line": "The same repetition",
      "annotations": {},
      "timestamp": "0"
    },
    {
      "line": "Of the words that you know",
      "annotations": {},
      "timestamp": "0"
    },
    {
      "line": "Cos you’re stuck in the rut",
      "annotations": {},
      "timestamp": "0"
    },
    {
      "line": "Of the same fucking world",
      "annotations": {},
      "timestamp": "0"
    },
    {
      "line": "Why are you bickering",
      "annotations": {},
      "timestamp": "0"
    },
    {
      "line": "They are paroling",
      "annotations": {},
      "timestamp": "0"
    },
    {
      "line": "Call that shit",
      "annotations": {},
      "timestamp": "0"
    },
    {
      "line": "A rowing with the current",
      "annotations": {},
      "timestamp": "0"
    },
    {
      "line": "You’re fucked in hole",
      "annotations": {},
      "timestamp": "0"
    },
    {
      "line": "And I'm stuck with the work",
      "annotations": {},
      "timestamp": "0"
    },
    {
      "line": "Cos I can’t pace around this fucking line",
      "annotations": {},
      "timestamp": "0"
    },
    {
      "line": "Like I am on the sp ce boy",
      "annotations": {},
      "timestamp": "0"
    },
    {
      "line": "Sp ce boy",
      "annotations": {},
      "timestamp": "0"
    },
    {
      "line": "Can you help me out",
      "annotations": {},
      "timestamp": "0"
    },
    {
      "line": "fuck around, hanging my dead body",
      "annotations": {},
      "timestamp": "0"
    },
    {
      "line": "With the simple things",
      "annotations": {},
      "timestamp": "0"
    },
    {
      "line": "Yeah",
      "annotations": {},
      "timestamp": "0"
    }
  ]
}