{
  "song_title": "Living video record",
  "writer": "Frith Hilton",
  "release_date": "January 23, 2023",
  "cover": "https://frithhilton.com.ng/musicpool/covers/2/28.jpg",
  "mp3_url": "https://frithhilton.com.ng/mp3/2/15.) Living video record.mp3",
  "duration": 116.87183673469387,
  "id": "28",
  "lyrics": [
    {
      "line": "[Chorus]",
      "annotations": {},
      "timestamp": "0"
    },
    {
      "line": "Honey, so we’ll evolve",
      "annotations": {},
      "timestamp": "0"
    },
    {
      "line": "Our love in a vibe",
      "annotations": {},
      "timestamp": "0"
    },
    {
      "line": "From above",
      "annotations": {},
      "timestamp": "0"
    },
    {
      "line": "Touch me now",
      "annotations": {},
      "timestamp": "0"
    },
    {
      "line": "Don’t you say we left it off",
      "annotations": {},
      "timestamp": "0"
    },
    {
      "line": "Don’t say we’re not enough",
      "annotations": {},
      "timestamp": "0"
    },
    {
      "line": "Don’t say it",
      "annotations": {},
      "timestamp": "0"
    },
    {
      "line": "Don’t say it",
      "annotations": {},
      "timestamp": "0"
    },
    {
      "line": "",
      "annotations": {},
      "timestamp": "0"
    },
    {
      "line": "[Verse 1]",
      "annotations": {},
      "timestamp": "0"
    },
    {
      "line": "How can take I back words",
      "annotations": {},
      "timestamp": "0"
    },
    {
      "line": "That I don’t really mean",
      "annotations": {},
      "timestamp": "0"
    },
    {
      "line": "Do I mean them now",
      "annotations": {},
      "timestamp": "0"
    },
    {
      "line": "Though I really said it twice",
      "annotations": {},
      "timestamp": "0"
    },
    {
      "line": "Oh, these words",
      "annotations": {},
      "timestamp": "0"
    },
    {
      "line": "They come like a clot",
      "annotations": {},
      "timestamp": "0"
    },
    {
      "line": "And I'm caught in the sore of our love",
      "annotations": {},
      "timestamp": "0"
    },
    {
      "line": "Armistice, in the morning you promise",
      "annotations": {},
      "timestamp": "0"
    },
    {
      "line": "But I don’t feel in nothing",
      "annotations": {},
      "timestamp": "0"
    },
    {
      "line": "It’s scram miss",
      "annotations": {},
      "timestamp": "0"
    },
    {
      "line": "Oh will you",
      "annotations": {},
      "timestamp": "0"
    },
    {
      "line": "I want you here",
      "annotations": {},
      "timestamp": "0"
    },
    {
      "line": "A living video record",
      "annotations": {},
      "timestamp": "0"
    }
  ]
}