{
  "song_title": "So long",
  "writer": "Frith Hilton",
  "release_date": "January 23, 2023",
  "cover": "https://frithhilton.com.ng/musicpool/covers/2/29.jpg",
  "mp3_url": "https://frithhilton.com.ng/mp3/2/16.) So long.mp3",
  "duration": 177.8677551020408,
  "id": "29",
  "lyrics": [
    {
      "line": "[Intro]",
      "annotations": {},
      "timestamp": "0"
    },
    {
      "line": "Hey",
      "annotations": {},
      "timestamp": "0"
    },
    {
      "line": "I can’t feel my self",
      "annotations": {},
      "timestamp": "0"
    },
    {
      "line": "No, no, no",
      "annotations": {},
      "timestamp": "0"
    },
    {
      "line": "I can’t feel my self",
      "annotations": {},
      "timestamp": "0"
    },
    {
      "line": "No",
      "annotations": {},
      "timestamp": "0"
    },
    {
      "line": "If I can’t be myself",
      "annotations": {},
      "timestamp": "0"
    },
    {
      "line": "No",
      "annotations": {},
      "timestamp": "0"
    },
    {
      "line": "I can’t see this h ll",
      "annotations": {},
      "timestamp": "0"
    },
    {
      "line": "No",
      "annotations": {},
      "timestamp": "0"
    },
    {
      "line": "I can’t see this h ll",
      "annotations": {},
      "timestamp": "0"
    },
    {
      "line": "",
      "annotations": {},
      "timestamp": "0"
    },
    {
      "line": "[Verse 1]",
      "annotations": {},
      "timestamp": "0"
    },
    {
      "line": "Tell me what you feel",
      "annotations": {},
      "timestamp": "0"
    },
    {
      "line": "I can see he’s writing",
      "annotations": {},
      "timestamp": "0"
    },
    {
      "line": "So he real",
      "annotations": {},
      "timestamp": "0"
    },
    {
      "line": "Tell me what you feel",
      "annotations": {},
      "timestamp": "0"
    },
    {
      "line": "My head keeps going in another direction",
      "annotations": {},
      "timestamp": "0"
    },
    {
      "line": "I feel healed",
      "annotations": {},
      "timestamp": "0"
    },
    {
      "line": "Does it for you",
      "annotations": {},
      "timestamp": "0"
    },
    {
      "line": "Does, his radio",
      "annotations": {},
      "timestamp": "0"
    },
    {
      "line": "Servile was a thrill",
      "annotations": {},
      "timestamp": "0"
    },
    {
      "line": "damn my emotions are real",
      "annotations": {},
      "timestamp": "0"
    },
    {
      "line": "Barred, I feel damn barred from your love",
      "annotations": {},
      "timestamp": "0"
    },
    {
      "line": "Barred, I'm feeling damn barred from your love",
      "annotations": {},
      "timestamp": "0"
    },
    {
      "line": "That means something is obstructing",
      "annotations": {},
      "timestamp": "0"
    },
    {
      "line": "That was so bland, took in all of my culprits",
      "annotations": {},
      "timestamp": "0"
    },
    {
      "line": "I’m not on my laud",
      "annotations": {},
      "timestamp": "0"
    },
    {
      "line": "It’s enough with it",
      "annotations": {},
      "timestamp": "0"
    },
    {
      "line": "It’s enough with it",
      "annotations": {},
      "timestamp": "0"
    },
    {
      "line": "It’s enough with it",
      "annotations": {},
      "timestamp": "0"
    },
    {
      "line": "I need a drink",
      "annotations": {},
      "timestamp": "0"
    },
    {
      "line": "I need to settle down",
      "annotations": {},
      "timestamp": "0"
    },
    {
      "line": "The heat is getting to mе",
      "annotations": {},
      "timestamp": "0"
    },
    {
      "line": "From my level around",
      "annotations": {},
      "timestamp": "0"
    },
    {
      "line": "And the dеvil is up around",
      "annotations": {},
      "timestamp": "0"
    },
    {
      "line": "He’s never coming round",
      "annotations": {},
      "timestamp": "0"
    },
    {
      "line": "I’m just saying that I need some water",
      "annotations": {},
      "timestamp": "0"
    },
    {
      "line": "I can feel it",
      "annotations": {},
      "timestamp": "0"
    },
    {
      "line": "I can feel it",
      "annotations": {},
      "timestamp": "0"
    },
    {
      "line": "I can feel it",
      "annotations": {},
      "timestamp": "0"
    },
    {
      "line": "The devil is roaming around",
      "annotations": {},
      "timestamp": "0"
    },
    {
      "line": "",
      "annotations": {},
      "timestamp": "0"
    },
    {
      "line": "[Verse 2]",
      "annotations": {},
      "timestamp": "0"
    },
    {
      "line": "Back to my life",
      "annotations": {},
      "timestamp": "0"
    },
    {
      "line": "They thought I never had",
      "annotations": {},
      "timestamp": "0"
    },
    {
      "line": "Now I'm doing what I fucking love",
      "annotations": {},
      "timestamp": "0"
    },
    {
      "line": "Dead broke sitting on a chair that I never broke",
      "annotations": {},
      "timestamp": "0"
    },
    {
      "line": "And it’s my bed, no, it’s not yours",
      "annotations": {},
      "timestamp": "0"
    },
    {
      "line": "Yo, it’s my head, no, it’s not yours",
      "annotations": {},
      "timestamp": "0"
    },
    {
      "line": "Yes, it is my bread",
      "annotations": {},
      "timestamp": "0"
    },
    {
      "line": "damn, I'm going on my way",
      "annotations": {},
      "timestamp": "0"
    },
    {
      "line": "I’m going on my way",
      "annotations": {},
      "timestamp": "0"
    },
    {
      "line": "I’m saying bye bye",
      "annotations": {},
      "timestamp": "0"
    },
    {
      "line": "So long",
      "annotations": {},
      "timestamp": "0"
    },
    {
      "line": "Or poring me",
      "annotations": {},
      "timestamp": "0"
    },
    {
      "line": "Sell me, where the line",
      "annotations": {},
      "timestamp": "0"
    },
    {
      "line": "Maybe, that’s when I'm on your tv",
      "annotations": {},
      "timestamp": "0"
    },
    {
      "line": "And you see now, on the clear view",
      "annotations": {},
      "timestamp": "0"
    },
    {
      "line": "No oh, the colours feel drawn",
      "annotations": {},
      "timestamp": "0"
    },
    {
      "line": "No oh, the volume is still down",
      "annotations": {},
      "timestamp": "0"
    },
    {
      "line": "No oh, I can’t really hear you",
      "annotations": {},
      "timestamp": "0"
    },
    {
      "line": "No oh, I mean so long",
      "annotations": {},
      "timestamp": "0"
    },
    {
      "line": "",
      "annotations": {},
      "timestamp": "0"
    },
    {
      "line": "[Outro]",
      "annotations": {},
      "timestamp": "0"
    },
    {
      "line": "Yeah, it’s your boy",
      "annotations": {},
      "timestamp": "0"
    },
    {
      "line": "Frith hilton",
      "annotations": {},
      "timestamp": "0"
    },
    {
      "line": "I’m out",
      "annotations": {},
      "timestamp": "0"
    }
  ]
}