{
  "song_title": "Pepperoni freestyle",
  "writer": "Frith Hilton",
  "release_date": "November 23, 2021",
  "cover": "https://frithhilton.com.ng/musicpool/covers/2/31.jpg",
  "mp3_url": "https://frithhilton.com.ng/mp3/2/25.) Pepperoni freestyle.mp3",
  "duration": 178.752,
  "id": "31",
  "lyrics": [
    {
      "line": "[Intro]",
      "annotations": {},
      "timestamp": "0"
    },
    {
      "line": "The gang!",
      "annotations": {},
      "timestamp": "0"
    },
    {
      "line": "I and taylor got this, you know",
      "annotations": {},
      "timestamp": "0"
    },
    {
      "line": "We always you know did",
      "annotations": {},
      "timestamp": "0"
    },
    {
      "line": "And we . . . we are not moving for anyone",
      "annotations": {},
      "timestamp": "0"
    },
    {
      "line": "Yeah!",
      "annotations": {},
      "timestamp": "0"
    },
    {
      "line": "And I'm still . . . I'm still vain as shit",
      "annotations": {},
      "timestamp": "0"
    },
    {
      "line": "But how can I ever not be vain?",
      "annotations": {},
      "timestamp": "0"
    },
    {
      "line": "Have you ever seen these girls in front of their vanity?",
      "annotations": {},
      "timestamp": "0"
    },
    {
      "line": "It’s a direct mirror man",
      "annotations": {},
      "timestamp": "0"
    },
    {
      "line": "",
      "annotations": {},
      "timestamp": "0"
    },
    {
      "line": "[Verse 1]",
      "annotations": {},
      "timestamp": "0"
    },
    {
      "line": "Eh!",
      "annotations": {},
      "timestamp": "0"
    },
    {
      "line": "I’m still hanging with this enemies",
      "annotations": {},
      "timestamp": "0"
    },
    {
      "line": "Acting like I never took offence in means",
      "annotations": {},
      "timestamp": "0"
    },
    {
      "line": "And get this shit right",
      "annotations": {},
      "timestamp": "0"
    },
    {
      "line": "It’s all about the ctrl",
      "annotations": {},
      "timestamp": "0"
    },
    {
      "line": "My girl paint the city red",
      "annotations": {},
      "timestamp": "0"
    },
    {
      "line": "But that’s fine by me",
      "annotations": {},
      "timestamp": "0"
    },
    {
      "line": "I’m tryna go for the damn charts",
      "annotations": {},
      "timestamp": "0"
    },
    {
      "line": "Not tryna be another pock so cool liquor",
      "annotations": {},
      "timestamp": "0"
    },
    {
      "line": "But that don’t mean I'm not a better talker",
      "annotations": {},
      "timestamp": "0"
    },
    {
      "line": "I just told a girl I'ma hit her with the cuff",
      "annotations": {},
      "timestamp": "0"
    },
    {
      "line": "I’m taking her homе",
      "annotations": {},
      "timestamp": "0"
    },
    {
      "line": "Ain’t nobody telling me when it is my domе",
      "annotations": {},
      "timestamp": "0"
    },
    {
      "line": "It’s required",
      "annotations": {},
      "timestamp": "0"
    },
    {
      "line": "So I told her",
      "annotations": {},
      "timestamp": "0"
    },
    {
      "line": "Every other cent I'ma spend gonna be on that cheddar lover",
      "annotations": {},
      "timestamp": "0"
    },
    {
      "line": "Corny my funny nova",
      "annotations": {},
      "timestamp": "0"
    },
    {
      "line": "So back that real lovers",
      "annotations": {},
      "timestamp": "0"
    },
    {
      "line": "And they say that I spend time out of the covers",
      "annotations": {},
      "timestamp": "0"
    },
    {
      "line": "But I only had time for that real loving loving eh!",
      "annotations": {},
      "timestamp": "0"
    },
    {
      "line": "It’s trifle with these words",
      "annotations": {},
      "timestamp": "0"
    },
    {
      "line": "It’s a power cable how I feel in these clothes",
      "annotations": {},
      "timestamp": "0"
    },
    {
      "line": "But that’s better",
      "annotations": {},
      "timestamp": "0"
    },
    {
      "line": "It’s better than acting with no fucking socks",
      "annotations": {},
      "timestamp": "0"
    },
    {
      "line": "I remember when we started on twitter",
      "annotations": {},
      "timestamp": "0"
    },
    {
      "line": "Tweeting cos I was lost lost in the damn ways of the world",
      "annotations": {},
      "timestamp": "0"
    },
    {
      "line": "And its strange grace",
      "annotations": {},
      "timestamp": "0"
    },
    {
      "line": "So I took my loss and I put it on my face",
      "annotations": {},
      "timestamp": "0"
    },
    {
      "line": "Told the girl",
      "annotations": {},
      "timestamp": "0"
    },
    {
      "line": "I’ma be better",
      "annotations": {},
      "timestamp": "0"
    },
    {
      "line": "I’ma be there when it’s cold",
      "annotations": {},
      "timestamp": "0"
    },
    {
      "line": "When the movies don’t let us get it covered",
      "annotations": {},
      "timestamp": "0"
    },
    {
      "line": "And now I'm acting like I got corona answering my questions",
      "annotations": {},
      "timestamp": "0"
    },
    {
      "line": "But stop that shit",
      "annotations": {},
      "timestamp": "0"
    },
    {
      "line": "It’s for a feature",
      "annotations": {},
      "timestamp": "0"
    },
    {
      "line": "Said she could be siri",
      "annotations": {},
      "timestamp": "0"
    },
    {
      "line": "I just need to ask the questions",
      "annotations": {},
      "timestamp": "0"
    },
    {
      "line": "Eh!",
      "annotations": {},
      "timestamp": "0"
    },
    {
      "line": "Lover lover",
      "annotations": {},
      "timestamp": "0"
    },
    {
      "line": "Lover lover",
      "annotations": {},
      "timestamp": "0"
    },
    {
      "line": "Lover lover",
      "annotations": {},
      "timestamp": "0"
    },
    {
      "line": "Yeah",
      "annotations": {},
      "timestamp": "0"
    },
    {
      "line": "I write these words",
      "annotations": {},
      "timestamp": "0"
    },
    {
      "line": "It’s feeling like a shelf",
      "annotations": {},
      "timestamp": "0"
    },
    {
      "line": "I write these talk",
      "annotations": {},
      "timestamp": "0"
    },
    {
      "line": "I’m feeling like a poet",
      "annotations": {},
      "timestamp": "0"
    },
    {
      "line": "I’m feeling myself",
      "annotations": {},
      "timestamp": "0"
    },
    {
      "line": "It’s never gone best",
      "annotations": {},
      "timestamp": "0"
    },
    {
      "line": "And I'm still on this shit",
      "annotations": {},
      "timestamp": "0"
    },
    {
      "line": "Get the rest",
      "annotations": {},
      "timestamp": "0"
    },
    {
      "line": "It’s so much waiting around here",
      "annotations": {},
      "timestamp": "0"
    },
    {
      "line": "It’s rile gout season",
      "annotations": {},
      "timestamp": "0"
    },
    {
      "line": "But I had it written there",
      "annotations": {},
      "timestamp": "0"
    },
    {
      "line": "And my solve . . . on there there’s railing there",
      "annotations": {},
      "timestamp": "0"
    },
    {
      "line": "Yeah, yeah. uh",
      "annotations": {},
      "timestamp": "0"
    },
    {
      "line": "It’s radiation the water I'm drinking",
      "annotations": {},
      "timestamp": "0"
    },
    {
      "line": "I’m feeling like I'm at the bed",
      "annotations": {},
      "timestamp": "0"
    },
    {
      "line": "I’m all tied up",
      "annotations": {},
      "timestamp": "0"
    },
    {
      "line": "Required for no loving",
      "annotations": {},
      "timestamp": "0"
    },
    {
      "line": "But nobody is coming to save me",
      "annotations": {},
      "timestamp": "0"
    },
    {
      "line": "But she came and told me",
      "annotations": {},
      "timestamp": "0"
    },
    {
      "line": "Eh! girl, boy",
      "annotations": {},
      "timestamp": "0"
    }
  ]
}