{
  "song_title": "May 1st",
  "writer": "Frith Hilton",
  "release_date": "January 18, 2023",
  "cover": "https://frithhilton.com.ng/musicpool/covers/2/32.jpg",
  "id": "32",
  "lyrics": [
    {
      "line": "Wooh wooh",
      "annotations": {},
      "timestamp": "0"
    },
    {
      "line": "Pi in",
      "annotations": {},
      "timestamp": "0"
    },
    {
      "line": "Am I in",
      "annotations": {},
      "timestamp": "0"
    },
    {
      "line": "Am buying",
      "annotations": {},
      "timestamp": "0"
    },
    {
      "line": "Every second of ya",
      "annotations": {},
      "timestamp": "0"
    },
    {
      "line": "I talk to you",
      "annotations": {},
      "timestamp": "0"
    },
    {
      "line": "When am feeling like I can’t get it",
      "annotations": {},
      "timestamp": "0"
    },
    {
      "line": "A page up",
      "annotations": {},
      "timestamp": "0"
    },
    {
      "line": "Means amma start all over",
      "annotations": {},
      "timestamp": "0"
    },
    {
      "line": "Famished when I hold on",
      "annotations": {},
      "timestamp": "0"
    },
    {
      "line": "Yeah",
      "annotations": {},
      "timestamp": "0"
    },
    {
      "line": "Weary for the sears",
      "annotations": {},
      "timestamp": "0"
    },
    {
      "line": "Run me",
      "annotations": {},
      "timestamp": "0"
    },
    {
      "line": "Turn me over",
      "annotations": {},
      "timestamp": "0"
    },
    {
      "line": "You poor dough",
      "annotations": {},
      "timestamp": "0"
    },
    {
      "line": "Who you kiddin’",
      "annotations": {},
      "timestamp": "0"
    },
    {
      "line": "You running out",
      "annotations": {},
      "timestamp": "0"
    },
    {
      "line": "A picture get sent",
      "annotations": {},
      "timestamp": "0"
    },
    {
      "line": "No no no never",
      "annotations": {},
      "timestamp": "0"
    },
    {
      "line": "Famished",
      "annotations": {},
      "timestamp": "0"
    },
    {
      "line": "Tinny lover",
      "annotations": {},
      "timestamp": "0"
    },
    {
      "line": "Where the love at",
      "annotations": {},
      "timestamp": "0"
    },
    {
      "line": "Why do all that",
      "annotations": {},
      "timestamp": "0"
    },
    {
      "line": "Where the love at now",
      "annotations": {},
      "timestamp": "0"
    },
    {
      "line": "Where the love at",
      "annotations": {},
      "timestamp": "0"
    },
    {
      "line": "Why do all that",
      "annotations": {},
      "timestamp": "0"
    },
    {
      "line": "Where the love at",
      "annotations": {},
      "timestamp": "0"
    },
    {
      "line": "Am famished",
      "annotations": {},
      "timestamp": "0"
    },
    {
      "line": "Weird to run down there",
      "annotations": {},
      "timestamp": "0"
    },
    {
      "line": "Talking to myself",
      "annotations": {},
      "timestamp": "0"
    },
    {
      "line": "She’ll probably say that",
      "annotations": {},
      "timestamp": "0"
    },
    {
      "line": "Running through my head",
      "annotations": {},
      "timestamp": "0"
    },
    {
      "line": "I play the xylophone",
      "annotations": {},
      "timestamp": "0"
    },
    {
      "line": "Xylophone",
      "annotations": {},
      "timestamp": "0"
    },
    {
      "line": "Pulse in the vain",
      "annotations": {},
      "timestamp": "0"
    },
    {
      "line": "Got me offended",
      "annotations": {},
      "timestamp": "0"
    },
    {
      "line": "At the window",
      "annotations": {},
      "timestamp": "0"
    },
    {
      "line": "Always delighted",
      "annotations": {},
      "timestamp": "0"
    },
    {
      "line": "At the window",
      "annotations": {},
      "timestamp": "0"
    },
    {
      "line": "My dealer dead",
      "annotations": {},
      "timestamp": "0"
    },
    {
      "line": "Out my phase",
      "annotations": {},
      "timestamp": "0"
    },
    {
      "line": "That’s a lie detected",
      "annotations": {},
      "timestamp": "0"
    },
    {
      "line": "Pie in",
      "annotations": {},
      "timestamp": "0"
    },
    {
      "line": "Am I in",
      "annotations": {},
      "timestamp": "0"
    },
    {
      "line": "Am buying",
      "annotations": {},
      "timestamp": "0"
    },
    {
      "line": "Pi in",
      "annotations": {},
      "timestamp": "0"
    },
    {
      "line": "Am I in",
      "annotations": {},
      "timestamp": "0"
    },
    {
      "line": "Am buying",
      "annotations": {},
      "timestamp": "0"
    },
    {
      "line": "Every second of ya",
      "annotations": {},
      "timestamp": "0"
    }
  ]
}