{
  "song_title": "Plunge (Interlude)",
  "writer": "Frith Hilton",
  "release_date": "January 18, 2023",
  "cover": "https://frithhilton.com.ng/musicpool/covers/2/33.jpg",
  "mp3_url": "https://frithhilton.com.ng/mp3/2/22.) Plunge (Interlude).mp3",
  "duration": 146.83428571428573,
  "id": "33",
  "lyrics": [
    {
      "line": "[ verse 1 ]",
      "annotations": {},
      "timestamp": "0"
    },
    {
      "line": "I hope you had fun",
      "annotations": {},
      "timestamp": "0"
    },
    {
      "line": "But you knew girl",
      "annotations": {},
      "timestamp": "0"
    },
    {
      "line": "It’s in your thighs",
      "annotations": {},
      "timestamp": "0"
    },
    {
      "line": "I hope you get drunk",
      "annotations": {},
      "timestamp": "0"
    },
    {
      "line": "While am sailing on another shelf",
      "annotations": {},
      "timestamp": "0"
    },
    {
      "line": "This pills don’t count",
      "annotations": {},
      "timestamp": "0"
    },
    {
      "line": "It’s because you got me dead",
      "annotations": {},
      "timestamp": "0"
    },
    {
      "line": "I’ll be your better",
      "annotations": {},
      "timestamp": "0"
    },
    {
      "line": "If you only heard",
      "annotations": {},
      "timestamp": "0"
    },
    {
      "line": "How I choked",
      "annotations": {},
      "timestamp": "0"
    },
    {
      "line": "Every time you told me you love me",
      "annotations": {},
      "timestamp": "0"
    },
    {
      "line": "How I plot every time I thought I had it",
      "annotations": {},
      "timestamp": "0"
    },
    {
      "line": "Something from me make you chose me",
      "annotations": {},
      "timestamp": "0"
    },
    {
      "line": "Now I'm feeling like I can’t get enough of it",
      "annotations": {},
      "timestamp": "0"
    },
    {
      "line": "I can’t",
      "annotations": {},
      "timestamp": "0"
    },
    {
      "line": "I can’t",
      "annotations": {},
      "timestamp": "0"
    },
    {
      "line": "I can’t",
      "annotations": {},
      "timestamp": "0"
    },
    {
      "line": "Get enough of it",
      "annotations": {},
      "timestamp": "0"
    },
    {
      "line": "You just plunged for nothing girl",
      "annotations": {},
      "timestamp": "0"
    },
    {
      "line": "But it’ll be fine",
      "annotations": {},
      "timestamp": "0"
    }
  ]
}