{
  "song_title": "Above",
  "writer": "Frith Hilton",
  "release_date": "January 18, 2023",
  "cover": "https://frithhilton.com.ng/musicpool/covers/2/35.jpg",
  "id": "35",
  "lyrics": [
    {
      "line": "I think I'm above it",
      "annotations": {},
      "timestamp": "0"
    },
    {
      "line": "I’m tryna find you",
      "annotations": {},
      "timestamp": "0"
    },
    {
      "line": "Tryna survive",
      "annotations": {},
      "timestamp": "0"
    },
    {
      "line": "And now I found you",
      "annotations": {},
      "timestamp": "0"
    },
    {
      "line": "Keep fighting",
      "annotations": {},
      "timestamp": "0"
    },
    {
      "line": "Get it right",
      "annotations": {},
      "timestamp": "0"
    },
    {
      "line": "I tell myself",
      "annotations": {},
      "timestamp": "0"
    },
    {
      "line": "Only I can’t really find myself",
      "annotations": {},
      "timestamp": "0"
    },
    {
      "line": "Feels like",
      "annotations": {},
      "timestamp": "0"
    },
    {
      "line": "She want me starting loving mine",
      "annotations": {},
      "timestamp": "0"
    },
    {
      "line": "Got stuck with you",
      "annotations": {},
      "timestamp": "0"
    },
    {
      "line": "Cos you always in my rear view",
      "annotations": {},
      "timestamp": "0"
    },
    {
      "line": "And I'm racing",
      "annotations": {},
      "timestamp": "0"
    },
    {
      "line": "Right back to you",
      "annotations": {},
      "timestamp": "0"
    },
    {
      "line": "Feel you crossing through the stairs",
      "annotations": {},
      "timestamp": "0"
    },
    {
      "line": "I can’t find you",
      "annotations": {},
      "timestamp": "0"
    },
    {
      "line": "Her seed above it",
      "annotations": {},
      "timestamp": "0"
    },
    {
      "line": "But I can’t till",
      "annotations": {},
      "timestamp": "0"
    },
    {
      "line": "Come above it",
      "annotations": {},
      "timestamp": "0"
    },
    {
      "line": "I’m drowning in deep waters",
      "annotations": {},
      "timestamp": "0"
    },
    {
      "line": "So you find me in gills",
      "annotations": {},
      "timestamp": "0"
    },
    {
      "line": "I can’t get enough of this",
      "annotations": {},
      "timestamp": "0"
    },
    {
      "line": "Julian",
      "annotations": {},
      "timestamp": "0"
    },
    {
      "line": "….",
      "annotations": {},
      "timestamp": "0"
    },
    {
      "line": "Tell me if it is real",
      "annotations": {},
      "timestamp": "0"
    },
    {
      "line": "Look in me",
      "annotations": {},
      "timestamp": "0"
    },
    {
      "line": "Out my mind",
      "annotations": {},
      "timestamp": "0"
    },
    {
      "line": "The voices in my head don’t celebrate",
      "annotations": {},
      "timestamp": "0"
    },
    {
      "line": "And you’re always kinging me like I'm about to go insane",
      "annotations": {},
      "timestamp": "0"
    },
    {
      "line": "",
      "annotations": {},
      "timestamp": "0"
    },
    {
      "line": "[The more sane than the sane voice]",
      "annotations": {},
      "timestamp": "0"
    },
    {
      "line": "But I know",
      "annotations": {},
      "timestamp": "0"
    },
    {
      "line": "I still feel the pain",
      "annotations": {},
      "timestamp": "0"
    },
    {
      "line": "When I pick up my phone",
      "annotations": {},
      "timestamp": "0"
    },
    {
      "line": "When I look at your photos",
      "annotations": {},
      "timestamp": "0"
    },
    {
      "line": "I really know those",
      "annotations": {},
      "timestamp": "0"
    },
    {
      "line": "You got mе",
      "annotations": {},
      "timestamp": "0"
    },
    {
      "line": "Got me stuck in this place",
      "annotations": {},
      "timestamp": "0"
    },
    {
      "line": "Like I still didn’t hit him back",
      "annotations": {},
      "timestamp": "0"
    },
    {
      "line": "I got nothing in my brain",
      "annotations": {},
      "timestamp": "0"
    },
    {
      "line": "You don’t think",
      "annotations": {},
      "timestamp": "0"
    },
    {
      "line": "That’s rеally jewel",
      "annotations": {},
      "timestamp": "0"
    },
    {
      "line": "It’s a fvcking brain rut",
      "annotations": {},
      "timestamp": "0"
    },
    {
      "line": "Got me feeling like",
      "annotations": {},
      "timestamp": "0"
    },
    {
      "line": "I can’t keep this shit",
      "annotations": {},
      "timestamp": "0"
    },
    {
      "line": "On my own",
      "annotations": {},
      "timestamp": "0"
    },
    {
      "line": "You’re sure my misery",
      "annotations": {},
      "timestamp": "0"
    },
    {
      "line": "You got me really looking like a show",
      "annotations": {},
      "timestamp": "0"
    }
  ]
}