{
  "song_title": "Warden",
  "writer": "Frith Hilton",
  "release_date": "July 26, 2021",
  "cover": "https://frithhilton.com.ng/musicpool/covers/2/36.jpg",
  "mp3_url": "https://frithhilton.com.ng/mp3/2/27.) Warden.mp3",
  "duration": 192.05224489795918,
  "id": "36",
  "lyrics": [
    {
      "line": "[Intro]",
      "annotations": {},
      "timestamp": "0"
    },
    {
      "line": "Toodle(oo)",
      "annotations": {},
      "timestamp": "0"
    },
    {
      "line": "I don’t want no dullards",
      "annotations": {},
      "timestamp": "0"
    },
    {
      "line": "I don’t want dullards",
      "annotations": {},
      "timestamp": "0"
    },
    {
      "line": "Ah ah",
      "annotations": {},
      "timestamp": "0"
    },
    {
      "line": "I want no dullards",
      "annotations": {},
      "timestamp": "0"
    },
    {
      "line": "I just want dollars",
      "annotations": {},
      "timestamp": "0"
    },
    {
      "line": "Ah!",
      "annotations": {},
      "timestamp": "0"
    },
    {
      "line": "",
      "annotations": {},
      "timestamp": "0"
    },
    {
      "line": "[Verse 1]",
      "annotations": {},
      "timestamp": "0"
    },
    {
      "line": "All my life I thought I had it",
      "annotations": {},
      "timestamp": "0"
    },
    {
      "line": "I thought I had it figured out",
      "annotations": {},
      "timestamp": "0"
    },
    {
      "line": "All my life I thought I had it",
      "annotations": {},
      "timestamp": "0"
    },
    {
      "line": "But now I think I gotta figure with . . .",
      "annotations": {},
      "timestamp": "0"
    },
    {
      "line": "My man say: you got till the end of the month",
      "annotations": {},
      "timestamp": "0"
    },
    {
      "line": "Soon I'm erasing all this shit",
      "annotations": {},
      "timestamp": "0"
    },
    {
      "line": "Like I . . .",
      "annotations": {},
      "timestamp": "0"
    },
    {
      "line": "I’ve got faces",
      "annotations": {},
      "timestamp": "0"
    },
    {
      "line": "I’m just tryna count the frames",
      "annotations": {},
      "timestamp": "0"
    },
    {
      "line": "Oh my lord",
      "annotations": {},
      "timestamp": "0"
    },
    {
      "line": "I’m screening on this bitch",
      "annotations": {},
      "timestamp": "0"
    },
    {
      "line": "Ain’t nobody telling me how to move my cellular closer than I ever",
      "annotations": {},
      "timestamp": "0"
    },
    {
      "line": "Got that girl like",
      "annotations": {},
      "timestamp": "0"
    },
    {
      "line": "Oh!",
      "annotations": {},
      "timestamp": "0"
    },
    {
      "line": "Talking like you ever had this cell",
      "annotations": {},
      "timestamp": "0"
    },
    {
      "line": "Now I'm putting him where he, the fucking Niggers belong",
      "annotations": {},
      "timestamp": "0"
    },
    {
      "line": "Don’t count the fucking house",
      "annotations": {},
      "timestamp": "0"
    },
    {
      "line": "I’m switching up on all my regular reasons",
      "annotations": {},
      "timestamp": "0"
    },
    {
      "line": "I’m tryna find out why I never fucking pity",
      "annotations": {},
      "timestamp": "0"
    },
    {
      "line": "I’m so pinned on my sheet",
      "annotations": {},
      "timestamp": "0"
    },
    {
      "line": "I might just take my tache",
      "annotations": {},
      "timestamp": "0"
    },
    {
      "line": "Tell chantеl",
      "annotations": {},
      "timestamp": "0"
    },
    {
      "line": "She got me on another lovе",
      "annotations": {},
      "timestamp": "0"
    },
    {
      "line": "All my reasons got me feeling so sober",
      "annotations": {},
      "timestamp": "0"
    },
    {
      "line": "And I'm still feeling older",
      "annotations": {},
      "timestamp": "0"
    },
    {
      "line": "And I'm still feeling bothered",
      "annotations": {},
      "timestamp": "0"
    },
    {
      "line": "He’s never had a rudder",
      "annotations": {},
      "timestamp": "0"
    },
    {
      "line": "All we ever had was a oar",
      "annotations": {},
      "timestamp": "0"
    },
    {
      "line": "So we moving",
      "annotations": {},
      "timestamp": "0"
    },
    {
      "line": "So we moving",
      "annotations": {},
      "timestamp": "0"
    },
    {
      "line": "Now we moving on",
      "annotations": {},
      "timestamp": "0"
    },
    {
      "line": "Ain’t nobody steering at my fucking stern",
      "annotations": {},
      "timestamp": "0"
    },
    {
      "line": "Ain’t nobody balling my fucking bowl",
      "annotations": {},
      "timestamp": "0"
    },
    {
      "line": "So I told them I'ma be damn bold",
      "annotations": {},
      "timestamp": "0"
    },
    {
      "line": "You ain’t never gonna man me up",
      "annotations": {},
      "timestamp": "0"
    },
    {
      "line": "Feeling like you ever had the fucking rowdy up",
      "annotations": {},
      "timestamp": "0"
    },
    {
      "line": "I’m always fucking all the rimae",
      "annotations": {},
      "timestamp": "0"
    },
    {
      "line": "With my fucking, okay I c ck",
      "annotations": {},
      "timestamp": "0"
    },
    {
      "line": "Ca (u)cu(s) circle",
      "annotations": {},
      "timestamp": "0"
    },
    {
      "line": "Act like her?",
      "annotations": {},
      "timestamp": "0"
    },
    {
      "line": "She wasn’t even caught",
      "annotations": {},
      "timestamp": "0"
    },
    {
      "line": "Put my freak on you",
      "annotations": {},
      "timestamp": "0"
    },
    {
      "line": "You like talk spam",
      "annotations": {},
      "timestamp": "0"
    },
    {
      "line": "We so close",
      "annotations": {},
      "timestamp": "0"
    },
    {
      "line": "Feeling cute . . . you were co umpteen?",
      "annotations": {},
      "timestamp": "0"
    },
    {
      "line": "Laevu(lose) aura",
      "annotations": {},
      "timestamp": "0"
    },
    {
      "line": "Ah!",
      "annotations": {},
      "timestamp": "0"
    },
    {
      "line": "At this!",
      "annotations": {},
      "timestamp": "0"
    },
    {
      "line": "She didn’t mail my shit",
      "annotations": {},
      "timestamp": "0"
    },
    {
      "line": "And I bought her",
      "annotations": {},
      "timestamp": "0"
    },
    {
      "line": "(into her distractions)",
      "annotations": {},
      "timestamp": "0"
    },
    {
      "line": "Drugs are my shit",
      "annotations": {},
      "timestamp": "0"
    },
    {
      "line": "And I want out",
      "annotations": {},
      "timestamp": "0"
    },
    {
      "line": "I’m not even in for your sober",
      "annotations": {},
      "timestamp": "0"
    },
    {
      "line": "",
      "annotations": {},
      "timestamp": "0"
    },
    {
      "line": "[Outro]",
      "annotations": {},
      "timestamp": "0"
    },
    {
      "line": "As I say like a fucking outro",
      "annotations": {},
      "timestamp": "0"
    },
    {
      "line": "Chilling with my voice like a fucking cackle",
      "annotations": {},
      "timestamp": "0"
    },
    {
      "line": "You can come around if you’re fucking",
      "annotations": {},
      "timestamp": "0"
    },
    {
      "line": "In the fucking handle",
      "annotations": {},
      "timestamp": "0"
    },
    {
      "line": "I’m still acting like I got no fucking handle",
      "annotations": {},
      "timestamp": "0"
    },
    {
      "line": "But you can find me on valenceeve if you got a bundle",
      "annotations": {},
      "timestamp": "0"
    },
    {
      "line": "Oh boy!",
      "annotations": {},
      "timestamp": "0"
    },
    {
      "line": "I’m feeling fondue",
      "annotations": {},
      "timestamp": "0"
    },
    {
      "line": "Rondeau is a poem I wrote like hands do",
      "annotations": {},
      "timestamp": "0"
    },
    {
      "line": "You ain’t never gonna find me outside",
      "annotations": {},
      "timestamp": "0"
    },
    {
      "line": "My girl see betty get ready",
      "annotations": {},
      "timestamp": "0"
    },
    {
      "line": "I’ma fucking hit you with a cl!ck",
      "annotations": {},
      "timestamp": "0"
    }
  ]
}