{
  "song_title": "Colourful light",
  "writer": "Frith Hilton",
  "release_date": "August 6, 2021",
  "cover": "https://frithhilton.com.ng/musicpool/covers/2/38.jpg",
  "mp3_url": "https://frithhilton.com.ng/mp3/2/19.) Colourful light.mp3",
  "duration": 155.16734693877552,
  "id": "38",
  "lyrics": [
    {
      "line": "[Intro]",
      "annotations": {},
      "timestamp": "0"
    },
    {
      "line": "Theo, theo",
      "annotations": {},
      "timestamp": "0"
    },
    {
      "line": "I ‘on’t know if this is on the link",
      "annotations": {},
      "timestamp": "0"
    },
    {
      "line": "But I'm chained daunt",
      "annotations": {},
      "timestamp": "0"
    },
    {
      "line": "",
      "annotations": {},
      "timestamp": "0"
    },
    {
      "line": "[Verse 1]",
      "annotations": {},
      "timestamp": "0"
    },
    {
      "line": "Hubbub, dud dud, dotted, hovered",
      "annotations": {},
      "timestamp": "0"
    },
    {
      "line": "Sorted",
      "annotations": {},
      "timestamp": "0"
    },
    {
      "line": "Ordered, corded, brothered, lauded",
      "annotations": {},
      "timestamp": "0"
    },
    {
      "line": "Forever",
      "annotations": {},
      "timestamp": "0"
    },
    {
      "line": "",
      "annotations": {},
      "timestamp": "0"
    },
    {
      "line": "[Bridge]",
      "annotations": {},
      "timestamp": "0"
    },
    {
      "line": "Accrue heave it all away",
      "annotations": {},
      "timestamp": "0"
    },
    {
      "line": "A trot to",
      "annotations": {},
      "timestamp": "0"
    },
    {
      "line": "Hit trip",
      "annotations": {},
      "timestamp": "0"
    },
    {
      "line": "From the train",
      "annotations": {},
      "timestamp": "0"
    },
    {
      "line": "Uh oh",
      "annotations": {},
      "timestamp": "0"
    },
    {
      "line": "Trestle for the sad sod",
      "annotations": {},
      "timestamp": "0"
    },
    {
      "line": "Fret through how the ardour",
      "annotations": {},
      "timestamp": "0"
    },
    {
      "line": "Yeah!",
      "annotations": {},
      "timestamp": "0"
    },
    {
      "line": "",
      "annotations": {},
      "timestamp": "0"
    },
    {
      "line": "[Chorus]",
      "annotations": {},
      "timestamp": "0"
    },
    {
      "line": "I’ll ride for you on shadowless night",
      "annotations": {},
      "timestamp": "0"
    },
    {
      "line": "Pray thine . . .",
      "annotations": {},
      "timestamp": "0"
    },
    {
      "line": "A colourful light",
      "annotations": {},
      "timestamp": "0"
    },
    {
      "line": "Oh oh",
      "annotations": {},
      "timestamp": "0"
    },
    {
      "line": "Colourful light",
      "annotations": {},
      "timestamp": "0"
    },
    {
      "line": "Colourful light",
      "annotations": {},
      "timestamp": "0"
    },
    {
      "line": "I’ll ride for you on shadowless night",
      "annotations": {},
      "timestamp": "0"
    },
    {
      "line": "Pray thine a colourful light",
      "annotations": {},
      "timestamp": "0"
    },
    {
      "line": "",
      "annotations": {},
      "timestamp": "0"
    },
    {
      "line": "[Verse 2]",
      "annotations": {},
      "timestamp": "0"
    },
    {
      "line": "I’ll never get enough",
      "annotations": {},
      "timestamp": "0"
    },
    {
      "line": "Patch over my love",
      "annotations": {},
      "timestamp": "0"
    },
    {
      "line": "Saddle wrath on my heart",
      "annotations": {},
      "timestamp": "0"
    },
    {
      "line": "Sodden, sodden",
      "annotations": {},
      "timestamp": "0"
    },
    {
      "line": "Soddеn in grateful love",
      "annotations": {},
      "timestamp": "0"
    },
    {
      "line": "Sodden, soddеn",
      "annotations": {},
      "timestamp": "0"
    },
    {
      "line": "Sodden in grateful love",
      "annotations": {},
      "timestamp": "0"
    },
    {
      "line": "",
      "annotations": {},
      "timestamp": "0"
    },
    {
      "line": "[Outro]",
      "annotations": {},
      "timestamp": "0"
    },
    {
      "line": "I’ll ride for you on shadowless night",
      "annotations": {},
      "timestamp": "0"
    },
    {
      "line": "Pray thine . . .",
      "annotations": {},
      "timestamp": "0"
    },
    {
      "line": "Colourful light",
      "annotations": {},
      "timestamp": "0"
    },
    {
      "line": "Colourful light",
      "annotations": {},
      "timestamp": "0"
    },
    {
      "line": "Oh oh",
      "annotations": {},
      "timestamp": "0"
    },
    {
      "line": "For your colourful light",
      "annotations": {},
      "timestamp": "0"
    },
    {
      "line": "I’ll ride for you on shadowless night",
      "annotations": {},
      "timestamp": "0"
    },
    {
      "line": "Pray thine . . .",
      "annotations": {},
      "timestamp": "0"
    },
    {
      "line": "A colourful light",
      "annotations": {},
      "timestamp": "0"
    }
  ]
}