{
  "song_title": "Gravity",
  "writer": "Frith Hilton",
  "release_date": "January 18, 2023",
  "cover": "https://frithhilton.com.ng/musicpool/covers/2/39.jpg",
  "mp3_url": "https://frithhilton.com.ng/mp3/2/21.) Gravity.mp3",
  "duration": 98.856,
  "id": "39",
  "lyrics": [
    {
      "line": "Ctrl",
      "annotations": {},
      "timestamp": "0"
    },
    {
      "line": "Scrambling fending handy:",
      "annotations": {},
      "timestamp": "0"
    },
    {
      "line": "Let’s say I figure the squeeze",
      "annotations": {},
      "timestamp": "0"
    },
    {
      "line": "Ctrl",
      "annotations": {},
      "timestamp": "0"
    },
    {
      "line": "Let’s say am",
      "annotations": {},
      "timestamp": "0"
    },
    {
      "line": "Scribbling scribbling",
      "annotations": {},
      "timestamp": "0"
    },
    {
      "line": "With these words",
      "annotations": {},
      "timestamp": "0"
    },
    {
      "line": "Take a scissor and cut it out with these words",
      "annotations": {},
      "timestamp": "0"
    },
    {
      "line": "I’m not cut out for this shit",
      "annotations": {},
      "timestamp": "0"
    },
    {
      "line": "But I put the bull",
      "annotations": {},
      "timestamp": "0"
    },
    {
      "line": "I’m acting like a matador",
      "annotations": {},
      "timestamp": "0"
    },
    {
      "line": "So you know I come through red",
      "annotations": {},
      "timestamp": "0"
    },
    {
      "line": "With this shit with my girl",
      "annotations": {},
      "timestamp": "0"
    },
    {
      "line": "Driving through, is that a merciless k!ll?",
      "annotations": {},
      "timestamp": "0"
    },
    {
      "line": "You know I got no spec on",
      "annotations": {},
      "timestamp": "0"
    },
    {
      "line": "But my temple hit you harder than these thoughts could ever …",
      "annotations": {},
      "timestamp": "0"
    },
    {
      "line": "Come and love me with these damn body",
      "annotations": {},
      "timestamp": "0"
    },
    {
      "line": "My girl looking closer than your shorty could ever",
      "annotations": {},
      "timestamp": "0"
    },
    {
      "line": "Don done don’t",
      "annotations": {},
      "timestamp": "0"
    },
    {
      "line": "I mean dote on me",
      "annotations": {},
      "timestamp": "0"
    },
    {
      "line": "Dote on her",
      "annotations": {},
      "timestamp": "0"
    },
    {
      "line": "Loving this",
      "annotations": {},
      "timestamp": "0"
    },
    {
      "line": "Eh!",
      "annotations": {},
      "timestamp": "0"
    },
    {
      "line": "I’m filled with so much hate",
      "annotations": {},
      "timestamp": "0"
    },
    {
      "line": "They wanna k!ll me so slow",
      "annotations": {},
      "timestamp": "0"
    },
    {
      "line": "So I crib on these Niggas",
      "annotations": {},
      "timestamp": "0"
    },
    {
      "line": "Yh I took them whole",
      "annotations": {},
      "timestamp": "0"
    },
    {
      "line": "I’m not loving nobody",
      "annotations": {},
      "timestamp": "0"
    },
    {
      "line": "Better get it through",
      "annotations": {},
      "timestamp": "0"
    },
    {
      "line": "But I body every Nigga",
      "annotations": {},
      "timestamp": "0"
    },
    {
      "line": "Better get it. view",
      "annotations": {},
      "timestamp": "0"
    },
    {
      "line": "Loving with a fvcking loupe",
      "annotations": {},
      "timestamp": "0"
    },
    {
      "line": "I need a fvcking monocle",
      "annotations": {},
      "timestamp": "0"
    },
    {
      "line": "Just to get my honey cool",
      "annotations": {},
      "timestamp": "0"
    },
    {
      "line": "I think I'm lost with these b tter cools",
      "annotations": {},
      "timestamp": "0"
    },
    {
      "line": "But I put the girl in the right side",
      "annotations": {},
      "timestamp": "0"
    },
    {
      "line": "Call that shit a bother too. ??",
      "annotations": {},
      "timestamp": "0"
    }
  ]
}