{
  "song_title": "Malady",
  "writer": "Frith Hilton",
  "release_date": "June 22, 2020",
  "cover": "https://frithhilton.com.ng/musicpool/covers/2/40.jpg",
  "mp3_url": "https://frithhilton.com.ng/mp3/2/23.) Malady.mp3",
  "duration": 175.6734693877551,
  "id": "40",
  "lyrics": [
    {
      "line": "[Verse 1]",
      "annotations": {},
      "timestamp": "0"
    },
    {
      "line": "Why does it feel",
      "annotations": {},
      "timestamp": "0"
    },
    {
      "line": "I can’t get it right",
      "annotations": {},
      "timestamp": "0"
    },
    {
      "line": "I can’t get it right",
      "annotations": {},
      "timestamp": "0"
    },
    {
      "line": "Got me like kim curves",
      "annotations": {},
      "timestamp": "0"
    },
    {
      "line": "It’s a male beef",
      "annotations": {},
      "timestamp": "0"
    },
    {
      "line": "It is a malady",
      "annotations": {},
      "timestamp": "0"
    },
    {
      "line": "I can’t get it right",
      "annotations": {},
      "timestamp": "0"
    },
    {
      "line": "I can’t get it right",
      "annotations": {},
      "timestamp": "0"
    },
    {
      "line": "I can’t get it right",
      "annotations": {},
      "timestamp": "0"
    },
    {
      "line": "Her kinda love weighs a malady",
      "annotations": {},
      "timestamp": "0"
    },
    {
      "line": "Got me feeling bad",
      "annotations": {},
      "timestamp": "0"
    },
    {
      "line": "Got me feeling bad",
      "annotations": {},
      "timestamp": "0"
    },
    {
      "line": "Whoa",
      "annotations": {},
      "timestamp": "0"
    },
    {
      "line": "You should call me daddy",
      "annotations": {},
      "timestamp": "0"
    },
    {
      "line": "Girl let me love you",
      "annotations": {},
      "timestamp": "0"
    },
    {
      "line": "Got me feeling like",
      "annotations": {},
      "timestamp": "0"
    },
    {
      "line": "This ain’t never running out",
      "annotations": {},
      "timestamp": "0"
    },
    {
      "line": "I’m running on",
      "annotations": {},
      "timestamp": "0"
    },
    {
      "line": "Got my cheeks pressed to the fucking cpu",
      "annotations": {},
      "timestamp": "0"
    },
    {
      "line": "I could never get my mind it’s because of you",
      "annotations": {},
      "timestamp": "0"
    },
    {
      "line": "Got me feeling like girl this is another thought",
      "annotations": {},
      "timestamp": "0"
    },
    {
      "line": "Got me feeling like this what the fuck I want",
      "annotations": {},
      "timestamp": "0"
    },
    {
      "line": "And I don’t really know if this is a clot",
      "annotations": {},
      "timestamp": "0"
    },
    {
      "line": "Cos I'm not healing and I don’t know what is wrong",
      "annotations": {},
      "timestamp": "0"
    },
    {
      "line": "Got me feeling like baby I can never hit you",
      "annotations": {},
      "timestamp": "0"
    },
    {
      "line": "Cos you hiding behind the boulder",
      "annotations": {},
      "timestamp": "0"
    },
    {
      "line": "My thoughts I can’t get them right",
      "annotations": {},
      "timestamp": "0"
    },
    {
      "line": "Got me feeling like your love is a malady",
      "annotations": {},
      "timestamp": "0"
    },
    {
      "line": "My thoughts I can’t fucking get them right girl",
      "annotations": {},
      "timestamp": "0"
    },
    {
      "line": "Got me feeling like our love is a malady",
      "annotations": {},
      "timestamp": "0"
    },
    {
      "line": "And I don’t wanna press the red b tton",
      "annotations": {},
      "timestamp": "0"
    },
    {
      "line": "But if I don’t get it right",
      "annotations": {},
      "timestamp": "0"
    },
    {
      "line": "I’ma choke it out",
      "annotations": {},
      "timestamp": "0"
    },
    {
      "line": "I’ma choke it out",
      "annotations": {},
      "timestamp": "0"
    },
    {
      "line": "damn, damn",
      "annotations": {},
      "timestamp": "0"
    },
    {
      "line": "Yeah!",
      "annotations": {},
      "timestamp": "0"
    },
    {
      "line": "That’s the shit right there now",
      "annotations": {},
      "timestamp": "0"
    },
    {
      "line": "One time for the stars",
      "annotations": {},
      "timestamp": "0"
    },
    {
      "line": "Hit it on the . . .",
      "annotations": {},
      "timestamp": "0"
    },
    {
      "line": "Hit it on the back",
      "annotations": {},
      "timestamp": "0"
    },
    {
      "line": "Yeah!",
      "annotations": {},
      "timestamp": "0"
    },
    {
      "line": "My fucking love is true",
      "annotations": {},
      "timestamp": "0"
    },
    {
      "line": "Don’t you cover it in blue",
      "annotations": {},
      "timestamp": "0"
    },
    {
      "line": "If my love is true, don’t you cover it in blue soul",
      "annotations": {},
      "timestamp": "0"
    },
    {
      "line": "This ain’t no . . .",
      "annotations": {},
      "timestamp": "0"
    },
    {
      "line": "This ain’t no cloak",
      "annotations": {},
      "timestamp": "0"
    },
    {
      "line": "This is . . .",
      "annotations": {},
      "timestamp": "0"
    },
    {
      "line": "This is the fucking truth",
      "annotations": {},
      "timestamp": "0"
    },
    {
      "line": "I can’t get my thoughts right",
      "annotations": {},
      "timestamp": "0"
    },
    {
      "line": "Got me feeling like your thought is a malady",
      "annotations": {},
      "timestamp": "0"
    },
    {
      "line": "Ah!",
      "annotations": {},
      "timestamp": "0"
    },
    {
      "line": "I can’t get my fucking thoughts right",
      "annotations": {},
      "timestamp": "0"
    },
    {
      "line": "Got me feeling like your turf is a malady",
      "annotations": {},
      "timestamp": "0"
    },
    {
      "line": "Chilling with my voice like a fucking cackle",
      "annotations": {},
      "timestamp": "0"
    },
    {
      "line": "A ham?",
      "annotations": {},
      "timestamp": "0"
    },
    {
      "line": "fuck that shit men",
      "annotations": {},
      "timestamp": "0"
    }
  ]
}