{
  "song_title": "Broken ship",
  "writer": "Frith Hilton",
  "release_date": "October 10, 2021",
  "cover": "https://frithhilton.com.ng/musicpool/covers/2/41.jpg",
  "id": "41",
  "lyrics": [
  {
    "line": "[Verse 1]",
    "annotations": {}
  },
  {
    "line": "No, you don't have to go ",
    "annotations": {}
  },
  {
    "line": "You don't have to go",
    "annotations": {}
  },
  {
    "line": "No, you don't have to go",
    "annotations": {}
  },
  {
    "line": "Baby come on pull me close",
    "annotations": {}
  },
  {
    "line": "You don't have to go",
    "annotations": {}
  },
  {
    "line": "You don't have to go",
    "annotations": {}
  },
  {
    "line": "You don't have to go",
    "annotations": {}
  },
  {
    "line": "Baby, come on keep me close",
    "annotations": {}
  },
  {
    "line": "I wanna love you",
    "annotations": {}
  },
  {
    "line": "Loving every inch of your body",
    "annotations": {}
  },
  {
    "line": "You make me do things",
    "annotations": {}
  },
  {
    "line": "I can't explain, and all I know is",
    "annotations": {}
  },
  {
    "line": "That I'm so in love, in love with you",
    "annotations": {}
  },
  {
    "line": "With you, I'm so in love, in love with you",
    "annotations": {}
  },
  {
    "line": "I'm so in love, I'm so in love ",
    "annotations": {}
  },
  {
    "line": "In love with you",
    "annotations": {}
  },
  {
    "line": "I'm so in love with you",
    "annotations": {}
  },
  {
    "line": "I can't get you out of my head",
    "annotations": {}
  },
  {
    "line": "No, no, no, no",
    "annotations": {}
  },
  {
    "line": "Baby, you've gotta let me know",
    "annotations": {}
  },
  {
    "line": "How is it gal, you feel about me",
    "annotations": {}
  },
  {
    "line": "Cos I've been in the booth",
    "annotations": {}
  },
  {
    "line": "Tryna spit this shit like it's the truth",
    "annotations": {}
  },
  {
    "line": "And you know, you know",
    "annotations": {}
  },
  {
    "line": "My heart beats for you",
    "annotations": {}
  },
  {
    "line": "You know that ill do anything for you",
    "annotations": {}
  },
  {
    "line": "Even if ... it's ",
    "annotations": {}
  }]
}